,Date,Open,High,Low,Close,Adj Close,gm_week,gm_2_weeks,gm_3_weeks,gm_4_weeks,gm_6_weeks,gm_5_weeks,pr_week,pr_2_weeks,pr_3_weeks,pr_4_weeks,pr_5_weeks,pr_6_weeks,Volume
0,2012-09-04,0.005541034238247811,0.007080175356623641,-0.0049253346940844045,0.2113036272418507,0.0,,,,,,,,,,,,,28108.89644282136
1,2012-09-05,0.0011026937618148214,0.004095809703843711,-0.007561436672967825,0.18352398143433435,-0.005483456029483302,,,,,,,,,,,,,30154.954631379962
2,2012-09-06,-0.013026789272030603,0.0061302988505747,-0.01379313409961691,0.22323147723844627,0.0278828350835012,,,,,,,,,,,,,45384.44061302682
3,2012-09-07,-0.008124003314209816,0.006794786120891683,-0.008862614868358043,0.23473331975065825,0.03754784067474737,,,,,,,,,,,,,60216.13708495438
4,2012-09-10,0.008638695392295004,0.01474527874211029,-0.0007447572348042719,0.18020572775610133,-0.008271741089648788,,,,,,,,,,,,,34985.595695361866
5,2012-09-11,-0.013578625013246581,0.0030661265313511876,-0.014892641696383269,0.2139781012453157,0.02010724625659055,,,,,,,,,,,,,40356.717633456494
6,2012-09-12,0.005820750788405826,0.006693815385713009,-0.006693815385712787,0.19404590546947897,0.0033582019336975133,-3.4155203779852816,,,,,,0.5714285714285714,,,,,,36848.533806031235
7,2012-09-13,-0.025386483466558474,0.005389263781328646,-0.03105945167892643,0.22104758329302854,0.026047779065862642,-4.514059177409802,,,,,,0.7142857142857143,,,,,,44613.94696880026
8,2012-09-14,0.00083006365287841,0.009961275732723651,-0.0016601411408431188,0.21992298653758935,0.025102666866791745,-5.113046772375651,,,,,,0.8571428571428571,,,,,,89842.66477370869
9,2012-09-17,0.01164740354624172,0.012910440277562829,-0.003368018429188324,0.17325589120233453,-0.014111752208889494,-2.550015982001297,,,,,,0.7142857142857143,,,,,,31181.990985602275
10,2012-09-18,-0.006330964931599015,0.001969597581046756,-0.009003938970063463,0.18704355688206342,-0.002526007909838146,-1.623918299722693,,,,,,0.5714285714285714,,,,,,31670.355327198784
11,2012-09-19,-0.00028092160719306314,0.00590050576004475,-0.004917083450407644,0.19172383790727543,0.001406997582046321,-0.9513161034208184,,,,,,0.7142857142857143,,,,,,30406.41781399269
12,2012-09-20,-0.008410605604829646,0.0015680683800978201,-0.012972259074205073,0.17282903458484644,-0.014470402669562787,0.8410541828505647,,,,,,0.5714285714285714,,,,,,28211.40119137844
13,2012-09-21,0.008863517177849056,0.01043606906802319,-0.00042886349230275567,0.1866565746850295,-0.002851165200109418,1.3805883543269504,-1.8666285481355405,,,,,0.42857142857142855,0.49999999999999994,,,,,24253.46851698936
14,2012-09-24,-0.002450245133334472,0.004179893521759626,-0.004468103392970879,0.1803522717103676,-0.008148701255174973,1.9808191464865121,-0.4890134824572123,,,,,0.2857142857142857,0.49999999999999994,,,,,22795.19585454868
15,2012-09-25,0.021451646237192312,0.02600652441982154,-0.0014692771516096048,0.16740817213531756,-0.01902563198576357,3.072925172147234,1.9216328148680573,,,,,0.14285714285714285,0.49999999999999994,,,,,35231.149139939735
16,2012-09-26,0.004744255214718551,0.0069681396724154965,-0.009488495603639624,0.1793835665193606,-0.008962686033340606,3.1981417007190593,3.0763618004932436,,,,,0.14285714285714285,0.4166666666666666,,,,,39208.78676989415
17,2012-09-27,-0.008995865031801165,0.0026117238134568677,-0.012042977714538106,0.21598547394861334,0.021794087815643515,0.5492816827723734,1.0042629715977691,,,,,0.2857142857142857,0.4166666666666666,,,,,35595.344619743024
18,2012-09-28,0.002623524229361296,0.003060763692453561,-0.00743336237526071,0.18469667871732764,-0.004497910411618733,0.46847165363266274,1.613663446086444,,,,,0.14285714285714285,0.4166666666666666,,,,,29311.053209269012
19,2012-10-01,0.003477325564068101,0.016372139222202486,-0.0023181107933112344,0.19716084845370507,0.005975605565767816,-0.3622104268698356,1.0649159660641727,,,,,0.2857142857142857,0.4166666666666666,,,,,27963.35937254532
20,2012-10-02,0.014845059159439122,0.017173628542768604,-0.005676015218687547,0.1847045655231725,-0.004491394218665734,-0.17049005811533569,1.5198461047707168,-0.12058766439031476,,,,0.2857142857142857,0.3333333333333333,0.3846153846153846,,,,23951.845640413998
21,2012-10-03,0.017114237490620354,0.017851859218823485,-0.0032458100213310637,0.1739420505269309,-0.013535129436985316,0.8620311952001192,2.6250876108322885,1.5273499717807004,,,,0.2857142857142857,0.24999999999999994,0.3846153846153846,,,,30903.397033112968
22,2012-10-04,-0.007483536097328325,0.008657314492815482,-0.008657431880926492,0.19654586452341172,0.005458935284551103,0.3332899247806109,1.6350378570550994,1.3024393525296496,,,,0.42857142857142855,0.24999999999999994,0.46153846153846145,,,,40373.173429958224
23,2012-10-05,0.01381137272440136,0.016749912334702133,-0.004260961042049871,0.1884777930228667,-0.0013208064347675075,0.5940244175298259,1.4336167874805739,1.6330219606542018,,,,0.42857142857142855,0.24999999999999994,0.3846153846153846,,,,33983.72036393537
24,2012-10-08,-0.01100352048101405,0.0017604899201590918,-0.012617384822923405,0.1917982533267404,0.001469569690739858,0.2871240920913509,0.9787707966276038,1.5160226191082593,,,,0.42857142857142855,0.3333333333333333,0.3846153846153846,,,,31086.14606296091
25,2012-10-09,0.005296468952530997,0.013388200479797163,-0.0029425334273570636,0.18673200810329993,-0.0027876241924107426,0.43295522449819934,0.9237150995671239,1.8579516108373273,,,,0.42857142857142855,0.24999999999999994,0.3846153846153846,,,,31614.418101877036
26,2012-10-10,0.0039648312471316505,0.005433230702884817,-0.005873729981607401,0.19232546473206225,0.0019125881489217011,0.048244059480206936,0.516038583444467,1.6362407368349263,,,,0.42857142857142855,0.3333333333333333,0.3846153846153846,,,,28921.17412399924
27,2012-10-11,0.005683459384284939,0.009180952673522924,-0.0020402214205673674,0.19913649244797438,0.007635800978580631,-0.7286507291129007,-0.38410807248571155,0.8591081523649402,-0.1743608642961969,,,0.5714285714285714,0.4166666666666666,0.3846153846153846,0.4705882352941177,,,30816.544557670743
28,2012-10-12,0.007462716269400982,0.01155986312905255,-0.003804419303741313,0.18519346081869692,-0.004080627914630375,-0.20484138718449563,-0.08464731480407606,1.121157086048652,0.4703499836154812,,,0.5714285714285714,0.4166666666666666,0.3076923076923077,0.4705882352941177,,,18158.205042973663
29,2012-10-15,-0.0024828099535151305,0.0035051554913807514,-0.010515568708696188,0.19231347364356877,0.0019024251902972633,-0.32756888370690795,-0.2315952134640309,0.664172118966122,0.5398566747802924,,,0.5714285714285714,0.49999999999999994,0.3076923076923077,0.5294117647058825,,,22766.635128265883
30,2012-10-16,-0.004343990858499458,0.003475311424133043,-0.0065160297282371715,0.2003039935936508,0.008616969757917703,-0.9722431893217864,-0.9174284678192923,-0.3475337165156911,-0.12205674726307736,,,0.7142857142857143,0.5833333333333333,0.3846153846153846,0.5294117647058825,,,40646.26442650636
31,2012-10-17,-0.011943206742819013,0.003512716130749327,-0.01686099527500351,0.22640912292634852,0.03055297629185838,-3.303951672219263,-3.6291293394177138,-3.295925245230502,-2.9090245193119535,,,0.7142857142857143,0.5833333333333333,0.46153846153846145,0.5294117647058825,,,69424.32160813043
32,2012-10-18,-0.006540523148614974,0.010019496103263359,-0.007514625556434451,0.20158726230569313,0.009695334259800736,-3.45912006226885,-4.231456085221219,-4.179439078826086,-3.60673141217579,,,0.8571428571428571,0.6666666666666667,0.46153846153846145,0.5882352941176472,,,39062.456177797714
33,2012-10-19,0.01588414416480388,0.017149311458382055,-0.0011245572269408255,0.17812562495806028,-0.010019632336034645,-1.8715603888035504,-3.0493179521335234,-3.1433675018232687,-2.498093621857078,,,0.7142857142857143,0.5833333333333333,0.46153846153846145,0.5294117647058825,,,50587.98018820607
34,2012-10-22,-0.0033430560893848993,0.0039002506769709733,-0.009332748163633608,0.20092289559886778,0.009136733007325981,-2.1292109529463588,-3.620661777946965,-3.8982594492628198,-3.2281502741626666,,-4.091680721301472,0.7142857142857143,0.6666666666666667,0.5384615384615385,0.5294117647058825,0.588235294117647,,32858.72930965693
35,2012-10-23,0.0007137168345336953,0.0028547531502927104,-0.005709306471861297,0.16137178533863716,-0.02409806739010001,0.6382439348582958,-1.0083020296775769,-1.4789885077285514,-0.8614914573129573,,-1.4693374622297695,0.7142857142857143,0.6666666666666667,0.5384615384615385,0.4705882352941177,0.588235294117647,,51733.22928159376
36,2012-10-24,0.006098425582231615,0.009360317419931485,-0.0018437809716698172,0.1976935185435258,0.0064233298664599925,0.4092531126053567,-1.4010254871056116,-1.942320388308938,-1.5838789157027522,,-1.8133293716617427,0.7142857142857143,0.6666666666666667,0.6153846153846153,0.4705882352941177,0.6470588235294117,,28329.732425734437
37,2012-10-25,0.002939529592958179,0.0060190507833410845,-0.006998879983234008,0.20574573607964997,0.01318966641502528,-0.421946360453207,-2.3466356980327174,-2.952873087570196,-2.856057277412105,,-2.843959124555817,0.7142857142857143,0.75,0.6923076923076923,0.5294117647058825,0.6470588235294117,,29580.466137137002
38,2012-10-26,0.003120138898875524,0.006240178521055739,-0.0052475250248893435,0.17455741791541346,-0.013017963814903721,0.7577376834112082,-0.8205594022080209,-1.565472696080883,-1.6036317780027898,,-1.4486386508232085,0.5714285714285714,0.6666666666666667,0.6153846153846153,0.5294117647058825,0.588235294117647,,28973.61270813749
39,2012-10-31,0.008905923350464251,0.009754057386317738,-0.002261747307372053,0.19393125099272757,0.00326185942628765,0.20396594970297777,-0.8633213429160125,-1.7421266115218659,-1.9457577461455267,,-1.62365247795343,0.5714285714285714,0.75,0.6923076923076923,0.5294117647058825,0.6470588235294117,,21306.6059176592
40,2012-11-01,-0.012824059459828896,0.0015333147904463829,-0.013521062545889584,0.20687234246038266,0.014136354877003265,-1.0733275069144566,-1.8827977304849197,-2.93122598074137,-3.233410507232992,,-2.8655143895939594,0.7142857142857143,0.75,0.6923076923076923,0.5882352941176472,0.6470588235294117,,41992.31034271844
41,2012-11-02,0.018891822924009594,0.01931485972085145,-0.001691837022416709,0.1766128383572667,-0.011290855093966434,-0.11681185305904007,-0.5296960700639564,-1.6736800516665484,-2.0790111217989904,-2.4601719301932112,-1.6672372957007187,0.5714285714285714,0.6666666666666667,0.6923076923076923,0.5882352941176472,0.588235294117647,0.5882352941176471,29684.605526575495
42,2012-11-05,-0.0016683164187406563,0.0008341165021548136,-0.006673196162936379,0.20682731725525505,0.014098353691574639,-1.1340287811851257,-1.5560694135632436,-2.7659094257034833,-3.31373182161514,-3.548087597191174,-2.977890476110112,0.7142857142857143,0.75,0.7692307692307692,0.6470588235294117,0.588235294117647,0.6470588235294118,36230.05797302933
43,2012-11-06,-0.00698719021748706,0.004521194808088547,-0.007672256683717071,0.2075867687266948,0.014736562763575378,-2.0844272536233,-2.5433961764035673,-3.862232836672286,-4.476635975175192,-4.638596717444877,-4.35910642843843,0.7142857142857143,0.75,0.7692307692307692,0.7058823529411764,0.588235294117647,0.7058823529411765,28523.456186449
44,2012-11-07,0.0075303445479060205,0.008088160759840646,-0.008227527656219924,0.16918006416713327,-0.017536510994466625,-0.282892832390369,-0.5398815774609433,-1.903839585068401,-2.5594240509904886,-2.7219520573573464,-2.6340317697835847,0.5714285714285714,0.6666666666666667,0.7692307692307692,0.7058823529411764,0.588235294117647,0.6470588235294118,38960.09383574249
45,2012-11-08,0.008273790724268482,0.014443949360368968,-0.00392650410675921,0.18341123916768343,-0.005578329570596674,0.43674423364781223,0.032074388454561564,-1.1432097162874855,-1.8931214203502411,-2.0557259128559213,-2.07863059800677,0.5714285714285714,0.5833333333333333,0.6923076923076923,0.6470588235294117,0.588235294117647,0.5882352941176471,39816.69849439626
46,2012-11-09,-0.0040719039023882075,0.009407441597761412,-0.00505475982793091,0.1885478228781401,-0.0012618933216096417,0.6599258328501945,0.09427503372614332,-0.8010046512610169,-1.6382827697593694,-1.7955762337076853,-1.9533036588952668,0.42857142857142855,0.49999999999999994,0.6923076923076923,0.6470588235294117,0.5294117647058822,0.5882352941176471,33947.32864436495
47,2012-11-12,0.0008410091335953052,0.0030834198481686226,-0.003503854337879586,0.1922217213646924,0.0018252940129965811,0.3984389351793238,-0.06707083127830415,-0.7648373534674624,-1.7008662178851441,-1.8790633628231412,-2.0838889419679485,0.42857142857142855,0.5833333333333333,0.6923076923076923,0.6470588235294117,0.588235294117647,0.5882352941176471,18157.374720627184
48,2012-11-13,-0.0007095643435565124,0.009649510293039398,-0.0024123456447799896,0.1753720251721418,-0.012333283396285033,1.5588957263812375,1.0470283646563994,0.5993530719788254,-0.38417813672129153,-0.5946712241964525,-0.8400978416402305,0.42857142857142855,0.49999999999999994,0.6153846153846153,0.6470588235294117,0.588235294117647,0.5294117647058824,25111.81360702691
49,2012-11-14,0.019855115942029045,0.021159405797101405,-0.001739173913043457,0.16522486695242944,-0.02086022708915436,3.115946953513249,3.0900696582088383,2.788135849337614,1.8012486827962304,1.4710189609653757,1.2567341344944083,0.2857142857142857,0.49999999999999994,0.6153846153846153,0.6470588235294117,0.588235294117647,0.47058823529411764,38356.97101449275
50,2012-11-15,0.00555309074967103,0.009352623118515035,-0.00394557942422924,0.18021872697189423,-0.008260961934660527,3.0229145096069,3.7316704467842854,3.6415534350372925,2.6638427749916316,2.182292557774912,2.1156282938486815,0.14285714285714285,0.4166666666666666,0.5384615384615385,0.5882352941176472,0.588235294117647,0.4117647058823529,33490.158848458275
51,2012-11-16,-0.011052966519692675,0.001018033710935562,-0.01977894066960617,0.19578866755842994,0.004822753290805615,1.9155482040118077,2.9553984241454723,3.1233389791199606,2.2074561238048407,1.6052907854060106,1.6799479602401135,0.2857142857142857,0.4166666666666666,0.5384615384615385,0.6470588235294117,0.6470588235294117,0.47058823529411764,43060.37163870356
52,2012-11-19,-0.011093713869825272,0.0004266534042569603,-0.011804793395101432,0.21687558470518709,0.02254210595599604,-0.534373938687549,0.6654118770837547,0.7917236628161017,0.06348624721370655,-0.6606888677732292,-0.505118217082623,0.42857142857142855,0.49999999999999994,0.5384615384615385,0.6470588235294117,0.6470588235294117,0.5294117647058824,37677.85187537625
53,2012-11-20,-0.002284678027769327,0.004712294798119299,-0.007568170892020221,0.18531017306391995,-0.0039824594402779745,-0.3794252968053802,0.995492768488293,1.0702902972374861,0.5686350612261082,-0.3025913084390597,-0.04936550959273589,0.42857142857142855,0.4166666666666666,0.46153846153846145,0.6470588235294117,0.6470588235294117,0.47058823529411764,38980.86547168164
54,2012-11-21,0.00028751975754759407,0.003594536149768457,-0.003307016392220863,0.18189272115722632,-0.00685419578950186,-0.06161686933020549,1.4675973524352681,1.6589637982036276,1.3371675236412361,0.36493014045206884,0.662216728099918,0.2857142857142857,0.3333333333333333,0.46153846153846145,0.5882352941176472,0.588235294117647,0.47058823529411764,25367.79833060539
55,2012-11-23,-0.010434264253645353,0.0011280598174860934,-0.01071621575623849,0.21349113349811066,0.0196981681981232,-1.901547592043551,-0.4935241000412316,-0.3632626276426798,-0.5046030848053107,-1.5413182990333008,-1.1933059737041063,0.42857142857142855,0.4166666666666666,0.46153846153846145,0.5882352941176472,0.6470588235294117,0.5294117647058824,8662.28281622343
56,2012-11-26,-0.0070126224258363345,0.00014018232229240368,-0.010659214137760942,0.1964258883998813,0.00535805803541245,-1.9635330067949819,-1.0869571256120425,-0.8114601932203036,-0.886596581868393,-2.0019382713392653,-1.5788424414183488,0.5714285714285714,0.4166666666666666,0.5384615384615385,0.6470588235294117,0.7058823529411764,0.5882352941176471,22276.698922396958
57,2012-11-27,0.005796634845328663,0.01244165082249471,-0.0009896648809698538,0.1805358143556186,-0.007994295106401372,-0.7089378231184051,-0.5180756423607602,0.002684026707844289,0.02624683678540407,-1.1223198790517586,-0.6814746054590648,0.5714285714285714,0.3333333333333333,0.46153846153846145,0.5882352941176472,0.6470588235294117,0.5882352941176471,25661.376968936365
58,2012-11-28,-0.01485630034635732,0.00014019621976713026,-0.017799523974759035,0.20048098655950874,0.008765564127062975,-1.0531496650698413,-1.4185542110834892,-0.8722864350204307,-0.7282952627316042,-1.851363923720395,-1.4127475459757788,0.5714285714285714,0.4166666666666666,0.46153846153846145,0.5882352941176472,0.7058823529411764,0.6470588235294118,30771.250336993704
59,2012-11-29,-0.0015231237673342113,0.004153918524592681,-0.0058155357821165765,0.20456034665451628,0.012193513033986525,-1.8673117324426558,-2.516123023137651,-1.9536900099108356,-1.8722588744405355,-2.9249288855963784,-2.4397709016634628,0.5714285714285714,0.49999999999999994,0.5384615384615385,0.5882352941176472,0.7058823529411764,0.6470588235294118,26742.284038448022
60,2012-11-30,0.00041642142675701876,0.005552484653630119,-0.0011105219168445757,0.18708340236290244,-0.0024926773729812,-1.2235025423450119,-2.1912175353964947,-1.622751489744767,-1.6181246523780501,-2.5689851887886195,-2.034559661539903,0.5714285714285714,0.49999999999999994,0.46153846153846145,0.5294117647058825,0.7058823529411764,0.6470588235294118,26498.166761532942
61,2012-12-03,0.01102581965036098,0.012840167122395885,-0.0009769713614244946,0.1836073052406033,-0.005413338951654745,-0.26717849081224765,-1.6289554390451988,-1.0932849858092175,-1.0572300635272591,-1.951291235210173,-1.3597919111699608,0.5714285714285714,0.4166666666666666,0.3846153846153846,0.5294117647058825,0.6470588235294117,0.5882352941176471,15052.73300617633
62,2012-12-04,0.0005575052264807923,0.00473862020905913,-0.004459930313588711,0.19171033336929777,0.0013956215217008072,-0.24091861517139268,-1.6386277544127692,-1.176707019899692,-1.1971146011862777,-1.9870598660266525,-1.3726253605284233,0.5714285714285714,0.49999999999999994,0.46153846153846145,0.5294117647058825,0.6470588235294117,0.6470588235294118,21175.30662020906
63,2012-12-05,-0.0017925814310224553,0.00882524857247291,-0.0051019720808869184,0.20282068760776695,0.01073160907908055,-1.0598005334448213,-2.336293521910293,-2.1872382713059135,-2.1250212734492235,-2.8721063718417095,-2.2551338933669562,0.5714285714285714,0.5833333333333333,0.46153846153846145,0.5882352941176472,0.7058823529411764,0.7058823529411765,51155.92434460525
64,2012-12-06,-0.00027532340901048613,0.0035782271633235663,-0.0027526147672659596,0.19234704904870115,0.001930614234118888,-0.8709906977122261,-2.1086488012997395,-2.397339836010759,-2.2079380398043025,-2.9114760872724466,-2.2787183148162193,0.7142857142857143,0.6666666666666667,0.46153846153846145,0.5882352941176472,0.7058823529411764,0.7058823529411765,23752.09530673849
65,2012-12-07,-0.0006856143907191248,0.003976974875945505,-0.004799753285786079,0.1943077900283683,0.003578190130988368,-0.9168511034883142,-2.05018380220936,-2.6663195245699822,-2.4841232744505337,-3.0989519255127607,-2.4758952998727213,0.7142857142857143,0.6666666666666667,0.5384615384615385,0.5882352941176472,0.7058823529411764,0.7647058823529412,18794.941272516215
66,2012-12-10,-0.008533184111250591,0.0032506839157337986,-0.009345834773240136,0.2049007717811102,0.012479641494131055,-1.826604515853314,-2.9169446042838776,-3.703499771317531,-3.525485622616853,-4.110484321954311,-3.575020065345147,0.7142857142857143,0.6666666666666667,0.6153846153846153,0.6470588235294117,0.7058823529411764,0.7647058823529412,38782.69121539507
67,2012-12-11,-0.007718938085160332,0.003061006162643043,-0.007718938085160332,0.21116493242589351,0.01774322800184991,-2.9487711578053855,-4.123721059788643,-5.133898027168405,-4.99827902325557,-5.5550174737905245,-5.131364120596082,0.8571428571428571,0.75,0.6923076923076923,0.6470588235294117,0.7058823529411764,0.823529411764706,40774.885557304835
68,2012-12-12,0.0019915161975572193,0.008231571959639084,-0.002522610196494801,0.19290042430004672,0.0023955727493141232,-2.4846329634789166,-3.805662024471901,-5.109621008116094,-5.055567205233924,-5.552494309545997,-5.19952431332289,1.0,0.8333333333333333,0.6923076923076923,0.6470588235294117,0.7647058823529411,0.823529411764706,28149.557620817846
69,2012-12-13,0.0017218145695365727,0.008741774834437166,-0.004238410596026365,0.19289355861336221,0.0023899582947033426,-2.0075786443351396,-3.601712626310316,-5.018614890668827,-5.065761206085451,-5.560715338500799,-5.285155210193282,1.0,0.8333333333333333,0.7692307692307692,0.7058823529411764,0.7647058823529411,0.823529411764706,41519.529801324505
70,2012-12-14,-0.005634923486696808,0.003407181323736852,-0.007076412189134018,0.20281677597651226,0.010728255847063162,-2.338196373118895,-4.155969978632157,-5.570624485332254,-5.868438771352869,-6.314457537074869,-6.0564867113034655,1.0,0.8333333333333333,0.8461538461538463,0.7058823529411764,0.8235294117647058,0.8823529411764707,30054.039445814167
71,2012-12-17,-0.006602731916176441,0.0020715174021626037,-0.007379596255297605,0.2045529106975421,0.012187115852838382,-2.6670023785894337,-4.707950326356613,-6.164446645605414,-6.805306888141205,-7.172128671388956,-6.9386569630502155,1.0,0.9166666666666665,0.9230769230769231,0.7058823529411764,0.8235294117647058,0.8823529411764707,30788.747042717427
72,2012-12-18,0.0015434469453374788,0.0036012733118970797,-0.00411575562700961,0.19790732446605608,0.006602865172456784,-2.41800342963433,-4.745058645162626,-6.229362105753489,-7.139176954139703,-7.51492291206074,-7.317219600548985,1.0,0.9166666666666665,0.9230769230769231,0.7647058823529413,0.8235294117647058,0.8823529411764707,35452.37620578778
73,2012-12-19,0.012805652898865816,0.012934937600179497,-0.00025865994719065366,0.18331487111066536,-0.005659217675635708,-1.219574942596724,-3.7326459173892768,-5.264509735592949,-6.33348885394267,-6.799454506296887,-6.538415538114384,0.8571428571428571,0.8333333333333333,0.8461538461538463,0.7647058823529413,0.8235294117647058,0.823529411764706,38014.78160692748
74,2012-12-20,0.001800270096448564,0.002443127264104117,-0.00462894450156659,0.19713048565786195,0.00595026365195217,-1.3207559324927898,-3.77579462293659,-5.3509512821184435,-6.586736930101688,-7.169805750381464,-6.832976199367846,0.8571428571428571,0.9166666666666665,0.9230769230769231,0.8235294117647061,0.8235294117647058,0.823529411764706,33343.478591146144
75,2012-12-21,-0.004417357354587925,0.0032480186663892407,-0.00662598406358339,0.17780770677353575,-0.010286743150869193,0.011126108436854132,-2.2819741613034017,-3.9081476508501356,-5.355061336369649,-6.024617755678774,-5.670491126830779,0.7142857142857143,0.9166666666666665,0.9230769230769231,0.7647058823529413,0.7647058823529411,0.823529411764706,21912.73233839506
76,2012-12-24,-0.0035325919141698803,0.006672798639277833,-0.0036634567578176513,0.1817003702001483,-0.007015771950598437,0.8915661857340273,-1.1541880706597674,-2.8859306170965326,-4.407863853498628,-5.216103645871262,-4.798417303805758,0.5714285714285714,0.8333333333333333,0.8461538461538463,0.7647058823529413,0.7647058823529411,0.7647058823529412,7562.783854507392
77,2012-12-26,0.0009121709906740882,0.00729743308046471,-0.00026058119000738067,0.19487629433257414,0.004055962065401486,0.5640559622619001,-1.1606910756168043,-2.9406653056249787,-4.433801148838013,-5.3917350453889235,-5.003908024913728,0.5714285714285714,0.8333333333333333,0.8461538461538463,0.8235294117647061,0.7647058823529411,0.823529411764706,11723.003432994616
78,2012-12-27,0.005707653688294512,0.005707653688294512,-0.010118018426152342,0.19547711084570096,0.00456084853974148,0.07968566231810748,-1.1989695608426776,-2.9884672703584414,-4.466484018920191,-5.61804454421525,-5.283247712162121,0.5714285714285714,0.8333333333333333,0.9230769230769231,0.8823529411764706,0.7647058823529411,0.823529411764706,19784.965483770422
79,2012-12-28,0.001821480590404878,0.007676242418992452,-0.0019516263082015595,0.18649900918226092,-0.0029833827157323967,0.21373642295943185,-0.5371675407689347,-2.3568027973254524,-3.8042381997255514,-5.167724933656026,-4.808383073851874,0.42857142857142855,0.75,0.8461538461538463,0.8235294117647061,0.7647058823529411,0.7647058823529412,25774.435522047417
80,2012-12-31,-0.018617687289408158,0.0020403469023295706,-0.019765302722910216,0.21420334292701626,0.020296596966665525,-1.5775887735644756,-2.097687673968507,-3.922720039714722,-5.348496956460636,-6.814048414534835,-6.442969229366002,0.5714285714285714,0.75,0.8461538461538463,0.8235294117647061,0.8235294117647058,0.823529411764706,27784.00453417507
81,2013-01-02,0.0035030526710870813,0.004629087951957933,-0.007131227323908584,0.21296416954225283,0.0192552636734169,-3.0508842949485637,-3.519155387035755,-5.2677088537181005,-6.694254589869586,-8.300719542157752,-7.899058138315407,0.5714285714285714,0.75,0.9230769230769231,0.8823529411764706,0.8823529411764706,0.823529411764706,25547.605029400722
82,2013-01-03,-0.00037959003390608537,0.008477768043499534,-0.003922535795552906,0.17664965748074946,-0.01125986588665262,-1.574447000332324,-2.08510613152052,-3.744211366564798,-5.2032711343092615,-7.036812321700337,-6.572551474237698,0.5714285714285714,0.6666666666666667,0.9230769230769231,0.8823529411764706,0.8235294117647058,0.7647058823529412,25876.51519521087
83,2013-01-04,-0.00806045319746973,0.0013853903933152,-0.008186422967596418,0.19562103355743754,0.004681684429418631,-1.498733179603251,-2.1905320315929733,-3.733952878533564,-5.2635797598819085,-7.216020389601551,-6.686573211162039,0.7142857142857143,0.6666666666666667,0.9230769230769231,0.8823529411764706,0.8823529411764706,0.823529411764706,24044.339444701778
84,2013-01-07,-0.010667645582329466,0.0010040411646585756,-0.011295193273092363,0.1942462152601825,0.003526533533993126,-1.3177713285472126,-2.2321459508959474,-3.644342784429,-5.220887249982087,-7.310495070193356,-6.631529099201517,0.7142857142857143,0.6666666666666667,0.9230769230769231,0.8823529411764706,0.9411764705882353,0.823529411764706,35312.755020080316
85,2013-01-08,0.0007640010284477583,0.0028014899121544534,-0.0035655036745894098,0.17287378724878733,-0.0144327401008435,0.38929756818169015,-0.6830885296859046,-1.877356251582163,-3.4782007587164543,-5.785173689721146,-4.89676547556992,0.5714285714285714,0.5833333333333333,0.8461538461538463,0.8823529411764706,0.9411764705882353,0.7647058823529412,19336.832921658384
86,2013-01-09,0.0030394883870248357,0.005319123674254467,-0.002279635287229298,0.1965657139092869,0.0054754853823568705,0.22254694571604006,-1.114476999821301,-2.0474404985483807,-3.659619749344689,-6.0796209387914635,-5.045582935687342,0.7142857142857143,0.5833333333333333,0.8461538461538463,0.8823529411764706,0.9411764705882353,0.823529411764706,23553.96483732225
87,2013-01-10,0.007116507634603808,0.007116507634603808,-0.005083250601518596,0.18598034121206686,-0.003419358026099384,0.6154353291676129,-0.6499255493675693,-1.417255433094844,-3.035419644054438,-5.53407182110327,-4.415517916439282,0.5714285714285714,0.5833333333333333,0.7692307692307692,0.8235294117647061,0.8823529411764706,0.823529411764706,43080.71195624064
88,2013-01-11,0.0037828461370807975,0.0057395509658464405,-0.003391625181757063,0.15934935430248265,-0.025797306332220438,2.6704067212689253,1.8774823890347125,1.2876772306881223,-0.2525185194141244,-2.8636143243710332,-1.637297153822037,0.42857142857142855,0.49999999999999994,0.6923076923076923,0.8235294117647061,0.8823529411764706,0.823529411764706,30486.866919495595
89,2013-01-14,-0.0010395581951744282,0.0022093048294726803,-0.004548395239053704,0.19455119770566665,0.0037826214170137984,1.8973530856977838,1.4917122662950089,1.006856899484454,-0.38241921860532324,-3.0563875170103616,-1.733203459835253,0.5714285714285714,0.5833333333333333,0.6923076923076923,0.8823529411764706,0.9411764705882353,0.823529411764706,23940.521401228907
90,2013-01-15,-0.006117414912991892,0.0009111024102277376,-0.006507874358769428,0.18819393953678176,-0.001559112074739466,1.5786095845653714,1.6873851073601065,1.2470171421279375,0.009281570466290745,-2.7079101048318455,-1.3599749459665578,0.42857142857142855,0.5833333333333333,0.6153846153846153,0.8235294117647061,0.8823529411764706,0.823529411764706,19206.340382471943
91,2013-01-16,-0.004450314019625368,0.0022251046537928865,-0.00523562813519296,0.18338892498861803,-0.0055968718508632165,1.5370187344513564,2.2279325607166722,1.822483514772144,0.7535477442397909,-1.9296978911497953,-0.6140664944045526,0.2857142857142857,0.49999999999999994,0.5384615384615385,0.7647058823529413,0.8235294117647058,0.823529411764706,21970.203613319278
92,2013-01-17,-0.002476887009215001,0.001825042391149001,-0.006387667923186902,0.19487816736372565,0.004057429979492211,0.7877633509797866,1.7794416866944607,1.3781148781583985,0.5349567557453971,-2.069005620580866,-0.7929577535458421,0.42857142857142855,0.49999999999999994,0.5384615384615385,0.7647058823529413,0.8823529411764706,0.8823529411764707,21337.808777718798
93,2013-01-18,-0.0009106282980110292,0.005463743770115492,-0.009366475502804339,0.1925318652817265,0.00208596108166903,0.18955333839592026,1.5685045561494082,1.1125711425473028,0.5092012788317168,-2.021663679522989,-0.7942985519308832,0.42857142857142855,0.5833333333333333,0.5384615384615385,0.7647058823529413,0.8823529411764706,0.8823529411764707,25210.394879222265
94,2013-01-22,-0.010522250737841743,0.0015398819453356083,-0.010650609521365428,0.20645962603683854,0.013789355152670879,-1.3125247392980155,0.14207732015250052,-0.22485613343870003,-0.6700074633613107,-3.1215356552051876,-1.9343291615350977,0.5714285714285714,0.5833333333333333,0.6153846153846153,0.7647058823529413,0.8823529411764706,0.8823529411764707,30503.29872962915
95,2013-01-23,0.007961004415549588,0.009373446688756282,-0.0023112481629911086,0.18928602597264566,-0.000641371533320112,-1.0254009586646795,0.018329348729473338,-0.15409591921489163,-0.4806071194424333,-2.819369661759863,-1.6571422153597193,0.5714285714285714,0.49999999999999994,0.5384615384615385,0.7058823529411764,0.8823529411764706,0.8823529411764707,32603.007419260684
96,2013-01-24,0.00450458189850389,0.010810862708270141,-0.0009009009356846231,0.1872987904756016,-0.0023114584346466405,-0.658200475805848,0.1277873451798639,0.12196640765482769,-0.14064415824076582,-2.344480865563048,-1.2068331583890424,0.42857142857142855,0.49999999999999994,0.5384615384615385,0.6470588235294117,0.8823529411764706,0.8823529411764707,24068.498998822357
97,2013-01-25,0.0033618051906803004,0.004784109375955969,-0.004008236566239276,0.1845357819499558,-0.004633045299980321,-0.10160020889544708,0.40358969614180396,0.6440251544234554,0.40913025776909695,-1.6922894565643998,-0.5404799979762731,0.42857142857142855,0.4166666666666666,0.5384615384615385,0.5882352941176472,0.8235294117647058,0.823529411764706,17659.97841535963
98,2013-01-28,0.0011637445649725908,0.001939513935325321,-0.005301215686641547,0.1900493344255607,0.0,0.0720307632846584,0.18747575423829765,0.6809683135635458,0.45669464477089416,-1.506344733033349,-0.3624160928952236,0.42857142857142855,0.3333333333333333,0.46153846153846145,0.5294117647058825,0.7647058823529411,0.7647058823529412,16593.259973843287
99,2013-01-29,-0.008290841625233636,0.002040765254061938,-0.008673481921594894,0.20635990463540543,0.01370567918068577,-0.9730334710598809,-1.1789401053669102,-0.6007080291074218,-0.848674117954773,-2.6050833820455477,-1.5003697046442999,0.42857142857142855,0.4166666666666666,0.46153846153846145,0.5294117647058825,0.7647058823529411,0.823529411764706,19163.540327435196
100,2013-01-30,0.006160215763865828,0.011421971545738208,-0.001411704348349918,0.18276339072771774,-0.006122667745968591,-0.17048731769397918,-0.6655005602150821,0.07640814055116518,-0.23007216624666427,-1.8043380213380367,-0.7102359911275058,0.2857142857142857,0.3333333333333333,0.46153846153846145,0.4705882352941177,0.7058823529411764,0.7647058823529412,18976.156544588204
101,2013-01-31,0.0013973704090781691,0.004446125451649685,-0.0022865853368064792,0.20226788467764711,0.0102671873867195,-1.041671386385401,-1.67229876957522,-0.9225051921657457,-1.1800476727262588,-2.6056871562274764,-1.5418198855640886,0.2857142857142857,0.4166666666666666,0.46153846153846145,0.5294117647058825,0.7058823529411764,0.7647058823529412,19006.875774798325
102,2013-02-01,0.0007557375079447759,0.0032750094882858516,-0.0036528656462132547,0.20017811737993085,0.008510969724882855,-1.605084104215948,-2.25647927142415,-1.7910251247299946,-1.9411270873713304,-3.207180788989694,-2.2197707804141764,0.42857142857142855,0.49999999999999994,0.46153846153846145,0.5294117647058825,0.7058823529411764,0.823529411764706,19837.770875913477
103,2013-02-04,0.006285248926183318,0.008209325400324818,-0.004232965677693157,0.1686140569882537,-0.018012216244209234,0.247379697317629,-0.3710685646631684,-0.05497367797984154,-0.09711899291264814,-1.239036513779801,-0.32947335577471204,0.42857142857142855,0.4166666666666666,0.46153846153846145,0.5294117647058825,0.6470588235294117,0.823529411764706,22345.0751968455
104,2013-02-05,-0.0023097651738740455,0.0028230719876811694,-0.003977890414474605,0.1895915547395295,-0.00038490377329325476,0.39413327859714187,-0.23188482372170638,-0.1063140216910119,0.010091457508187851,-1.0121945198562021,-0.20200458927511766,0.42857142857142855,0.4166666666666666,0.3846153846153846,0.5294117647058825,0.588235294117647,0.7647058823529412,18348.80110355447
105,2013-02-06,-0.005780295588446838,0.003082826026533647,-0.006551085588980987,0.18882791871959625,-0.0010264235145740486,0.5908720510680698,0.003664487511700898,-0.11561222797369375,0.16377199705235324,-0.747474543434945,-0.04294489794827161,0.42857142857142855,0.4166666666666666,0.3076923076923077,0.4705882352941177,0.5294117647058822,0.7058823529411765,18630.985064405526
106,2013-02-07,0.006598550826775185,0.007504230721901539,-0.0032345710540229167,0.18148905223300504,-0.007193157177480924,1.114518525162267,0.7818221914078993,0.5316809280037971,0.8987284234808879,0.11426673115657593,0.6831206465914397,0.2857142857142857,0.3333333333333333,0.3076923076923077,0.411764705882353,0.4705882352941176,0.6470588235294118,15350.274222392622
107,2013-02-08,0.002694380223392745,0.004105722245169918,-0.001796240651879888,0.20005745617511606,0.008409763472592369,0.2749304637549743,0.03940012768197665,-0.36903404436740006,0.10675898888858892,-0.56729512128465,-0.14957370850697815,0.42857142857142855,0.3333333333333333,0.3076923076923077,0.4705882352941177,0.4705882352941176,0.6470588235294118,17325.14787461771
108,2013-02-11,0.0018069178443371747,0.0018069178443371747,-0.0032266390077450025,0.1830257944808824,-0.005901936509933647,0.6416306960304485,0.5918479013196087,0.1481069757493847,0.6577615081431398,0.13519861053774562,0.44950552787090814,0.2857142857142857,0.24999999999999994,0.3076923076923077,0.411764705882353,0.4705882352941176,0.5882352941176471,11305.143083138497
109,2013-02-12,-0.009415658576237051,0.005288314269164429,-0.00954466670378773,0.1908173009459695,0.0006452193192745259,0.23401441063495287,0.4947395344368388,0.13696624264116775,0.482300709571315,0.14402849074908186,0.3758907357274355,0.2857142857142857,0.3333333333333333,0.3846153846153846,0.411764705882353,0.4705882352941176,0.5882352941176471,18222.91355893091
110,2013-02-13,0.0003820068812172561,0.0071309946151916215,-0.0024194957649242843,0.2053989933651943,0.012898229879307443,-0.9386726053781991,-0.7094638717672019,-1.0423671750396046,-0.8199785868163278,-1.033879738677046,-0.8455371783993582,0.42857142857142855,0.4166666666666666,0.3846153846153846,0.4705882352941177,0.5294117647058822,0.5882352941176471,17163.141311144038
111,2013-02-14,-0.007108105571565049,0.0006234692449564871,-0.009477515663361635,0.21520527110844,0.02113838832749515,-2.5867056372600783,-2.510997368320611,-2.8913445744085053,-2.8379005750850173,-2.9433058791308753,-2.7641470588785855,0.5714285714285714,0.49999999999999994,0.46153846153846145,0.4705882352941177,0.588235294117647,0.5882352941176471,29133.554704213624
112,2013-02-15,0.007918602511780115,0.008547008761865538,-0.0036450604234553596,0.18070004740460344,-0.007856434112728516,-1.5082804147271145,-1.5397072593742678,-1.933240656391888,-2.0738955065615405,-2.077487055897198,-1.892899657984659,0.5714285714285714,0.49999999999999994,0.46153846153846145,0.411764705882353,0.5294117647058822,0.5294117647058824,18004.279487312207
113,2013-02-19,-0.0011185185324200653,0.0009943077429073188,-0.007829940440342353,0.2035117083995499,0.011312337094569358,-2.0471566224753546,-2.4581875896707683,-2.808257027958627,-3.083609176458413,-3.077542858265825,-2.8706368460153397,0.7142857142857143,0.49999999999999994,0.46153846153846145,0.4705882352941177,0.5294117647058822,0.5294117647058824,29525.473148477173
114,2013-02-20,0.014923449647636922,0.017389099854375978,-0.0027251493050907127,0.1397615055643464,-0.042256932541114955,2.111518705435267,1.765777175175165,1.4917166574766716,1.1044176392293936,1.1774896018750702,1.422258708852886,0.5714285714285714,0.49999999999999994,0.3846153846153846,0.411764705882353,0.5294117647058822,0.47058823529411764,63763.60066868935
115,2013-02-21,0.00773645447863891,0.009070308002263605,-0.008670147943575457,0.1577731967895044,-0.027121774944583676,4.4798829183110955,4.24550458820534,4.133078791845191,3.745780201695048,3.9237877472435567,4.118214289268884,0.5714285714285714,0.4166666666666666,0.3076923076923077,0.411764705882353,0.4705882352941176,0.47058823529411764,51987.79482474597
116,2013-02-22,-0.0006598390125316378,0.0,-0.012141995993480204,0.20274832686303812,0.010670887709732346,3.044929610712077,2.8036001210507866,2.9010111580903164,2.608458559179172,2.7636903424738124,2.86204526241578,0.5714285714285714,0.4166666666666666,0.3846153846153846,0.4705882352941177,0.4705882352941176,0.47058823529411764,24156.319156288206
117,2013-02-25,0.020158579752260097,0.022443191912743243,-0.0004032656684173075,0.16868928747039358,-0.017949140925465845,4.137316721407447,4.341785596953174,4.5712084174707845,4.361943008662772,4.5600083830255045,4.564679712844155,0.42857142857142855,0.4166666666666666,0.3846153846153846,0.411764705882353,0.4705882352941176,0.47058823529411764,38827.112413486764
118,2013-02-26,0.0005363502135600218,0.00603374883256258,-0.009117725687376566,0.1927684583792748,0.0022847160944059475,2.825345881529917,3.7830939861869695,4.1566121130584,4.01630234920185,4.262602069760346,4.141670745157144,0.42857142857142855,0.49999999999999994,0.46153846153846145,0.4705882352941177,0.4705882352941176,0.5294117647058824,24057.728236558643
119,2013-02-27,-0.019857029125535774,0.00225043682485504,-0.02104850382514567,0.20536793384971497,0.01287204963703159,0.7583539950784424,2.2457421784878306,2.7194720531714456,2.653754831695565,2.8997614378801106,2.661602850355682,0.5714285714285714,0.5833333333333333,0.5384615384615385,0.5294117647058825,0.4705882352941176,0.5294117647058824,27048.245074804803
120,2013-02-28,-0.0001336227607049434,0.00895001323871214,-0.0014694229031602113,0.17933690546694803,-0.009001777969303126,0.6049360508752821,2.942633450713994,3.4273468084438763,3.497955531061847,3.763530289999606,3.4540633224717787,0.42857142857142855,0.5833333333333333,0.46153846153846145,0.4705882352941177,0.4705882352941176,0.47058823529411764,33143.53602532012
121,2013-03-01,0.0013526173407276687,0.007709995942107195,-0.0040579331800352225,0.17526524025955426,-0.012423346849864014,1.2656861234980443,3.8501797801420823,4.471424738737917,4.65789438276909,4.974474219764469,4.561084542498328,0.42857142857142855,0.49999999999999994,0.46153846153846145,0.411764705882353,0.41176470588235287,0.47058823529411764,47002.9226295144
122,2013-03-04,0.0031240830022787325,0.003803300578512747,-0.012632449906311294,0.18505962457756908,-0.00419298931825407,1.430116871750342,3.912945327058681,4.581437330448623,4.8894868417396875,5.26124705025508,4.8045909906250905,0.42857142857142855,0.49999999999999994,0.3846153846153846,0.35294117647058826,0.41176470588235287,0.4117647058823529,30084.573346146157
123,2013-03-05,0.010106454791894093,0.010780258870506154,-0.0010780487950147188,0.19958663159043621,0.008014050277826978,0.32340679023472596,2.7672456766480114,3.4175902467343144,3.8789572483016066,4.240864230538666,3.8770319599763514,0.42857142857142855,0.49999999999999994,0.3846153846153846,0.411764705882353,0.4705882352941176,0.4117647058823529,29253.81780426921
124,2013-03-06,-0.0013548164572501076,0.0014903130061054704,-0.00961929303940634,0.1836350020427766,0.01012738404999114,-0.5773081180143858,1.3968901233650577,2.190265817882664,2.707013628587962,3.0665377110185688,2.7597878820124766,0.5714285714285714,0.49999999999999994,0.46153846153846145,0.4705882352941177,0.4705882352941176,0.47058823529411764,46289.47679963357
125,2013-03-07,-0.0001353467028899491,0.006365141189877521,-0.0013542525110645798,0.17224428911889267,0.0004061737779226249,-0.5391902952874283,0.8606215956206364,1.9622164460754155,2.55349182985225,2.884740442517364,2.648039505607036,0.5714285714285714,0.49999999999999994,0.5384615384615385,0.5294117647058825,0.5294117647058822,0.47058823529411764,21369.53203524009
126,2013-03-08,0.002718089080780528,0.003669420938586132,-0.004484941438299916,0.1676424976472195,-0.0035209228660115777,-0.34299642279010945,0.7551298066994061,2.1235392533324626,2.791014498277611,3.090489563078158,2.946803483609961,0.42857142857142855,0.49999999999999994,0.5384615384615385,0.5294117647058825,0.5294117647058822,0.4117647058823529,24182.201299722718
127,2013-03-11,-0.005265289590927313,0.0027001080059405602,-0.008910436073984007,0.17957146568371485,0.006659411089191547,-0.9328340508723332,-0.4084205007438779,1.3172747629528248,1.9603065919046259,2.3039222224657374,2.2093950844459087,0.5714285714285714,0.49999999999999994,0.6153846153846153,0.5294117647058825,0.5294117647058822,0.47058823529411764,19561.575941676794
128,2013-03-12,0.0012196232386552097,0.008808795110329504,-0.0018972624759824308,0.1673386681506006,-0.003780111175441192,-0.364158237975154,-0.23247038614430116,1.5111714094629303,2.205234073097073,2.5644303940561386,2.5236896474424286,0.5714285714285714,0.49999999999999994,0.5384615384615385,0.5294117647058825,0.4705882352941176,0.4117647058823529,25915.790541851326
129,2013-03-13,0.00546376185580888,0.005736893945320398,-0.005327127514371366,0.16255778468854687,-0.00786021510447621,0.5658839658458259,0.49858418112769254,2.1150701307517616,2.805150175623461,3.238087662123035,3.198447386050618,0.5714285714285714,0.49999999999999994,0.5384615384615385,0.4705882352941177,0.41176470588235287,0.4117647058823529,31139.554994407255
130,2013-03-14,0.005658349512259964,0.008418451675661798,-0.0031741098975174298,0.15976395298010182,-0.0102446084019987,1.486541754363424,1.3272600920714472,2.9171077517612387,3.5877931186532486,4.20735675821835,4.1000773551414404,0.42857142857142855,0.4166666666666666,0.46153846153846145,0.411764705882353,0.41176470588235287,0.4117647058823529,51594.36367092691
131,2013-03-15,0.0030153646246624533,0.006167831773133736,-0.0030153646246623422,0.17985388149858594,0.006900285608410384,0.6246196232536194,0.6028155359947052,1.9270132059325151,2.6917765653403647,3.401591715959884,3.247801554273444,0.42857142857142855,0.49999999999999994,0.46153846153846145,0.4705882352941177,0.4705882352941176,0.4117647058823529,31451.851308290177
132,2013-03-18,-0.0011106761225972983,0.008052228350023949,-0.0011106761225972983,0.15683215314395782,-0.012746562403265993,1.564823078911548,1.7624530162986485,2.78498744479474,3.7844649678600684,4.616972322099211,4.417347559822904,0.2857142857142857,0.4166666666666666,0.3846153846153846,0.4705882352941177,0.4705882352941176,0.4117647058823529,25986.783229040444
133,2013-03-19,0.01084787356117256,0.014130816846440908,-0.009277676542325808,0.13972062658347495,-0.027349798246180446,3.702954794769897,4.183500213267943,5.112548094519087,6.366618833678128,7.383104246604533,7.105005266458364,0.2857142857142857,0.3333333333333333,0.3846153846153846,0.4705882352941177,0.4705882352941176,0.4117647058823529,90171.71168063694
134,2013-03-20,-0.0038566489399615156,0.0019997142693981562,-0.00742756727817262,0.17093205821216406,-0.0007136814801972369,2.948563976998275,3.8804075303343843,4.560905545241134,6.1317768442924026,7.272013830801494,6.88824896684106,0.14285714285714285,0.3333333333333333,0.3076923076923077,0.4705882352941177,0.41176470588235287,0.3529411764705882,32204.398308658812
135,2013-03-21,0.0011478691017974274,0.00832249940242491,-0.0005739704240502741,0.1664124376350553,-0.004570699730449768,2.5808130456715928,4.039220090414197,4.618312654745904,6.257668028265018,7.559613143948685,7.090708353492126,0.14285714285714285,0.3333333333333333,0.3076923076923077,0.411764705882353,0.41176470588235287,0.2941176470588235,25994.12050523402
136,2013-03-22,0.0004307725507004534,0.003877153990194504,-0.0018667001991198306,0.17092748757360754,-0.0007174032715351331,1.9221201524766807,3.8216880710294943,4.407710833334599,5.99292433095262,7.394331825882516,6.84467611722297,0.14285714285714285,0.3333333333333333,0.3076923076923077,0.411764705882353,0.35294117647058826,0.23529411764705876,23893.313955978087
137,2013-03-25,0.004492073482333714,0.0076800316568603755,-0.004926880019507807,0.16116773862530565,-0.009046558147319583,2.1384011151831306,4.349262679181964,4.974720149335354,6.581256312168193,8.10999805977164,7.440818430209828,0.14285714285714285,0.24999999999999994,0.23076923076923073,0.35294117647058826,0.29411764705882354,0.23529411764705876,29333.878152879926
138,2013-03-26,-0.006622502254858942,0.0008637777262279211,-0.008782047347855482,0.17940901589437908,0.006520759993114522,0.7568590717126567,3.2259052208886807,4.03365209443729,5.486442805404734,7.168069607784311,6.4443873472602275,0.14285714285714285,0.24999999999999994,0.3076923076923077,0.35294117647058826,0.35294117647058826,0.2941176470588235,26389.728856762584
139,2013-03-27,-0.012647383942299917,0.0007185254176913514,-0.01580912573126969,0.17379260934106422,0.0017276748928585217,0.08006665293180948,2.6105559608470275,3.5904448836619807,4.8231465039097365,6.758353309559095,5.9670881108919716,0.2857142857142857,0.24999999999999994,0.3076923076923077,0.35294117647058826,0.41176470588235287,0.3529411764705882,23051.60065959757
140,2013-03-28,0.007452900774514104,0.009790998100248416,0.0,0.15240146453840264,-0.016527858678093255,1.4216890114299607,3.7974221176005685,4.917327814353056,6.067665989486781,8.283816841883795,7.404551913102231,0.2857142857142857,0.24999999999999994,0.23076923076923073,0.35294117647058826,0.41176470588235287,0.3529411764705882,46056.2848166009
141,2013-04-01,0.0038263725015321715,0.00883011076512652,-0.0045621488401241805,0.1635489034231763,-0.007014393657088003,1.7050356802985167,3.887310881164141,5.254798364904811,6.22436486080391,8.724762481469405,7.82044894771754,0.2857142857142857,0.16666666666666663,0.23076923076923073,0.29411764705882354,0.41176470588235287,0.2941176470588235,27111.583978480532
142,2013-04-02,0.00878872164004929,0.009374645204686338,-0.002929500641401961,0.17728640730783285,0.004709249303556762,0.9311854374854045,2.82283237568306,4.445875823808576,5.328565327353396,7.920347406521078,6.960486971697621,0.42857142857142855,0.24999999999999994,0.3076923076923077,0.35294117647058826,0.41176470588235287,0.3529411764705882,26095.38315935476
143,2013-04-03,0.014420895298182579,0.015923043412948923,-0.0019528015622650718,0.14258995741865688,-0.02490104633743795,2.8498459540586607,4.7361511243687815,6.689699631367141,7.629467594506045,10.284995550584108,9.274763989942203,0.42857142857142855,0.24999999999999994,0.3076923076923077,0.35294117647058826,0.41176470588235287,0.2941176470588235,58418.70857743729
144,2013-04-04,-0.004176595999752508,0.0038783113979965478,-0.0077566227959930956,0.18004119125226903,0.007060251117479099,1.7089987445265908,3.4243919255792843,5.513408819279064,6.4718376982593195,9.11651345600244,8.112356269907561,0.5714285714285714,0.3333333333333333,0.3076923076923077,0.35294117647058826,0.41176470588235287,0.2941176470588235,27886.827746303283
145,2013-04-05,-0.014867677226652498,0.0022301813193523756,-0.01903061198243805,0.17561353225170473,0.0032816500943209093,0.9090478961568671,2.48077384463532,4.704553029284297,5.804616677966279,8.423225118312594,7.331235786521506,0.5714285714285714,0.3333333333333333,0.3076923076923077,0.411764705882353,0.41176470588235287,0.3529411764705882,41051.63035823282
146,2013-04-08,-0.014695076501319182,0.0004408375999629399,-0.01778114543213183,0.18553117883274517,0.011745521153124328,-0.5836138182756079,0.8732980892416808,3.0838576527175032,4.293731727960282,6.860724279976593,5.627221684062755,0.5714285714285714,0.4166666666666666,0.3076923076923077,0.411764705882353,0.41176470588235287,0.4117647058823529,36408.991047318545
147,2013-04-09,-0.028695922278571984,0.005204712629326869,-0.028836617180285073,0.22411446746859243,0.044672931283885386,-4.300382521818369,-3.336815499533863,-1.4910669499854756,-0.33140121360885066,2.104728876987094,0.8190339351143994,0.7142857142857143,0.49999999999999994,0.3846153846153846,0.411764705882353,0.4705882352941176,0.47058823529411764,79111.39719298901
148,2013-04-10,0.0029740687866581794,0.004956776590330225,-0.0029740687866580684,0.16385644759732698,-0.006752065037503918,-3.1116534799133233,-2.619006906142962,-1.0547478456128911,0.1893443440688536,2.6136204671623364,1.1558439304116597,0.7142857142857143,0.49999999999999994,0.3076923076923077,0.411764705882353,0.41176470588235287,0.47058823529411764,48710.23001400326
149,2013-04-11,0.0025663102732578214,0.005275206804608024,-0.002993997761533973,0.16396865124043658,-0.006656244605609318,-2.0815477906733104,-1.9206452855977996,-0.6395353146485427,0.7255448372102125,3.077084895719806,1.6000092275138211,0.5714285714285714,0.49999999999999994,0.3076923076923077,0.411764705882353,0.41176470588235287,0.4117647058823529,23216.850345278734
150,2013-04-12,0.00810767337483731,0.010424221803967182,-0.006804719849427987,0.1538926804295473,-0.01525520632885824,-0.047567504099066404,-0.46019283884727313,0.6142854487440452,2.109146733165801,4.425029651257506,2.9775300296907226,0.5714285714285714,0.49999999999999994,0.3076923076923077,0.411764705882353,0.41176470588235287,0.4117647058823529,33334.7463442884
151,2013-04-15,0.031496079890199535,0.031496079890199535,-0.0009263239582982807,0.09881896380773147,-0.06225567202758142,6.087476180196938,5.680541352943824,6.728571595010657,8.430381716030254,10.93239878784149,9.38019066138942,0.42857142857142855,0.49999999999999994,0.3076923076923077,0.35294117647058826,0.35294117647058826,0.3529411764705882,68340.82808438296
152,2013-04-16,0.00180103565065437,0.00180103565065437,-0.010805838697546477,0.20541784600306,0.028716951233093813,2.9909357275107906,2.4270548050154828,3.2968192303232335,5.018658942159204,7.453560561599892,6.042212560008431,0.42857142857142855,0.49999999999999994,0.3076923076923077,0.35294117647058826,0.41176470588235287,0.3529411764705882,44846.66823567469
153,2013-04-17,0.014192076690950906,0.014815922575674101,-0.012320663802838472,0.1276269864972126,-0.03767061820300088,6.146949752808983,5.828352113378288,6.752958273850118,8.588245209400359,11.108875545834174,9.778221389069298,0.2857142857142857,0.4166666666666666,0.3076923076923077,0.29411764705882354,0.35294117647058826,0.2941176470588235,78698.31010452386
154,2013-04-18,-0.004839984160500466,0.005932817832967174,-0.013427071970628979,0.17048899683743213,-0.0010916888121469404,4.692754890764506,5.455553217681874,6.422803720997261,8.175526532782506,10.69917904811053,9.437414758996221,0.14285714285714285,0.4166666666666666,0.3076923076923077,0.29411764705882354,0.29411764705882354,0.2941176470588235,39761.683539608886
155,2013-04-19,0.006075712538534894,0.0076335563909157855,-0.010749368725677999,0.17432942663454454,0.002185708914424156,3.035632631855245,4.807159734772881,5.758948027065669,7.389894408094166,9.900105694366768,8.77499512019666,0.2857142857142857,0.49999999999999994,0.3846153846153846,0.29411764705882354,0.35294117647058826,0.2941176470588235,37037.478359916546
156,2013-04-22,-0.0024833617879870262,0.0006208443271766839,-0.01909047027782096,0.17614937020331922,0.0037389611408316092,1.3857750648392564,3.991039258759721,4.976235461824174,6.47102758436231,9.0677391861123,7.998890809613646,0.42857142857142855,0.49999999999999994,0.46153846153846145,0.35294117647058826,0.41176470588235287,0.3529411764705882,36227.465000776036
157,2013-04-23,-0.00046510077519390514,0.0026356279069768007,-0.008837209302325566,0.17304124254784625,0.0010863634974007663,0.2635707823859912,3.6489535002406814,4.482840425958479,5.873205145240479,8.605403631422593,7.527801811427115,0.5714285714285714,0.5833333333333333,0.5384615384615385,0.411764705882353,0.4705882352941176,0.4117647058823529,34974.19379844961
158,2013-04-24,-0.013591074998624664,0.001057082436468182,-0.013893053248368203,0.20301544846578556,0.026666575589690655,-2.0278607814085303,0.8683309523967564,1.568378634325085,2.7867200299805273,5.482971505755696,4.439329116215918,0.7142857142857143,0.5833333333333333,0.6153846153846153,0.4705882352941177,0.4705882352941176,0.4117647058823529,31598.21426156427
159,2013-04-25,0.0036058444593103367,0.016977224067825425,-0.0030047627104795582,0.1777846729616923,0.0051344936883852554,-2.5433523075022557,0.2779479005751373,0.8420653441888248,1.9182518978863472,4.7042195109208595,3.594612592163071,0.7142857142857143,0.5833333333333333,0.6153846153846153,0.4705882352941177,0.4705882352941176,0.47058823529411764,47004.7105470466
160,2013-04-26,0.005589169437575592,0.00649546857230221,-0.007703852312863191,0.1654305297744627,-0.00540867178939719,-1.5645200415200566,0.6236550883391923,1.1473218952884778,2.157968528726073,5.013419911956363,3.8282324532496137,0.7142857142857143,0.49999999999999994,0.5384615384615385,0.4705882352941177,0.41176470588235287,0.4117647058823529,24607.762444505854
161,2013-04-29,-0.009626688816351758,0.0008886996840355987,-0.012144550302631174,0.19513280374008612,0.01993965534896014,-2.75474438815283,-1.721186894484683,-0.8942700688596594,0.026445296520605233,2.718536154028084,1.5419752563829325,0.8571428571428571,0.49999999999999994,0.6153846153846153,0.5294117647058825,0.4705882352941176,0.4117647058823529,26866.595980491526
162,2013-04-30,-0.013388887036761665,0.0010413567235740828,-0.021719711072304193,0.1665619040178148,-0.004443052776877177,-1.6768077916767266,-1.6428035063384083,-0.5036862197736358,0.3246181052348307,2.947078612429621,1.7039904013529394,0.7142857142857143,0.49999999999999994,0.6153846153846153,0.5294117647058825,0.41176470588235287,0.4117647058823529,50832.08463503296
163,2013-05-01,0.01063029645042679,0.011389521986014284,-0.0016704632246153928,0.14788646204978306,-0.02038099058821974,0.6768659375482766,-0.061823964589291514,1.3913354818031465,2.2036077046443614,4.837807867651023,3.475437157593486,0.5714285714285714,0.49999999999999994,0.5384615384615385,0.5294117647058825,0.41176470588235287,0.4117647058823529,30131.119366199524
164,2013-05-02,-0.008674478902366056,0.003043752899767993,-0.014609633459285232,0.16927704672109778,-0.002125891974138039,1.1544125897923418,-0.21415395310444563,1.545019200112363,2.2077435889811703,4.815522296614749,3.3697752699715755,0.42857142857142855,0.49999999999999994,0.5384615384615385,0.5294117647058825,0.41176470588235287,0.4117647058823529,27526.01305017521
165,2013-05-03,0.0038467527058294593,0.010208655730649996,-0.0025151355239019235,0.20529298946346675,0.028610418896313217,-1.369597824226454,-2.6916453298121756,-1.2406693010901026,-0.7101596104028274,1.7070764421218465,0.2887200584605676,0.42857142857142855,0.5833333333333333,0.5384615384615385,0.5882352941176472,0.4705882352941176,0.4117647058823529,55943.66968159016
166,2013-05-06,-0.0073410658149895,0.002349082332270269,-0.010424298775153384,0.18078323252468143,0.007693467498460782,-1.7975097551667152,-3.2793570331100086,-1.935242805938009,-1.5389997049651827,0.7313125111627627,-0.6804093550780377,0.42857142857142855,0.5833333333333333,0.5384615384615385,0.5882352941176472,0.4705882352941176,0.4117647058823529,27461.927213875686
167,2013-05-07,0.0008735876528829234,0.0023295864880603645,-0.007716919044845727,0.18157456612919143,0.00836898185777235,-2.096690977791016,-3.6078425630021616,-2.705452546943099,-2.4029797201890246,-0.28359203264729516,-1.644076967642083,0.5714285714285714,0.6666666666666667,0.5384615384615385,0.5882352941176472,0.5294117647058822,0.4117647058823529,38002.78567268491
168,2013-05-08,-0.012361395809664555,0.005399332426797354,-0.014776940101318914,0.20077216921873142,0.024752320682549067,-3.88096913476933,-5.293710965318965,-5.103586696965734,-4.661428537273993,-2.8004422465390144,-4.006818603712348,0.5714285714285714,0.75,0.5384615384615385,0.6470588235294117,0.588235294117647,0.47058823529411764,42577.85944496417
169,2013-05-09,0.015214655237969055,0.016219391882284828,-0.00373179284431735,0.15994729673500574,-0.010088095394121699,-2.399062662294249,-3.7667360924151683,-4.2007549013989625,-3.6016718402604675,-1.9602599358970019,-3.042504632087395,0.5714285714285714,0.6666666666666667,0.5384615384615385,0.6470588235294117,0.588235294117647,0.4117647058823529,39792.31246715408
170,2013-05-10,0.003320762248895104,0.003320762248895104,-0.009096231328436843,0.1648725510724951,-0.005884775842770806,-1.1179470669115732,-2.6989491834367496,-3.694163599204381,-2.9799807205692863,-1.535630764829654,-2.4862922442258517,0.5714285714285714,0.5833333333333333,0.5384615384615385,0.5882352941176472,0.588235294117647,0.4117647058823529,30798.883603815084
171,2013-05-13,0.01009514294353031,0.0102414779880462,-0.0010241258529370967,0.15637233586440424,-0.013138894042420302,0.7503329944785753,-1.0011583519802802,-2.462126150195909,-1.5952643748124995,-0.39399017816437176,-1.2419360643058042,0.5714285714285714,0.49999999999999994,0.5384615384615385,0.5882352941176472,0.588235294117647,0.4117647058823529,23644.940706538135
172,2013-05-14,-0.0005858210305766942,0.005566207949298629,-0.006298535504549729,0.17039656370045164,-0.0011706194825108485,1.0107033136116383,-0.6706476368524728,-2.103684187027488,-1.4155898569347847,-0.4233813278900045,-1.1571622641800339,0.42857142857142855,0.4166666666666666,0.5384615384615385,0.5294117647058825,0.588235294117647,0.4117647058823529,42174.188611770405
173,2013-05-15,0.0074515650507172015,0.011177347576075913,-0.00402378551486704,0.15168670358437697,-0.01713768222717893,2.5569474881955268,1.1187933313934861,-0.3633594670888529,0.29486159119531674,1.104953104124018,0.46582176272180753,0.2857142857142857,0.3333333333333333,0.46153846153846145,0.4705882352941177,0.5294117647058822,0.3529411764705882,45410.32773208131
174,2013-05-16,-0.0001492835820895433,0.013731313432835845,-0.004029805970149347,0.170021826495228,-0.0014903283987575122,2.3518091246954587,1.3550071997657342,-0.009955615329759748,0.3885866744492761,1.077108559281026,0.5057509718511266,0.14285714285714285,0.3333333333333333,0.46153846153846145,0.411764705882353,0.4705882352941176,0.3529411764705882,41763.17910447761
175,2013-05-17,0.002660242231141474,0.006798684197535598,-0.004138441966394124,0.1833110064864012,0.009850809954999429,0.7790981059342172,0.3810982552986397,-0.731258538039492,-0.7717275481931352,0.006674416866014887,-0.5071692873635736,0.14285714285714285,0.3333333333333333,0.5384615384615385,0.411764705882353,0.5294117647058822,0.4117647058823529,34060.48187635342
176,2013-05-20,-0.00705162332892606,0.0014690465697078103,-0.010136668135742433,0.1788686470159,0.006059596131066325,-0.16369269097721295,-0.13431364461254924,-1.057734527008114,-1.5026551324679338,-0.6635327738444441,-1.1013875998963196,0.2857142857142857,0.4166666666666666,0.5384615384615385,0.4705882352941177,0.588235294117647,0.47058823529411764,34132.97972675187
177,2013-05-21,-0.00318058416020206,0.0049154837332796575,-0.009541651280660868,0.19070375189954025,0.016159883373344286,-1.7699671764796698,-1.3796256475801405,-2.3048846569077797,-3.1191313655771213,-2.2611693242616138,-2.636985919879109,0.42857142857142855,0.49999999999999994,0.5384615384615385,0.5294117647058825,0.588235294117647,0.5294117647058824,32930.90784825525
178,2013-05-22,0.013901156798428849,0.03482594584875298,-0.0035118234423074934,0.15770754174680257,-0.011999502155235153,-0.5790320290448236,0.09302768966157338,-0.8507843002059645,-1.9806396466759413,-1.1193998455733989,-1.380489175937194,0.42857142857142855,0.49999999999999994,0.46153846153846145,0.5294117647058825,0.588235294117647,0.5294117647058824,45105.82148708349
179,2013-05-23,-0.006219428494290469,0.00577519629461265,-0.01776983589174952,0.15787984224782803,-0.011852468376788772,0.45694324580571877,1.2872610316432498,0.43085016172870194,-0.6589662996083101,0.014455344327091169,-0.176852693910734,0.42857142857142855,0.4166666666666666,0.3846153846153846,0.5294117647058825,0.5294117647058822,0.5294117647058824,36813.74954560565
180,2013-05-24,-0.007343098725770991,0.0019481191990955438,-0.007942544225571169,0.15788680340870198,-0.01184664075415709,1.5820758061397378,2.353843287539603,1.6470134404370063,0.5373523054216456,1.116087681877742,0.9972007103006275,0.42857142857142855,0.3333333333333333,0.3076923076923077,0.4705882352941177,0.4705882352941176,0.47058823529411764,23582.09499851214
181,2013-05-28,0.004393954545454548,0.007575757575757569,-0.004848484848484769,0.15894958428829598,-0.010939535844203485,2.4891770088186327,3.1958872671555394,2.756854008169296,1.7510805465384527,2.105336778967559,2.0255387738117525,0.42857142857142855,0.24999999999999994,0.3076923076923077,0.4705882352941177,0.41176470588235287,0.4117647058823529,32789.90909090909
182,2013-05-29,0.004080955013243459,0.009371145140801396,-0.005290295931662969,0.1746089055021156,0.0024242640949598826,1.917425832827857,2.490713252814003,2.410460088346089,1.6189069387228638,1.7767130798471475,1.5658964477923698,0.42857142857142855,0.24999999999999994,0.3076923076923077,0.5294117647058825,0.41176470588235287,0.47058823529411764,42922.21384986615
183,2013-05-30,-0.013963205585264316,0.00668444741533003,-0.019013651218062866,0.19231306627232714,0.01753323639088955,0.0021202926857366577,0.4753417954951322,0.6528865313272236,0.033950916216451965,0.0007048164205158969,-0.3238289425441909,0.42857142857142855,0.3333333333333333,0.3846153846153846,0.5294117647058825,0.4705882352941176,0.5294117647058824,29290.443850267384
184,2013-05-31,0.027709690753215055,0.027709690753215055,-0.0001531230863441868,0.13695628899138246,-0.029708901070999882,2.222029968585093,3.1209037507767157,3.6960940269502807,3.1455062324262206,2.9550517591108605,2.517280147458889,0.2857142857142857,0.3333333333333333,0.3846153846153846,0.4705882352941177,0.4705882352941176,0.47058823529411764,29414.18677281078
185,2013-06-03,-0.013321359476765493,0.0004490046534653125,-0.01930850229931136,0.19849714445175604,0.02281066083781913,-0.38487480877552604,0.6564600088561967,1.4618719295732552,0.9686456913305053,0.6675072086292033,0.13429637608251,0.42857142857142855,0.4166666666666666,0.46153846153846145,0.4705882352941177,0.5294117647058822,0.5294117647058824,32944.66780259446
186,2013-06-04,-0.0016603924528301173,0.0036226113207546984,-0.006490566037735901,0.16194663190519898,-0.008381888379179636,0.18113427526622594,1.289493261733643,2.2231863864172974,1.8237248373693893,1.4900314298610828,1.0445328007827825,0.42857142857142855,0.4166666666666666,0.3846153846153846,0.411764705882353,0.5294117647058822,0.47058823529411764,24844.283018867925
187,2013-06-05,0.0018628221627698949,0.012884228900472694,-0.002483638698653867,0.13940089266279054,-0.027622619446651897,2.514747314159038,3.8696969087660626,4.8543079925550625,4.597621351537029,4.268123487738218,3.8169181744943215,0.42857142857142855,0.4166666666666666,0.3076923076923077,0.35294117647058826,0.4705882352941176,0.4117647058823529,57335.23276424193
188,2013-06-06,-0.010950016098088544,0.00030852870502950935,-0.018044387294533504,0.1794077575568227,0.0065195751323350315,1.595147053074375,2.9589470394374873,3.893116082426018,3.84519641396015,3.474869615486842,3.176186002242365,0.5714285714285714,0.49999999999999994,0.3076923076923077,0.411764705882353,0.5294117647058822,0.4117647058823529,39272.59896814306
189,2013-06-07,-0.010123002805217274,0.000467201377779336,-0.014327955370315504,0.16038321525260768,-0.009716135852630536,2.1580983296844103,3.585338415492134,4.454883585053393,4.679963949152532,4.234994257643643,4.1956147230544305,0.42857142857142855,0.4166666666666666,0.23076923076923073,0.35294117647058826,0.5294117647058822,0.3529411764705882,41140.56737488814
190,2013-06-10,-0.0014144271347725779,0.004871884254724401,-0.0028288542695449337,0.16118389146896295,-0.00903274405304777,2.2608274885649315,4.0311100143869405,4.954980405809595,5.432630135552929,4.923922099946654,5.120220753007132,0.2857142857142857,0.3333333333333333,0.23076923076923073,0.35294117647058826,0.4705882352941176,0.3529411764705882,30954.523637348364
191,2013-06-11,-0.014571657092527612,0.0075259726577106,-0.01649324232997207,0.15003807095545096,-0.018544800961560748,3.536541627417966,5.228183916511209,6.418853436018379,7.2303605427341155,6.6132945500509965,7.0159023038995905,0.2857142857142857,0.24999999999999994,0.23076923076923073,0.35294117647058826,0.41176470588235287,0.3529411764705882,62445.75640597668
192,2013-06-12,0.014195789185488472,0.017744764712219308,-0.0020971285014638186,0.16313717995176358,-0.007365928555234547,3.194066277427421,5.277353693346565,6.7199849643815535,7.811751991146054,7.132494501724396,7.6943363001766185,0.14285714285714285,0.24999999999999994,0.23076923076923073,0.35294117647058826,0.35294117647058826,0.3529411764705882,25611.194689072603
193,2013-06-13,-0.015565991055534356,0.0014151101073933692,-0.01729556658162157,0.20220135172046172,0.025971954305005873,-0.013476914392285266,2.170936298204662,3.668767785982352,4.8584961363270285,4.376689669392109,4.850409711331216,0.2857142857142857,0.3333333333333333,0.3076923076923077,0.35294117647058826,0.35294117647058826,0.4117647058823529,52599.63058492549
194,2013-06-14,0.013698630355186925,0.01752153579996074,-0.0020706754073059885,0.15666055474052754,-0.012893099008910669,0.9193112366956191,3.0560268348965414,4.6951620171338915,5.924892441143914,5.593993483602011,6.0478841971036035,0.2857142857142857,0.3333333333333333,0.3076923076923077,0.29411764705882354,0.29411764705882354,0.3529411764705882,37146.1812224782
195,2013-06-17,-0.0004741267583373565,0.005057689268215482,-0.00758651809704447,0.18091398860465602,0.007805081812403358,-0.2167597951539868,1.949692289860483,3.6036040016551585,4.799161717280387,4.7442195868868,5.094269481291258,0.2857142857142857,0.4166666666666666,0.3846153846153846,0.29411764705882354,0.35294117647058826,0.4117647058823529,32720.66903745851
196,2013-06-18,-0.0060702398105507704,0.007827508237300718,-0.006389728638649506,0.1593597215343796,-0.010589529066399317,0.48379561390625714,2.634638643389975,4.327550975318606,5.476952014122793,5.810133048783173,5.994524435616699,0.2857142857142857,0.3333333333333333,0.3076923076923077,0.23529411764705893,0.29411764705882354,0.4117647058823529,42786.54130311633
197,2013-06-19,0.023660827741360135,0.03220504383494838,-0.0004929181647564951,0.13919833532540182,-0.027795465571408884,2.706437332074718,4.810797289351099,6.746154403066695,7.975558814617312,8.704984378432412,8.726345277558977,0.2857142857142857,0.24999999999999994,0.23076923076923073,0.23529411764705893,0.29411764705882354,0.3529411764705882,39430.481442138
198,2013-06-20,0.01492798584296473,0.018188075123336978,-0.0017158373664349913,0.12209410257133979,-0.04239238091160025,6.230996124694754,8.58784266057986,10.581912212342793,12.082674097653733,13.266000820140068,13.168442991969442,0.2857142857142857,0.24999999999999994,0.1538461538461538,0.23529411764705893,0.29411764705882354,0.2941176470588235,74921.78783326679
199,2013-06-21,-0.0011880516357112292,0.004582501852766541,-0.015274915657668475,0.18463585947154093,0.010981345583524815,4.332757356915962,6.451852070382258,8.619441089321844,10.293625750305747,11.810210689703293,11.609939422669612,0.42857142857142855,0.24999999999999994,0.23076923076923073,0.29411764705882354,0.35294117647058826,0.2941176470588235,56212.511751986145
200,2013-06-24,0.00609966876786916,0.013070756133308548,-0.01394212244785431,0.1411416603050042,-0.02613709553956811,5.584327028029246,8.204700726649495,10.692294540982283,12.57593793337881,14.444226968425312,14.097001366373508,0.2857142857142857,0.24999999999999994,0.23076923076923073,0.29411764705882354,0.29411764705882354,0.23529411764705876,50955.778477574444
201,2013-06-25,-0.010843322232128028,0.004130843515691707,-0.01600688523259497,0.18647148005297343,0.012547845076716024,3.1251632448058286,6.086804155901326,8.613237661947903,10.627623619810954,12.679301218357985,12.190816624669075,0.42857142857142855,0.3333333333333333,0.3076923076923077,0.35294117647058826,0.29411764705882354,0.23529411764705876,29341.513918847297
202,2013-06-26,-0.0008626466677476019,0.00569361638532806,-0.007073844152412856,0.168944794765983,-0.0024094461551164015,2.0654550449837883,5.495158431833569,8.215013667388638,10.337784372293225,12.612959158415471,11.933343791601647,0.2857142857142857,0.24999999999999994,0.3076923076923077,0.35294117647058826,0.23529411764705882,0.23529411764705876,45292.306509546346
203,2013-06-27,-0.0032511807537847215,0.007871372482398664,-0.004791221847899152,0.18147219079458066,0.008281485390370324,0.21022796122456278,3.9234369652167755,6.697139228751703,8.86806873942807,11.31808062782853,10.430234234945225,0.42857142857142855,0.3333333333333333,0.3076923076923077,0.35294117647058826,0.23529411764705882,0.23529411764705876,37923.367520950844
204,2013-06-28,0.0001733957682970022,0.007284113770378076,-0.006590374609781513,0.15612861251092358,-0.013347089780063714,0.7730094164162926,4.589718225169048,7.342719479483484,9.696007237662307,12.429190834400128,11.32898076072677,0.42857142857142855,0.3333333333333333,0.23076923076923073,0.29411764705882354,0.23529411764705882,0.23529411764705876,49452.694068678466
205,2013-07-01,0.003283753831943459,0.009332889572539083,-0.003975112271428993,0.17583273586562087,0.0034686658667915093,0.32097024100101734,3.6615469143216783,6.357709012651092,8.618709689094462,11.711769343285706,10.381217013911726,0.5714285714285714,0.4166666666666666,0.3076923076923077,0.29411764705882354,0.29411764705882354,0.2941176470588235,38407.22609042126
206,2013-07-02,0.007089745561482008,0.011066902608787732,-0.007608559308021401,0.17116073000797005,-0.0005184659313851592,0.10374929123957433,3.201499080607295,5.673439659254509,8.025984189485879,11.445285878155541,9.918725293104714,0.42857142857142855,0.4166666666666666,0.23076923076923073,0.29411764705882354,0.29411764705882354,0.2941176470588235,26585.54585555781
207,2013-07-03,-0.003888317289207688,0.0070696003156733855,-0.012548656325604202,0.14644038984321117,-0.021615101435858874,2.113315645449454,4.595263140948402,7.194194857898384,9.721379660622297,13.444092473147084,11.756805291973539,0.42857142857142855,0.3333333333333333,0.23076923076923073,0.29411764705882354,0.29411764705882354,0.23529411764705876,28247.496703835393
208,2013-07-05,-0.0008877840909090606,0.0026633700284091066,-0.011718750000000111,0.16638365502182118,-0.004595224383780461,2.1332158244179666,4.258823507522247,7.00418839560446,9.567770992601377,13.469372884092357,11.725848460305688,0.2857142857142857,0.3333333333333333,0.23076923076923073,0.29411764705882354,0.29411764705882354,0.17647058823529416,35549.42613636364
209,2013-07-08,0.0019500088636767998,0.0102819003722745,-0.0014181528097854113,0.17364069168111573,0.001597969745161576,1.5777347333149505,3.223846551709686,6.121845860779818,8.785802290740886,12.77044912962415,11.011219433869623,0.42857142857142855,0.3333333333333333,0.23076923076923073,0.35294117647058826,0.35294117647058826,0.17647058823529416,22775.103527743307
210,2013-07-09,-0.007326648616913345,0.001363111285791696,-0.01652748366889556,0.21912917782063945,0.040418380878852966,-2.3075248902917456,-1.2620799148667095,1.551329706416471,4.105101928134158,7.915277051176539,6.261956029676186,0.42857142857142855,0.4166666666666666,0.3076923076923077,0.35294117647058826,0.35294117647058826,0.17647058823529416,42120.31610361759
211,2013-07-10,0.002059783798825432,0.014418126138624254,-0.0024030038586682068,0.16318307034700252,-0.007326636052682911,-1.4393601896068198,-0.8520923182808948,1.861931346158241,4.318079419521048,8.245468147152035,6.565150235989958,0.42857142857142855,0.4166666666666666,0.3076923076923077,0.29411764705882354,0.29411764705882354,0.17647058823529416,34286.67711251895
212,2013-07-11,-0.012461579341939033,0.0019420456070231573,-0.01521286591337001,0.2427662217795632,0.060590413503854634,-6.161418650775041,-6.110556327473782,-4.008197116862711,-1.8455348334378563,1.7736768497844002,0.1359470638909288,0.42857142857142855,0.49999999999999994,0.3846153846153846,0.35294117647058826,0.29411764705882354,0.23529411764705876,55886.68318679911
213,2013-07-12,0.0070863711272246555,0.013183915622939857,-0.002636783124587927,0.15071854768851312,-0.017964028818862388,-3.773896457217696,-4.185894397216261,-2.355056613969697,-0.4108221993029848,3.3344313717852625,1.6070235140828615,0.42857142857142855,0.4166666666666666,0.3846153846153846,0.29411764705882354,0.29411764705882354,0.23529411764705876,47884.629531971
214,2013-07-15,0.003777923722438681,0.0059132883391377344,-0.0014783179783456335,0.17563036853250025,0.003296013313511592,-3.0810057375204813,-4.090017175439109,-2.8885906010152063,-1.053013373491818,2.705943819693135,0.9611363102648207,0.5714285714285714,0.49999999999999994,0.3846153846153846,0.35294117647058826,0.35294117647058826,0.2941176470588235,17076.85780095503
215,2013-07-16,-0.008306645632800147,0.0006389936306387956,-0.016134153870100754,0.20487329303757007,0.02825225867075254,-4.310816866375244,-6.211774972216755,-5.570515759875361,-3.8755145946407277,-0.287159605584697,-2.001370139876657,0.7142857142857143,0.49999999999999994,0.46153846153846145,0.411764705882353,0.41176470588235287,0.3529411764705882,29500.598386632537
216,2013-07-17,0.009771457686816865,0.014342001350007738,-0.002521670567034451,0.1876788420623765,0.013578266836484554,-4.00765422284498,-6.8501626800291815,-6.822018872599811,-5.241472361316624,-1.7561629075691587,-3.429022005976423,0.7142857142857143,0.5833333333333333,0.46153846153846145,0.411764705882353,0.4705882352941176,0.4117647058823529,35099.07824901374
217,2013-07-18,0.004274857504749985,0.010924604179860742,-0.0015832647245090925,0.16641264196286198,-0.004570542507273401,-2.5558653146155796,-5.888671000620793,-6.351968827889931,-4.865758815187404,-1.4747111598442775,-3.1213236456661964,0.5714285714285714,0.49999999999999994,0.46153846153846145,0.411764705882353,0.41176470588235287,0.3529411764705882,23688.043698543384
218,2013-07-19,0.005910591243149854,0.010063930033991308,-0.002875399452888172,0.16137888924420807,-0.008866348902755838,-0.6937474944495925,-4.483112656466548,-5.381865620353398,-4.073483192952798,-0.801385138438726,-2.47010641949883,0.5714285714285714,0.49999999999999994,0.46153846153846145,0.411764705882353,0.35294117647058826,0.2941176470588235,24788.13817217694
219,2013-07-22,-0.010937515625000005,0.002500062500000011,-0.014218749999999947,0.19797391164725275,0.02236420750450563,-2.3727668735719076,-5.887275821739557,-7.026041482937629,-6.085379263572599,-3.1636904289470524,-4.66250052314352,0.5714285714285714,0.49999999999999994,0.5384615384615385,0.4705882352941177,0.41176470588235287,0.2941176470588235,32066.1875
220,2013-07-23,-0.0030839785068305092,0.0021588281313440483,-0.005397039487958,0.18733075386863396,0.013281242376068425,-2.7337798595951424,-6.3476139484030085,-7.809229017979602,-7.158827018653257,-4.561074258066721,-5.998457494029852,0.7142857142857143,0.5833333333333333,0.5384615384615385,0.5294117647058825,0.41176470588235287,0.3529411764705882,38609.64112908685
221,2013-07-24,0.02527650908809642,0.02527650908809642,-0.0031595735096299205,0.14376143716282974,-0.023901253598692662,0.1940827330430217,-3.2960995420430517,-5.106451150739466,-4.90239644390914,-2.3832141148016794,-3.8298401877444044,0.5714285714285714,0.5833333333333333,0.5384615384615385,0.4705882352941177,0.41176470588235287,0.3529411764705882,32863.13953971784
222,2013-07-25,-0.01771161469767424,0.000626974931457358,-0.01802503163048641,0.18102383809651235,0.007898791216529366,-0.3224312283252928,-3.2165194730470192,-5.424684568683591,-5.590567774690358,-3.2575708074275234,-4.611280584595779,0.5714285714285714,0.6666666666666667,0.5384615384615385,0.5294117647058825,0.4705882352941176,0.4117647058823529,33555.4268582512
223,2013-07-26,-0.009799362112313692,0.00046661999585273506,-0.014465702061507324,0.18076779622192518,0.007680316775622753,-0.895497237333065,-3.07868451372203,-5.676659463992451,-6.253472677942762,-4.0582494318372575,-5.362754725528429,0.5714285714285714,0.6666666666666667,0.6153846153846153,0.5294117647058825,0.4705882352941176,0.47058823529411764,16245.694412090614
224,2013-07-29,-0.004059359684963737,0.004059250395351155,-0.00608903952744555,0.167393971606975,-0.0037330177220239458,-0.3256451752548961,-2.1177721049232767,-4.9061442331256195,-5.82135167406217,-3.7771909014402416,-5.015285386844015,0.5714285714285714,0.5833333333333333,0.5384615384615385,0.5294117647058825,0.4705882352941176,0.4117647058823529,26325.306339126946
225,2013-07-30,0.007143943256264773,0.007937767647633986,-0.004603921111162923,0.1523759250290846,-0.016549592301521754,1.4401339924733358,0.06576549873085202,-2.9029595162719413,-4.115737450359013,-2.3216139835739447,-3.4459036266345944,0.5714285714285714,0.5833333333333333,0.5384615384615385,0.5294117647058825,0.4705882352941176,0.3529411764705882,31537.33841757935
226,2013-07-31,-0.002391168499920271,0.01243421010680712,-0.003825888729475535,0.16693153761674417,-0.004127622687001842,1.5713557452011973,0.5875465571432148,-2.130830941863948,-3.4649696146302422,-2.0150681238597645,-3.0329595824951983,0.42857142857142855,0.49999999999999994,0.46153846153846145,0.5294117647058825,0.4705882352941176,0.3529411764705882,33850.426749561615
227,2013-08-01,-0.0001572551460893301,0.00267250428120569,-0.00534508716640314,0.1882061768750498,0.014028323166147771,-0.11229022146305168,-0.4749929710223033,-3.0520814177548816,-4.537135897112821,-3.4903935287159404,-4.301660986115829,0.42857142857142855,0.5833333333333333,0.5384615384615385,0.5294117647058825,0.5294117647058822,0.3529411764705882,18145.517557828683
228,2013-08-02,-0.0014177851291744537,0.004725882167611939,-0.004410822306238127,0.16937346782233487,-0.0020437509256618913,0.13278009922521594,0.021383004156794172,-2.3359400175876455,-3.998443847119326,-3.3966427490679907,-4.111077883409731,0.42857142857142855,0.49999999999999994,0.5384615384615385,0.5294117647058825,0.4705882352941176,0.3529411764705882,15243.171392564587
229,2013-08-05,0.0017312086601950494,0.007239518299661407,-0.0001574126509692464,0.1728758202147156,0.0009452411718020581,-0.020234722784295833,0.032598381568882395,-1.8870774731026385,-3.783333199940353,-3.5208450136714142,-4.167456007991821,0.42857142857142855,0.49999999999999994,0.6153846153846153,0.5294117647058825,0.5294117647058822,0.4117647058823529,14882.53769462484
230,2013-08-06,0.004582822449159751,0.004582822449159751,-0.004740818658988899,0.16697340904989377,-0.004091949539390294,0.1625466030570566,0.42441945233584466,-0.9669780942693551,-3.08774926009181,-3.183130814229651,-3.7732513535389978,0.2857142857142857,0.4166666666666666,0.5384615384615385,0.5294117647058825,0.4705882352941176,0.3529411764705882,25082.755137227483
231,2013-08-07,-0.005392545684259176,0.005392545684259398,-0.006185551247986587,0.16750927012559647,-0.003634648068536861,0.30135139566771496,0.7782966515044842,-0.2764222594823451,-2.473091836130892,-2.873756797291316,-3.4018332036224286,0.2857142857142857,0.4166666666666666,0.46153846153846145,0.4705882352941177,0.4705882352941176,0.3529411764705882,24447.85050672245
232,2013-08-08,-0.023953942146057283,0.00439661922978507,-0.02637959409308055,0.2258498469955006,0.04615382356623132,-3.4804603896145925,-3.3039459794216186,-4.120097525236077,-6.326340889283754,-7.074630546514394,-7.442602204076032,0.42857142857142855,0.49999999999999994,0.5384615384615385,0.5294117647058825,0.5294117647058822,0.4117647058823529,54874.68306360951
233,2013-08-09,-0.01891250000000011,0.0057624113475174266,-0.023345183215130128,0.20232378917174199,0.026076498597209063,-4.888555697405561,-5.3729770684181055,-6.142354243349624,-8.188749096288994,-9.25222767184949,-9.398011642269722,0.5714285714285714,0.49999999999999994,0.5384615384615385,0.5294117647058825,0.588235294117647,0.47058823529411764,63011.706855791956
234,2013-08-12,-0.009316843715608814,0.008577254869391204,-0.009612569819022365,0.1707294282877614,-0.000886513265106581,-3.9569915781446863,-4.9964124966255135,-5.570348631461441,-7.590214680755913,-8.973470280702966,-8.950019750658168,0.42857142857142855,0.4166666666666666,0.5384615384615385,0.5294117647058825,0.5294117647058822,0.47058823529411764,42857.61980810619
235,2013-08-13,0.006077735044140775,0.007263534053713716,-0.004298858646588299,0.16899555156116963,-0.002366063667006091,-2.8863786957154525,-4.330621399076606,-4.881918885288739,-6.79504548320825,-8.621348540355832,-8.307158673232317,0.42857142857142855,0.4166666666666666,0.46153846153846145,0.5294117647058825,0.5294117647058822,0.4117647058823529,23795.32410015304
236,2013-08-14,0.002210788569219968,0.009285261880184636,-0.0010316728380742601,0.1785422416909339,0.005780971331095008,-2.5371003264061054,-4.454143886182161,-5.060173726254769,-6.723858006736205,-8.968656188889279,-8.42361602418129,0.42857142857142855,0.4166666666666666,0.46153846153846145,0.5882352941176472,0.5294117647058822,0.47058823529411764,18197.968848901073
237,2013-08-15,-0.012786640023711882,0.002792504368128945,-0.015138139107317206,0.1750496313394092,0.002800414023654163,-1.8098617380714943,-4.327288363820669,-5.004062230554118,-6.37387997058555,-9.05595099806601,-8.256071330893333,0.5714285714285714,0.4166666666666666,0.46153846153846145,0.5882352941176472,0.588235294117647,0.47058823529411764,26245.325305021674
238,2013-08-16,0.005774341045686526,0.007995276754585667,-0.001628679277040579,0.16315731798934707,-0.007348660430795739,-0.13325189265738224,-3.2499242612370915,-3.991989488569647,-5.212783263190113,-8.208539219857258,-7.1919281779786015,0.5714285714285714,0.4166666666666666,0.46153846153846145,0.5294117647058825,0.5294117647058822,0.47058823529411764,19363.82056018921
239,2013-08-19,0.004927609303753799,0.007167328547598606,-0.0010452291915001855,0.16187917341588576,-0.008439403022776792,0.932186716714023,-2.0019647732126167,-2.864113726766937,-3.941533372006012,-7.210054865624416,-6.004824033546019,0.42857142857142855,0.4166666666666666,0.46153846153846145,0.5294117647058825,0.5294117647058822,0.47058823529411764,18941.809930673287
240,2013-08-20,0.009908567375261246,0.017378049310306398,-0.00045728659930766025,0.14779737589366126,-0.020457004287600777,2.5871150834021694,0.3571483115302643,-0.719361356687187,-1.7280000090842629,-5.006528784771458,-3.704698929872152,0.2857142857142857,0.4166666666666666,0.3846153846153846,0.4705882352941177,0.4705882352941176,0.47058823529411764,44306.928180119765
241,2013-08-21,0.01890962841017374,0.020800504582421997,-0.0007878821428913829,0.13354289408724118,-0.03262199317962977,5.110090341038109,3.7245153082595683,2.5242847351039543,1.742389396743249,-1.6328158995680186,-0.20394387486620813,0.2857142857142857,0.3333333333333333,0.3076923076923077,0.4705882352941177,0.4705882352941176,0.4117647058823529,54412.804828455795
242,2013-08-22,0.002785515191016108,0.008975456098323065,-0.002011838346711259,0.1931874098312174,0.018279290519941815,2.5953936492838725,1.9885517976580003,0.7811269457729253,0.12269858401696698,-3.131859592320141,-1.6399136961615546,0.42857142857142855,0.4166666666666666,0.3846153846153846,0.4705882352941177,0.5294117647058822,0.47058823529411764,36071.4217236573
243,2013-08-23,0.006351603113015969,0.009140139002007386,-0.0015492795561916628,0.17049899140346048,-0.0010831149807309925,1.9763087136466906,2.2109002652923593,0.9457317789313358,0.33915075154822283,-2.7889152150529894,-1.1689825119452824,0.2857142857142857,0.3333333333333333,0.3076923076923077,0.411764705882353,0.5294117647058822,0.4117647058823529,24344.467497499572
244,2013-08-26,0.004837655903943583,0.011704119484890141,-0.0010923844852562814,0.16323628152727832,-0.0072813179394046745,1.8414506998918778,3.0497631846571727,1.6705352617447877,1.1102230649860712,-1.848504619790503,-0.10210104637656814,0.14285714285714285,0.3333333333333333,0.23076923076923073,0.35294117647058826,0.4705882352941176,0.4117647058823529,20192.507484597147
245,2013-08-27,0.010665425023877795,0.017351162050302404,-0.0014326647564470996,0.1487278753082042,-0.019662940713005894,2.8107556593351735,5.090513943901365,3.616536925052083,3.1188941589890273,0.28615907304556654,2.089421881653286,0.14285714285714285,0.3333333333333333,0.23076923076923073,0.35294117647058826,0.41176470588235287,0.3529411764705882,29612.18051575931
246,2013-08-28,-0.004128278818672504,0.008732915211178138,-0.0060336932359479345,0.17475273208351916,0.0025469825549033764,1.6445134662355976,4.485554596606511,3.35254143585082,2.8784680905769244,0.23250303437061248,2.0441893569319802,0.2857142857142857,0.3333333333333333,0.3076923076923077,0.411764705882353,0.4705882352941176,0.4117647058823529,39486.138774214036
247,2013-08-29,0.006045195576754869,0.012090327520039468,-0.003977091887096829,0.16953562905768704,-0.0019052862581668828,1.215847546341653,4.137307219344555,3.5596815081473387,3.0100856585376423,0.6132246735350178,2.2876183117820803,0.2857142857142857,0.24999999999999994,0.3076923076923077,0.35294117647058826,0.41176470588235287,0.3529411764705882,23422.480378245622
248,2013-08-30,0.003318631531583849,0.003634623951242588,-0.003634639754024005,0.17959733154499813,0.0066814459328348175,0.5034331267331771,2.9562507062492083,2.8475124331803325,2.2377889407261264,0.1505044287787971,1.7261171558047517,0.42857142857142855,0.3333333333333333,0.3076923076923077,0.35294117647058826,0.4705882352941176,0.4117647058823529,15988.254361397825
249,2013-09-03,0.007475178910365532,0.009153302403357655,-0.0064074138943975845,0.21380233739988896,0.03587232933176088,-2.7743265640388093,-0.8172614133755807,-0.563727815007864,-1.1801236984271934,-2.9918998038750866,-1.5931129436787095,0.42857142857142855,0.4166666666666666,0.3846153846153846,0.411764705882353,0.4705882352941176,0.47058823529411764,22179.014240426503
250,2013-09-04,-0.01523073846153844,0.0003076461538462638,-0.01676923076923087,0.161936456126343,0.009787169529406947,-3.362383997900531,-1.9575372542790626,-1.336739198669279,-2.008877952809962,-3.5770464346232655,-2.3918745337586644,0.5714285714285714,0.4166666666666666,0.3846153846153846,0.411764705882353,0.4705882352941176,0.5294117647058824,22915.923076923078
251,2013-09-05,0.00030963145526086144,0.007122932575938989,-0.0003097553326183444,0.14323951582303263,-0.006461445089400497,-2.36812431768586,-1.5671421294632948,-0.515231990277687,-1.2915554465919854,-2.6113105552488802,-1.6565566856428515,0.5714285714285714,0.3333333333333333,0.3846153846153846,0.35294117647058826,0.41176470588235287,0.47058823529411764,13681.254144247318
252,2013-09-06,0.0032342368704758595,0.009240705375019198,-0.0026181734175266813,0.15691073581090786,0.005419413193778366,-2.1813368980360015,-2.2510873934652675,-0.8303584235189954,-1.711790913898359,-2.8686959260219025,-2.0587309852680535,0.7142857142857143,0.4166666666666666,0.46153846153846145,0.411764705882353,0.4705882352941176,0.47058823529411764,19282.844139842906
253,2013-09-09,-0.014473073587424223,0.0013567917576726707,-0.01552840296914193,0.17548527222265653,0.021561780556914156,-3.280287143916749,-4.253339662708866,-2.8116944263485877,-3.5454386425466056,-4.591492311532585,-3.916737181867136,0.7142857142857143,0.49999999999999994,0.46153846153846145,0.4705882352941177,0.5294117647058822,0.5294117647058824,19184.888159629485
254,2013-09-10,-0.005056454641774399,0.0014871802940863432,-0.009518144245037052,0.1664610382919125,0.01371927535635531,-3.418273061577959,-5.249474786500585,-4.071880938366268,-4.551290816496623,-5.650343280366609,-5.030462319404738,0.8571428571428571,0.5833333333333333,0.46153846153846145,0.5294117647058825,0.5294117647058822,0.5294117647058824,23056.704433602154
255,2013-09-11,-0.010042829863281977,0.0028061291213430373,-0.01565495518616089,0.15871771924647438,0.006989869339900867,-2.9136834518865173,-5.338319001109026,-4.645814974631768,-4.937177343540322,-6.019643944496056,-5.519736020076604,0.8571428571428571,0.6666666666666667,0.5384615384615385,0.5294117647058825,0.5294117647058822,0.5882352941176471,16339.27494225779
256,2013-09-12,-0.0005971189908081653,0.004179713514844474,-0.002239170092227849,0.1384388405366288,-0.010633603687216331,-1.3114923581611038,-3.944169459211555,-3.5680459253140784,-3.6674017434651596,-4.753440805575915,-4.298293160227972,0.7142857142857143,0.5833333333333333,0.5384615384615385,0.5294117647058825,0.5294117647058822,0.5294117647058824,17607.59882396175
257,2013-09-13,-0.0057074945717183745,0.00045057072842991097,-0.009762721244736317,0.14363223426809202,-0.006120235834892185,-0.3647637987687635,-3.01022064998967,-2.9777005833226844,-2.8497681923725704,-3.9842931822558825,-3.540385812013802,0.5714285714285714,0.5833333333333333,0.46153846153846145,0.4705882352941177,0.4705882352941176,0.47058823529411764,20372.98557002146
258,2013-09-16,0.00996872504045121,0.01041519134675184,-0.0010415116953058634,0.16156261195875454,0.009462354292674835,-0.7396953777300763,-3.4641287270786636,-3.859180567143017,-3.491055372213936,-4.71064825679367,-4.271235455628652,0.7142857142857143,0.6666666666666667,0.46153846153846145,0.5294117647058825,0.4705882352941176,0.47058823529411764,14639.678688300532
259,2013-09-17,-0.0031129410482202413,0.0017788763975521427,-0.0050399644980724245,0.15495466828540638,0.003719652606888113,-0.5717716148548879,-3.210842730842045,-4.135289491483485,-3.5551446084723826,-4.871883709496839,-4.432736440695639,0.7142857142857143,0.75,0.5384615384615385,0.5882352941176472,0.5294117647058822,0.5294117647058824,11854.91479181611
260,2013-09-18,-0.03870321502584484,0.0021422594462550126,-0.04341608297983801,0.19434079958407868,0.0379482786617924,-3.454107711803034,-5.915721262586581,-7.350774758146517,-6.813604331919654,-8.059221675827654,-7.593631982858207,0.7142857142857143,0.75,0.6153846153846153,0.5882352941176472,0.588235294117647,0.5882352941176471,38927.879131485824
261,2013-09-19,0.018282871802711487,0.018429047019348666,-0.003510399143905163,0.12355947504385045,-0.023564510272869543,-0.8880346556358387,-2.9512975037381373,-4.839675730808423,-4.465032790773282,-5.648092112792202,-5.0806883479687865,0.5714285714285714,0.75,0.6153846153846153,0.5294117647058825,0.588235294117647,0.5294117647058824,33743.33082882855
262,2013-09-20,0.008015451624664438,0.01039033648254395,-0.0016327890025475966,0.13384444913742666,-0.014626373951139193,0.5110362574419991,-0.9563412747570332,-3.0700484093243996,-2.995684832407186,-4.117263388194125,-3.4637324662118663,0.42857142857142855,0.6666666666666667,0.6153846153846153,0.5294117647058825,0.5294117647058822,0.47058823529411764,20943.039441411336
263,2013-09-23,0.004742145610159509,0.008150503490641725,-0.0005927830204748297,0.15255343864678883,0.0016328408985788467,0.45092185603594626,-0.7886015637909249,-2.9441492073968067,-3.0884888729121096,-4.08587714836669,-3.4033570600230045,0.5714285714285714,0.6666666666666667,0.6153846153846153,0.5882352941176472,0.588235294117647,0.5294117647058824,20941.500550866902
264,2013-09-24,0.007771573291192935,0.007921057664262099,-0.0026901956245586334,0.14095490024327173,-0.008447004788088353,1.3771169865328003,0.2604755848592877,-1.8666778360988068,-2.247882430907011,-3.117251860046588,-2.387707917079185,0.5714285714285714,0.5833333333333333,0.6153846153846153,0.5294117647058825,0.5294117647058822,0.47058823529411764,19592.482612854124
265,2013-09-25,0.0017755992371826235,0.005031014944332446,-0.0032554157071494894,0.1621968436364969,0.010013328117033593,0.4502705059784562,-0.4164291491618455,-2.511674058384361,-3.1765838773317623,-3.921066828923181,-3.1254863522925946,0.5714285714285714,0.6666666666666667,0.6923076923076923,0.5294117647058825,0.588235294117647,0.47058823529411764,18054.63722830313
266,2013-09-26,0.005162973813793048,0.012538692837605891,-0.0029503613667154482,0.15425038181440853,0.0031075709408079355,0.20862387191100673,-0.4235815097711093,-2.385132739224949,-3.3993122403133236,-4.046859848451856,-3.1779847180340437,0.5714285714285714,0.6666666666666667,0.7692307692307692,0.5882352941176472,0.6470588235294117,0.5294117647058824,14557.194209202033
267,2013-09-27,-0.000297915106540092,0.0011913774775464958,-0.005807892604381415,0.13981116885569533,-0.009440895225148682,0.5531289173469567,0.6126943476862046,-1.078665717746763,-2.4049307646073714,-2.944634839742688,-2.1540314887759093,0.42857142857142855,0.5833333333333333,0.6923076923076923,0.5882352941176472,0.588235294117647,0.5294117647058824,20748.068629960726
268,2013-09-30,-0.00406010526315792,0.006015067669173035,-0.005864646616541402,0.1395362087630334,-0.009679854584898284,1.134263059765206,1.516646186101256,0.22991886923600102,-1.3392342290143633,-1.8205589096737307,-1.1959916212994526,0.42857142857142855,0.49999999999999994,0.6923076923076923,0.5882352941176472,0.5294117647058822,0.5294117647058824,19323.812030075187
269,2013-10-01,-0.004668764919615542,0.0028613553355012478,-0.0073794877295334516,0.1489442681932076,-0.0015038537994763734,1.0778902979834637,1.5286214284560673,0.6863226526329758,-0.9710622350322717,-1.5315862889869636,-1.0472991362919015,0.42857142857142855,0.4166666666666666,0.6153846153846153,0.5882352941176472,0.5294117647058822,0.47058823529411764,19280.625925252232
270,2013-10-02,-0.01271690680532056,0.0026930133269309486,-0.01271690680532056,0.15829956345759455,0.00662653446107786,0.2757145619962209,0.8442379234140596,0.19948429307545812,-1.4421851014469578,-2.019400231588575,-1.6732891450462306,0.42857142857142855,0.49999999999999994,0.6153846153846153,0.5882352941176472,0.588235294117647,0.5294117647058824,15898.163129812276
271,2013-10-03,0.004387971214281805,0.006960312117434642,-0.006052262433182687,0.13776305887470564,-0.011220816565142622,1.2364105053044971,1.935675355214861,1.4150996500493784,-0.17772355437696286,-0.774428471878208,-0.5807466308194065,0.42857142857142855,0.49999999999999994,0.5384615384615385,0.5882352941176472,0.5294117647058822,0.47058823529411764,16385.746339037454
272,2013-10-04,-0.010675071096825306,0.0006014283385527008,-0.012930386019233575,0.1579871749485613,0.006354948460692844,0.3672959848102675,1.2167926697478793,0.9128629629949758,-0.6156556790117507,-1.244611824461539,-1.2216711674925884,0.42857142857142855,0.49999999999999994,0.6153846153846153,0.6470588235294117,0.5294117647058822,0.5294117647058824,18300.00681698972
273,2013-10-07,-0.006695100324176639,0.00928181665730654,-0.007151567146202464,0.13700706561992582,-0.011877848280942072,1.123812673048774,2.2443679695346663,2.1831409793235057,0.7980559447408719,0.08034020101186368,-0.06055989042987875,0.2857142857142857,0.4166666666666666,0.5384615384615385,0.6470588235294117,0.5294117647058822,0.5294117647058824,14947.265140775029
274,2013-10-08,0.005384584615384602,0.00661538461538469,-0.005076953846153698,0.13806829155621791,-0.010955588145551531,1.7714268901791508,2.825275391712778,3.2175820092664065,2.087872523380896,1.1972534531748957,1.0128617754478375,0.2857142857142857,0.3333333333333333,0.46153846153846145,0.5882352941176472,0.5294117647058822,0.47058823529411764,23719.0
275,2013-10-09,-0.0021413124261844274,0.004588605288556424,-0.008718247570430604,0.15740157633924112,0.005846099714062802,0.9351945838488085,1.900979624766319,2.4821970519436354,1.693994959619527,0.5696916559299492,0.4677546089591811,0.42857142857142855,0.4166666666666666,0.46153846153846145,0.6470588235294117,0.588235294117647,0.47058823529411764,26606.52645797766
276,2013-10-10,-0.014446938199259796,0.0018059143027500113,-0.017306155785078436,0.1695063996378665,0.016365874417710646,-0.6793492626219977,0.16124164115816075,0.741699922603134,0.2880823402646948,-1.0480230062037355,-0.9723324280402901,0.5714285714285714,0.49999999999999994,0.46153846153846145,0.6470588235294117,0.6470588235294117,0.5294117647058824,24444.448808673387
277,2013-10-11,-0.01236041660877396,0.0029783468956561254,-0.01578564361025636,0.16279616885081283,0.010534344218478875,-1.648768379840837,-0.9179948250857883,-0.29713784040916735,-0.6095168042117183,-2.0474840209422585,-1.847505697834062,0.5714285714285714,0.49999999999999994,0.5384615384615385,0.6470588235294117,0.6470588235294117,0.5882352941176471,16170.257895122624
278,2013-10-14,-0.014180192652002543,0.003840502385842104,-0.014623309362923553,0.16009921676163508,0.008190437920337912,-2.1080310213071107,-1.639577106759138,-1.0283355212300171,-1.274520386373712,-2.8055601409475828,-2.4629080459492414,0.7142857142857143,0.5833333333333333,0.6153846153846153,0.6470588235294117,0.7058823529411764,0.5882352941176471,20281.127929784103
279,2013-10-15,-0.0019146538464018814,0.004565493238129825,-0.0038292046000233393,0.15407410668250532,0.0029543616393936656,-2.103939322143733,-1.8956494321416217,-1.2714819165205893,-1.3907056289641506,-3.053821860575723,-2.5409389395499082,0.7142857142857143,0.5833333333333333,0.6153846153846153,0.7058823529411764,0.7647058823529411,0.5882352941176471,38851.72345058252
280,2013-10-16,-0.0014647576445623312,0.0032225136907504393,-0.0049801818506012285,0.1569447573682361,0.005449028717973148,-2.1008931382863527,-2.3771061237735647,-1.7500432441078684,-1.7503920574649556,-3.511360118259965,-2.793705281090242,0.8571428571428571,0.5833333333333333,0.6153846153846153,0.7058823529411764,0.8235294117647058,0.6470588235294118,19962.38157155624
281,2013-10-17,-0.011419499855449655,0.0,-0.011997716102919997,0.1660125838343327,0.01332955651778267,-2.525506442126324,-3.451661085730884,-3.1002641206829717,-2.8956568575328134,-4.663040033824206,-3.7694936113132793,1.0,0.6666666666666667,0.6153846153846153,0.7058823529411764,0.8235294117647058,0.7058823529411765,16297.063023995373
282,2013-10-18,-0.0010057327875210298,0.0015804741833469471,-0.005890747295711041,0.1576604506619239,0.006071097585556018,-2.247537971979241,-3.716134171986807,-3.600848005631452,-3.3605290667779286,-5.061113348114111,-4.027057792623623,1.0,0.75,0.6923076923076923,0.7058823529411764,0.8823529411764706,0.7647058823529412,20777.73622927403
283,2013-10-21,-0.005399218758136648,0.0,-0.008809250162372217,0.16357006788451267,0.011206975680557951,-2.533194365470104,-4.37929570795923,-4.465561185757161,-4.296072843990329,-5.840549133485029,-4.756228200514601,1.0,0.8333333333333333,0.7692307692307692,0.7058823529411764,0.8823529411764706,0.823529411764706,20318.693960771267
284,2013-10-22,0.0011051526606595807,0.00718338178178457,-0.002486531323201202,0.18353692108792408,0.028559143592083558,-4.205393979382177,-6.486687152034776,-6.795200823110347,-6.686989764504492,-8.161175600420911,-7.084243266033264,1.0,0.8333333333333333,0.7692307692307692,0.7647058823529413,0.8823529411764706,0.823529411764706,28773.693034599986
285,2013-10-23,0.004202311306938267,0.004622524227798186,-0.0026614652284839835,0.13477914700308236,-0.013814088457362983,-2.1251429973431213,-4.646504875783952,-5.19079850894717,-5.139269629639054,-6.607857925408645,-5.526979463363912,0.8571428571428571,0.8333333333333333,0.7692307692307692,0.7647058823529413,0.8235294117647058,0.823529411764706,19575.971838870595
286,2013-10-24,0.003198817713523816,0.006119526950778109,-0.0018081362501213283,0.1588949732037379,0.0071439345260140286,-2.0246406459580313,-4.787405780801235,-5.577192731749703,-5.579179243906185,-6.9731559596525,-5.906221254925981,0.8571428571428571,0.8333333333333333,0.7692307692307692,0.7647058823529413,0.8823529411764706,0.8823529411764707,16990.654603848274
287,2013-10-25,-0.0004170443486724018,0.0015292784651743663,-0.004587821493118427,0.15115471156036686,0.0004171395461813887,-1.3385954802806133,-4.210435943941892,-5.342488423874703,-5.396607930859421,-6.672962838667673,-5.667406946029397,0.8571428571428571,0.9166666666666665,0.7692307692307692,0.7647058823529413,0.8823529411764706,0.9411764705882352,13135.382594188794
288,2013-10-28,-0.0037447435158043385,0.0024965465324979785,-0.007350873990315643,0.15339420247427848,0.0023634823547478145,-0.9926690192958443,-3.73291106241721,-5.238755775950077,-5.516642389415393,-6.554411246451464,-5.661183960800276,0.8571428571428571,1.0,0.8461538461538463,0.7647058823529413,0.8823529411764706,0.9411764705882352,13907.460857377555
289,2013-10-29,0.0013938946583187395,0.004042389295856985,-0.005018135071595542,0.14492920988997993,-0.004993177824045181,-0.06968664922762935,-2.6165816697280686,-4.415405499314195,-4.874734955330151,-5.753209231684286,-5.008551295268804,0.7142857142857143,0.9166666666666665,0.8461538461538463,0.7647058823529413,0.8235294117647058,0.9411764705882352,7692.058480430958
290,2013-10-30,0.011668804091190754,0.014058766233323583,-0.006607521718298481,0.14089061360718302,-0.008502867392015112,0.937922014150816,-1.311478081893358,-3.2790355586444275,-3.8701721803002687,-4.644073402074489,-4.056550779304857,0.5714285714285714,0.8333333333333333,0.8461538461538463,0.7647058823529413,0.7647058823529411,0.8823529411764707,15645.000941065693
291,2013-10-31,0.010892587045053359,0.014429155059296539,-0.00014149101311389245,0.14355681944454846,-0.006185689388978899,1.2226284578861213,-0.33952315818881473,-2.417676972855154,-3.1096648796024584,-3.8376920460097996,-3.3098337352663765,0.42857142857142855,0.75,0.7692307692307692,0.7058823529411764,0.7647058823529411,0.823529411764706,15882.434265569831
292,2013-11-01,-0.0005637119583384864,0.004791488229868968,-0.011273886855607151,0.15506947972534801,0.003819249659628099,0.7509357554793317,-0.39055079360802436,-2.462140256499401,-3.274468730786917,-4.003584359358059,-3.5013561211479582,0.5714285714285714,0.75,0.8461538461538463,0.7647058823529413,0.8235294117647058,0.823529411764706,24913.036427762636
293,2013-11-04,-0.0002789180106118616,0.0027885805523066853,-0.005716717711702235,0.16299882323395942,0.010710307683398979,-0.3525583567011825,-1.0656466394989628,-3.1498089503454896,-4.0932921865583065,-4.783807897957759,-4.344267640322119,0.5714285714285714,0.75,0.8461538461538463,0.7647058823529413,0.8235294117647058,0.8823529411764707,15065.926728012735
294,2013-11-05,0.0009697977279023995,0.002632349681352064,-0.005680285397617113,0.15805496053756873,0.006414000829923383,-0.9381420363529402,-1.3092367368078062,-3.3408637693116416,-4.487302507165081,-5.1514812487557515,-4.767058846742723,0.5714285714285714,0.75,0.9230769230769231,0.7647058823529413,0.8235294117647058,0.8823529411764707,16255.58077029648
295,2013-11-06,-0.003845611972135843,0.0020601703628668755,-0.005356407234072269,0.1607177951736838,0.008727925318193996,-1.6559621081360776,-1.8070379888699417,-3.6664107948342184,-5.036087519026178,-5.760247828841147,-5.481570711252659,0.5714285714285714,0.75,1.0,0.8235294117647061,0.8235294117647058,0.8823529411764707,14613.751122503809
296,2013-11-07,0.018624757393935987,0.019745076614195334,-0.001120319220259458,0.1285495635598335,-0.019227837929418734,0.20603903120441913,0.2990629153964752,-1.375705194510357,-2.9287753074551337,-3.7736602582459366,-3.5069245273235294,0.5714285714285714,0.6666666666666667,0.9230769230769231,0.8235294117647061,0.8235294117647058,0.823529411764706,20280.47204696978
297,2013-11-08,-0.008627929186919903,0.0002782632858577827,-0.012802657767844838,0.1579256334599186,0.006301445389594873,-0.2763264024515877,-0.1818979672158494,-1.6347879958948486,-3.265273028386473,-4.238725481569627,-3.932641320985719,0.7142857142857143,0.6666666666666667,0.9230769230769231,0.8823529411764706,0.8823529411764706,0.823529411764706,13670.026806693199
298,2013-11-11,0.002676739813606499,0.0043673990828094755,-0.0035221187578704516,0.13658355008830458,-0.012246054731795852,1.0183994732417379,0.9137433302302878,-0.1583217200742726,-1.8576595653528205,-2.9176482551322436,-2.6007254873773644,0.7142857142857143,0.5833333333333333,0.8461538461538463,0.8235294117647061,0.8235294117647058,0.823529411764706,12543.378168031355
299,2013-11-12,0.001423167842173001,0.005407784491580303,-0.006830738871384856,0.13916468958279649,-0.01000278071620242,1.8987999054177251,1.8195137901772407,1.0246217418292236,-0.6535986134918681,-1.8117152121365554,-1.4800024160214975,0.5714285714285714,0.5833333333333333,0.7692307692307692,0.8235294117647061,0.8235294117647058,0.823529411764706,22978.935519280014
300,2013-11-13,-0.014080472595092375,0.0004266534042569603,-0.016640577916102184,0.151329653969017,0.0005692458241988163,1.5543417808546511,1.6000564159539543,1.130368926019143,-0.5170962511364174,-1.7625996657246068,-1.4251151962302533,0.5714285714285714,0.5833333333333333,0.7692307692307692,0.8235294117647061,0.8235294117647058,0.823529411764706,15433.504776973541
301,2013-11-14,-0.0073664262567745276,0.005099886958486177,-0.011757955050741176,0.15525700967655043,0.003982371945546737,0.8297395213534786,1.0614606393968051,0.8857320509654709,-0.6653102710401204,-2.0466931480266903,-1.7027896610150473,0.5714285714285714,0.5833333333333333,0.7692307692307692,0.8823529411764706,0.8235294117647058,0.823529411764706,12442.68961290209
302,2013-11-15,-0.003082541554607965,0.0025220679898247944,-0.007286044250271351,0.16338934668917937,0.01104980210889872,-0.5604657399262414,-0.11610345350953066,-0.07073204890221119,-1.4321814198502536,-3.072191356570886,-2.6081452083824397,0.5714285714285714,0.5833333333333333,0.7692307692307692,0.9411764705882353,0.8823529411764706,0.823529411764706,20112.492218852785
303,2013-11-18,0.007466877678210304,0.012256902835013905,-0.0022541982704622487,0.14438678065970945,-0.005464615934671069,-0.10062764667665425,0.3562427446972105,0.5709245064518864,-0.6088171906552309,-2.4520583712220656,-1.892679704325928,0.5714285714285714,0.5833333333333333,0.6923076923076923,0.8823529411764706,0.8823529411764706,0.823529411764706,15806.26898532253
304,2013-11-19,0.005653738515901008,0.0066431236749116,-0.0036749399293286578,0.14694613958760883,-0.0032402890096767667,-1.1617109052508567e-06,0.6441188631378214,0.9227654870880286,-0.06865200335327559,-2.0212001739518093,-1.3980813033883543,0.42857142857142855,0.5833333333333333,0.6153846153846153,0.8235294117647061,0.8823529411764706,0.823529411764706,14629.388692579505
305,2013-11-20,0.015529234491259869,0.018236201218515324,-0.002422068601736216,0.14156687701595772,-0.007915080307820621,0.6370361625670284,1.3961982067772771,1.5786961904836083,0.8833053475524322,-1.1475755680644628,-0.475047803356643,0.42857142857142855,0.5833333333333333,0.5384615384615385,0.7647058823529413,0.8235294117647058,0.7647058823529412,16583.98314332574
306,2013-11-21,0.006179936585802404,0.00747335419737416,-0.0020120723767727,0.1406743952737326,-0.008690699277647207,1.3776455875201599,2.1434627672472617,2.345353589514221,1.8642361397891216,-0.18958264151740511,0.5407855601568423,0.42857142857142855,0.49999999999999994,0.5384615384615385,0.7058823529411764,0.8235294117647058,0.7647058823529412,18360.59763260714
307,2013-11-22,-0.00014487253556094704,0.001013904967932966,-0.003910834242311201,0.14174433196050606,-0.007760884607090346,1.9077933382761536,2.665115800461848,2.9485936597082096,2.719948141262951,0.641443928391161,1.431875498878421,0.2857142857142857,0.4166666666666666,0.46153846153846145,0.6470588235294117,0.7647058823529411,0.7058823529411765,18908.32765195064
308,2013-11-25,0.00043457917477285335,0.00246266844071652,-0.004056193018342702,0.1505078834874667,-0.0001449509953302952,1.599725722169576,2.35405309878034,2.7634673975516,2.774160211375154,0.6988033915888758,1.5835805091523936,0.14285714285714285,0.3333333333333333,0.3846153846153846,0.5882352941176472,0.7647058823529411,0.6470588235294118,13017.977444864224
309,2013-11-26,-0.0030688148472893806,0.0014613327487944527,-0.005114686540991009,0.14067317319891126,-0.0086917862246787,1.8767855457418436,2.7943015776973557,3.409109390510312,3.6361404147392973,1.6262662562192887,2.6174769970357836,0.0,0.24999999999999994,0.3076923076923077,0.5294117647058825,0.7647058823529411,0.6470588235294118,17574.624725997368
310,2013-11-27,0.006486731343454899,0.009140424321379292,-0.0014742591338858801,0.1405854127184567,-0.008768163923054018,2.114536855621063,3.32659745597923,4.049342498873254,4.45968182503631,2.5719093420089267,3.628402090534122,0.0,0.24999999999999994,0.3076923076923077,0.4705882352941177,0.7058823529411764,0.6470588235294118,17780.217225970304
311,2013-11-29,0.004837320362982789,0.01070061549837864,-0.0011727059341437585,0.15729069803441242,0.00574974309995957,1.000963288176826,2.354773252756215,3.2513817474493667,3.7494194067875686,2.0490389591253155,3.1101017786548946,0.14285714285714285,0.24999999999999994,0.3846153846153846,0.4705882352941177,0.7058823529411764,0.7058823529411765,15613.189158396524
312,2013-12-02,0.0049319082390131275,0.006874891234500469,-0.001793498622418177,0.12857874432120076,-0.01920256968475742,2.278111622942691,3.9242443975822994,5.003873338321663,5.488176733258654,4.0494999339044435,5.118597324903806,0.14285714285714285,0.24999999999999994,0.3846153846153846,0.411764705882353,0.6470588235294117,0.6470588235294118,26338.857938134333
313,2013-12-03,-0.005710067360928495,0.0021036663213975793,-0.007964026688323411,0.1444835919152445,-0.005380414032699288,2.1809615787747205,4.08715472338097,5.2563422184567,5.799076949226056,4.628815083588167,5.637866542054737,0.14285714285714285,0.24999999999999994,0.3076923076923077,0.411764705882353,0.588235294117647,0.6470588235294118,32307.037611959233
314,2013-12-04,-0.005667486696458446,0.0026845636382744065,-0.0070097088586261735,0.15931988713671275,0.007513222470657999,0.9949876925015921,2.96366842709046,4.139761532865327,4.751776733704105,3.867753278716024,4.81388408363117,0.2857142857142857,0.24999999999999994,0.3076923076923077,0.411764705882353,0.588235294117647,0.6470588235294118,28177.969656421938
315,2013-12-05,0.00015001500375211307,0.00570394750657699,-0.00495349722515015,0.14329519351995001,-0.006413144372605872,1.1300747604632733,3.2025967651407194,4.414514326698438,5.1432379876700685,4.570337043468875,5.4196459058419855,0.2857142857142857,0.16666666666666663,0.23076923076923073,0.35294117647058826,0.5294117647058822,0.6470588235294118,18196.23724719736
316,2013-12-06,0.002961705952342575,0.004442514503813166,-0.0034058344943852514,0.1663922774708575,0.013659554011174357,-0.4230936347593417,1.40572290300629,2.635157846353131,3.4846904888722996,3.2504030543802687,3.9292548386297588,0.42857142857142855,0.16666666666666663,0.23076923076923073,0.35294117647058826,0.5294117647058822,0.7058823529411765,19051.273345953996
317,2013-12-09,-0.007870478637985179,0.0020791061526050925,-0.008909979739232576,0.14743702782916634,-0.0028137427249396163,-0.24607079756527872,1.3057567763670619,2.6369528281316112,3.543333912991442,3.6110426917958627,4.126621057489421,0.42857142857142855,0.16666666666666663,0.23076923076923073,0.35294117647058826,0.4705882352941176,0.6470588235294118,22646.758993035877
318,2013-12-10,0.0040413711732187885,0.007783326082422493,-0.003442538645188953,0.14161836959530993,-0.00787034905841355,0.2437606011807203,1.6881564322245968,3.0912094669595547,4.133788895862778,4.445796235536514,4.7999629674048805,0.2857142857142857,0.16666666666666663,0.1538461538461538,0.35294117647058826,0.41176470588235287,0.5882352941176471,17083.26933346114
319,2013-12-11,0.019914261947215905,0.019914261947215905,-0.0003063265978298091,0.12432327036434021,-0.022900818840792314,2.2365231848835876,3.53423133030204,5.091624578210396,6.278452260867984,6.825545975737812,6.945031145446756,0.2857142857142857,0.16666666666666663,0.1538461538461538,0.35294117647058826,0.35294117647058826,0.5294117647058824,22312.113086904305
320,2013-12-12,0.004534745824319897,0.007036762986133427,-0.005160312663638589,0.12723111114103736,-0.020373675256690538,3.7819666724547174,5.0586338671318565,6.806651361833871,8.097279037787342,8.907621388673492,8.836806950753996,0.2857142857142857,0.16666666666666663,0.1538461538461538,0.29411764705882354,0.35294117647058826,0.47058823529411764,36641.68902826131
321,2013-12-13,0.00376526502148522,0.006118528204627438,-0.0006275650885607664,0.14689599643702933,-0.0032838398724516216,3.382039404551973,4.810835382042389,6.667709919517373,8.006294221994747,9.111041613646197,8.829615470408015,0.14285714285714285,0.16666666666666663,0.07692307692307687,0.23529411764705893,0.29411764705882354,0.4117647058823529,32571.951597961986
322,2013-12-16,0.009501573652721529,0.014797586361257942,-0.00015568536553034473,0.15897874687420965,0.007216737141423568,2.1028070322292702,3.5224795770478323,5.429467288813461,6.78850022941031,8.178315979559647,7.7058339754434435,0.2857142857142857,0.24999999999999994,0.07692307692307687,0.23529411764705893,0.29411764705882354,0.4117647058823529,23215.51198831053
323,2013-12-17,0.004550400125529652,0.0047073434803075465,-0.0010983838066844775,0.14225074190736042,-0.007320782328303799,2.003984216214505,3.759158365386517,5.636124772296247,7.067198760953741,8.772494417494103,8.124896263311543,0.14285714285714285,0.24999999999999994,0.0,0.1764705882352941,0.23529411764705882,0.3529411764705882,30891.829122862076
324,2013-12-18,-0.006336878191818052,0.006182395958998388,-0.015455889433812375,0.16818832381091275,0.015220447348260224,-0.10819339205258016,1.858023919712326,3.5901947639426,5.091628441649543,6.961429711059686,6.192974933673101,0.2857142857142857,0.3333333333333333,0.07692307692307687,0.23529411764705893,0.29411764705882354,0.3529411764705882,49193.74725787082
325,2013-12-19,-0.006611316011511215,0.004766251464233484,-0.007995141328487998,0.1567214353390416,0.0052550259492238904,-1.019154771533104,0.9763198938047113,2.6306138641789545,4.167761736357045,6.206798728278118,5.370317920739498,0.42857142857142855,0.3333333333333333,0.1538461538461538,0.23529411764705893,0.35294117647058826,0.3529411764705882,22274.52241273797
326,2013-12-20,-0.0025761176716508905,0.002576238902143979,-0.003939915258066917,0.167481766168734,0.01460634907352043,-2.2903870814656835,-0.5769253451840206,0.8500590991277646,2.3980925375026496,4.446922492514926,3.649904505064483,0.5714285714285714,0.4166666666666666,0.23076923076923073,0.29411764705882354,0.41176470588235287,0.3529411764705882,43473.77022199637
327,2013-12-23,0.0025637913606935125,0.004976640174231495,-0.0022620118311569293,0.15625448515069085,0.004849241830257922,-2.2534843301106777,-1.082577648387073,0.12854467791303392,1.6906519949426269,3.7604740469066478,2.9493494336520154,0.7142857142857143,0.49999999999999994,0.3076923076923077,0.35294117647058826,0.41176470588235287,0.4117647058823529,34266.83393961195
328,2013-12-24,-0.010289218917065801,0.000596480781285047,-0.011333060284314245,0.16368930403950466,0.011310432195539288,-2.63942084729355,-2.187799653085132,-1.1318863052625194,0.3802640784978273,2.428179919234963,1.599427552200705,0.8571428571428571,0.49999999999999994,0.3846153846153846,0.35294117647058826,0.41176470588235287,0.4117647058823529,6482.746092566243
329,2013-12-26,0.004192857205643108,0.004192857205643108,-0.0038934112592604597,0.1458702059860446,-0.004175442648998051,-1.6792752974984726,-1.7605655514702279,-0.8777792387606786,0.5973923079120036,2.674039561415298,1.7943923530346462,0.7142857142857143,0.49999999999999994,0.3846153846153846,0.29411764705882354,0.35294117647058826,0.3529411764705882,10326.942652410042
330,2013-12-27,0.0034118823075577343,0.0034118823075577343,-0.001928571314133043,0.16153029134179597,0.009434223815139697,-1.8183090790037326,-2.6914311220452736,-1.8762339461160793,-0.5525993769180504,1.548790069716044,0.6141410275808834,0.8571428571428571,0.49999999999999994,0.46153846153846145,0.29411764705882354,0.35294117647058826,0.3529411764705882,17088.45158941097
331,2013-12-30,-0.003838800952068455,0.003100531384887306,-0.004724626986949865,0.15613688544042725,0.004747023075675205,-1.6430851638336352,-3.1100435334131094,-2.346859218943176,-1.193821271542006,0.9280477123956743,-0.016458497825633245,0.8571428571428571,0.5833333333333333,0.5384615384615385,0.35294117647058826,0.41176470588235287,0.4117647058823529,12272.733399952751
332,2013-12-31,-0.010703754136528798,0.0,-0.010703754136528798,0.15865940111305377,0.00693909593234765,-1.6589737162228446,-3.6321599899411527,-3.021211361231524,-2.0082582947655414,0.13023418154980426,-0.8588035648252723,0.8571428571428571,0.6666666666666667,0.5384615384615385,0.411764705882353,0.41176470588235287,0.47058823529411764,11408.0914109571
333,2014-01-02,0.0061203763582737825,0.009105836963900105,-0.0016420511014195727,0.13025957722081638,-0.01774183645573657,0.3305417528004062,-1.7092057553139473,-1.2638656365964285,-0.40890427476545366,1.807310508480131,0.761739383550597,0.7142857142857143,0.6666666666666667,0.5384615384615385,0.411764705882353,0.41176470588235287,0.47058823529411764,20237.84222238669
334,2014-01-03,0.0005924318983603349,0.003554576579735347,-0.0032582051210695573,0.1597783524681311,0.007911657178023335,-0.20099995877543853,-2.103079366219285,-1.9704902669752333,-1.2996128234422977,0.8868643246277452,-0.14556292520399028,0.7142857142857143,0.75,0.6153846153846153,0.4705882352941177,0.4705882352941176,0.47058823529411764,17644.14296409107
335,2014-01-06,0.0035815250386055375,0.0035815250386055375,-0.007610833976695042,0.14198328355341827,-0.007553381581798968,0.5478975024662214,-1.0094374879447088,-1.2272436952653232,-0.656610409252345,1.4873486325720053,0.4737120375676085,0.5714285714285714,0.75,0.5384615384615385,0.4705882352941177,0.41176470588235287,0.4117647058823529,24252.09582888835
336,2014-01-07,0.007845564391152138,0.0084489590894532,-0.002564846146120292,0.13813938625678124,-0.01089383832997648,1.5475478062839887,0.3049842174091655,-0.16380596434688588,0.2893591139418117,2.3931682754890327,1.3945196328842835,0.5714285714285714,0.6666666666666667,0.5384615384615385,0.4705882352941177,0.35294117647058826,0.3529411764705882,22698.155442051226
337,2014-01-08,0.006980257754772179,0.008345902629866231,-0.002124430891519591,0.1440775931108127,-0.005733200071734945,1.8057601698183046,1.1185734536390157,0.2940922744350427,0.730540994866935,2.7339375519953135,1.74203075644217,0.42857142857142855,0.6666666666666667,0.46153846153846145,0.4705882352941177,0.29411764705882354,0.2941176470588235,12467.891882582948
338,2014-01-09,0.00646749287134285,0.007083461438760041,-0.002309839781033607,0.13391215816408364,-0.01456752305260467,2.6969878258510604,2.63979442792468,1.6007413120757708,2.0606901218134244,4.0154247165108625,2.9803308025200037,0.2857142857142857,0.5833333333333333,0.46153846153846145,0.4705882352941177,0.29411764705882354,0.2941176470588235,25367.031248289764
339,2014-01-10,-0.010030455469736133,0.0001518996891229918,-0.01215809974963078,0.16591303150326997,0.013243034967874268,0.8336871982356886,1.3807988485899703,0.19973197077276517,0.595411814369351,2.436669536832725,1.4194463495153187,0.2857142857142857,0.5833333333333333,0.5384615384615385,0.4705882352941177,0.35294117647058826,0.2941176470588235,21059.78931333787
340,2014-01-13,0.00490045919293447,0.012404256704245276,-0.00015316997764913687,0.1419308798188803,-0.007598858901575634,1.2360536427248991,2.081600257094607,0.9684243256640412,1.2776199705502256,3.0139290361100635,1.9820616141889902,0.2857142857142857,0.49999999999999994,0.5384615384615385,0.4705882352941177,0.35294117647058826,0.2941176470588235,24629.933018486998
341,2014-01-14,0.006928483768829263,0.009237968094132576,-0.000769745993983606,0.1445071136274645,-0.0053598706747429725,1.2163201596808948,2.4821271744080775,1.5858344796041868,1.7354003951385977,3.374024029740963,2.3279443915052767,0.14285714285714285,0.4166666666666666,0.5384615384615385,0.4705882352941177,0.35294117647058826,0.2941176470588235,33834.25945351468
342,2014-01-15,-0.008621986541431093,0.004618984047066288,-0.012317090638202743,0.1506745805680232,0.0,0.7632256667000847,2.2500810369538993,1.6745472377301063,1.6199267219819902,3.1775359698806627,2.148025599244474,0.14285714285714285,0.3333333333333333,0.5384615384615385,0.411764705882353,0.35294117647058826,0.23529411764705876,40149.887150926275
343,2014-01-16,-0.004783958809746913,0.0,-0.006727418249774519,0.18504426633800297,0.029869192654078836,-2.0289209099371153,-0.7037199571442665,-1.0828076274880916,-1.3129297407813434,0.0533868221990641,-0.9059710587812964,0.2857142857142857,0.4166666666666666,0.5384615384615385,0.4705882352941177,0.41176470588235287,0.23529411764705876,85750.23465019038
344,2014-01-17,0.00566736738251894,0.007307948964595967,-0.0017897538349103126,0.15342701385122148,0.002391989048069032,-2.0176871882121805,-0.9790200756880196,-1.0830646979559488,-1.573992005161684,-0.3387723036532009,-1.2012419214481818,0.42857142857142855,0.4166666666666666,0.6153846153846153,0.4705882352941177,0.4705882352941176,0.23529411764705876,41823.01006007412
345,2014-01-21,0.004675686062940221,0.0060330917330424505,-0.007390723647478725,0.13780353267558798,-0.011185655067958544,-0.6162515419249281,-0.012937464402162924,0.15082043044372107,-0.5165999292795154,0.6205475835868723,-0.14954534124511643,0.42857142857142855,0.3333333333333333,0.5384615384615385,0.4705882352941177,0.4705882352941176,0.23529411764705876,37237.30902390758
346,2014-01-22,0.0006049757741239947,0.0019660767408011814,-0.0039322744737322335,0.14755057839358132,-0.00271498444472007,-0.2765537136919849,0.03456660378819976,0.5012492553612358,-0.28303856454166,0.7277503812471275,0.03154102374063328,0.2857142857142857,0.24999999999999994,0.46153846153846145,0.4705882352941177,0.41176470588235287,0.23529411764705876,21109.10188550657
347,2014-01-23,0.019019700603670975,0.019174362739271977,-0.003092577797822238,0.12544046324919922,-0.021929922490441345,1.8202393246299797,2.021258273529436,2.657453775621499,1.9190903623760525,2.7830004461922186,2.175446650531443,0.2857142857142857,0.24999999999999994,0.3846153846153846,0.4705882352941177,0.41176470588235287,0.23529411764705876,52207.13521596212
348,2014-01-24,0.020320605800266733,0.020955643087612552,-0.0007938243913692133,0.12078246449326935,-0.025977936048286243,4.09135104049787,4.228559191383585,5.144424486915233,4.582922362903363,5.275209236331113,4.739069631441284,0.2857142857142857,0.16666666666666663,0.3076923076923077,0.4705882352941177,0.41176470588235287,0.23529411764705876,59695.77537079615
349,2014-01-27,0.008367524471108334,0.009630580991474513,-0.008367524471108334,0.157068230965433,0.0055564301664750015,3.1530515778218415,3.2387553979978945,4.2837558447283985,3.9824716949505845,4.479223980504088,3.992959266719076,0.42857142857142855,0.24999999999999994,0.3076923076923077,0.5294117647058825,0.41176470588235287,0.2941176470588235,44485.896116198295
350,2014-01-28,-0.005294300758419412,0.0004671286130937258,-0.00809716586581799,0.16666124392646275,0.013893296568426416,1.1456133250663747,1.5949607774808472,2.664941451733416,2.558721050794577,2.8692236004910887,2.46117652719009,0.42857142857142855,0.3333333333333333,0.3846153846153846,0.5294117647058825,0.4705882352941176,0.3529411764705882,22965.365260567345
351,2014-01-29,-0.0015738432235781197,0.009914966793910018,-0.004091942019327277,0.13849054611190348,-0.010588660702426478,1.438916582841454,2.416928188724099,3.4736280403593778,3.6456228702313354,3.7868912621700446,3.3782993806101613,0.2857142857142857,0.3333333333333333,0.3076923076923077,0.5294117647058825,0.41176470588235287,0.3529411764705882,27739.00585867161
352,2014-01-30,0.0009332244371873522,0.0009332244371873522,-0.009177165823966993,0.16425673916122085,0.011803578355437105,-0.19109590763840556,1.1499270097743874,2.0117189831658555,2.4137291447508202,2.445023640104238,2.0367545112650154,0.42857142857142855,0.4166666666666666,0.3076923076923077,0.5294117647058825,0.4705882352941176,0.4117647058823529,25657.73346307772
353,2014-01-31,-0.011415167921576708,0.0012509460320415666,-0.012040672212030201,0.14458927600228022,-0.0052884677253840495,-0.14520682725587264,1.4810644232986059,2.2376064942261076,2.897347012540896,2.8307029527158356,2.451463253965458,0.42857142857142855,0.3333333333333333,0.23076923076923073,0.4705882352941177,0.4705882352941176,0.3529411764705882,20072.49460401103
354,2014-02-03,0.01593371625027773,0.017208445417732587,-0.0012746654325898055,0.12926244405508447,-0.01860835996828558,1.313397466376398,3.116183681032192,3.855203504663929,4.664597054388131,4.623055718590208,4.279342934288244,0.42857142857142855,0.3333333333333333,0.23076923076923073,0.411764705882353,0.4705882352941176,0.3529411764705882,33513.978760834245
355,2014-02-04,-0.012709901145457336,0.00031382394476708875,-0.015220492703593158,0.16845913517229572,0.015455764333618172,-0.06276671769974707,1.409964552975751,1.991284950151928,2.926964462809356,2.9252834133380645,2.682294074666114,0.5714285714285714,0.4166666666666666,0.23076923076923073,0.411764705882353,0.5294117647058822,0.4117647058823529,28128.609289188767
356,2014-02-05,-0.010855915499434987,0.0029892856672548707,-0.01132789472423068,0.14760516958926506,-0.002667568091615169,0.2539819725913217,1.5249981042782634,2.0056082673675535,3.0055991422130557,3.069842665267175,2.948847220137396,0.42857142857142855,0.4166666666666666,0.23076923076923073,0.35294117647058826,0.5294117647058822,0.3529411764705882,49212.3409500733
357,2014-02-06,-0.015723831552774792,0.002466409628499644,-0.016802897326827604,0.17439062761372948,0.0206105093020712,-1.6274333065245505,-0.7476506146214756,-0.15782639654877695,0.8203190506478775,0.924188871809184,0.8993776849591129,0.42857142857142855,0.4166666666666666,0.3076923076923077,0.411764705882353,0.5294117647058822,0.4117647058823529,36066.517986703344
358,2014-02-07,-0.009901020261964377,0.0013708453504692741,-0.016146320909479983,0.16451038610196544,0.012024061604211767,-2.3370720053359273,-2.0792107296403572,-1.3622048862767522,-0.47329350804957704,-0.3430943237903161,-0.2158681015206665,0.5714285714285714,0.4166666666666666,0.3846153846153846,0.411764705882353,0.588235294117647,0.4117647058823529,24245.762399184696
359,2014-02-10,-0.000458981021129512,0.003365988320593649,-0.003059929573746456,0.14559163690073995,-0.004417433534740778,-1.6698687976380522,-1.7474613705855013,-0.8939460861946413,-0.16119297688073075,0.02695906558940475,0.25572853736004486,0.42857142857142855,0.4166666666666666,0.3846153846153846,0.35294117647058826,0.5294117647058822,0.4117647058823529,18253.28368643997
360,2014-02-11,-0.019785807500954822,0.002826584307846103,-0.019785807500954822,0.18342030292883305,0.028457860062047757,-3.695758352534151,-4.349263071864884,-3.535658473572356,-2.9758416350195604,-2.7263063628658823,-2.4257298928658244,0.5714285714285714,0.49999999999999994,0.3846153846153846,0.35294117647058826,0.5294117647058822,0.47058823529411764,40019.8265394105
361,2014-02-12,0.0028084847654550327,0.0044345157595115925,-0.003104212768537562,0.15803534080679515,0.006396856936403905,-3.2752607100499875,-4.642592728256966,-3.9833874742481346,-3.557702849444766,-3.261184476373913,-2.975822349817603,0.7142857142857143,0.5833333333333333,0.46153846153846145,0.411764705882353,0.5294117647058822,0.5294117647058824,25824.572037677102
362,2014-02-13,-0.008874411937961568,0.002514391325034948,-0.010649341655829758,0.14999425343066441,-0.000591223926398099,-2.3982124585713915,-4.098088105875952,-3.7392372003797636,-3.4958956024767285,-3.0750658136142195,-2.863488282507076,0.5714285714285714,0.5833333333333333,0.46153846153846145,0.35294117647058826,0.4705882352941176,0.5294117647058824,19731.287831204143
363,2014-02-14,-0.001756484192037444,0.004830240046838519,-0.0019027810304447224,0.16275824227443136,0.0105012284527215,-2.4171847363717025,-4.574052049211952,-4.504699939541068,-4.4302955423049735,-3.9227065599774513,-3.8202473679776916,0.7142857142857143,0.5833333333333333,0.5384615384615385,0.411764705882353,0.4705882352941176,0.5882352941176471,20925.52224824356
364,2014-02-18,0.001421839857192353,0.0021328166605198984,-0.010379695425005053,0.1845280597307981,0.029420422209713415,-4.097006324312014,-6.680744074108902,-7.0010021854326805,-6.955976281586751,-6.461031961365615,-6.424807737629223,0.7142857142857143,0.5833333333333333,0.5384615384615385,0.4705882352941177,0.5294117647058822,0.5882352941176471,51631.303380284284
365,2014-02-19,0.0010040160498563377,0.016494578076669875,-0.0012909351507323086,0.14069444894601357,-0.008673351596333312,-2.423981098756778,-5.231127020262849,-6.00497013606669,-5.946231497412812,-5.438077754304105,-5.511432177932052,0.5714285714285714,0.5833333333333333,0.46153846153846145,0.4705882352941177,0.4705882352941176,0.5882352941176471,23078.46036891193
366,2014-02-20,-0.008216376722843255,0.0011333333975540594,-0.009916376819174122,0.16503324891861837,0.012478465698491314,-2.568147817800437,-5.761638399571545,-6.874031096427114,-6.819557628292894,-6.404856949779402,-6.560214089153227,0.7142857142857143,0.5833333333333333,0.5384615384615385,0.5294117647058825,0.4705882352941176,0.5882352941176471,31649.377200758023
367,2014-02-21,0.002831214649365865,0.0069365516270745164,-0.0004246602551623013,0.1514896851935721,0.0007083845973647751,-1.945482896244377,-5.1518800390939035,-6.635256176460514,-6.6408170644016495,-6.282360880360582,-6.527668459917568,0.7142857142857143,0.6666666666666667,0.6153846153846153,0.5294117647058825,0.4705882352941176,0.5882352941176471,32552.794345325514
368,2014-02-24,-0.007201383789889881,0.006212962439988701,-0.008330937588251874,0.15360665134214835,0.002548050274445046,-1.5552484453990378,-4.5800175893485395,-6.4590262680678805,-6.599724723355327,-6.358167762801459,-6.610718803146442,0.7142857142857143,0.75,0.6923076923076923,0.5882352941176472,0.5294117647058822,0.5882352941176471,29575.390850042364
369,2014-02-25,0.012794695595017114,0.014232389713409788,-0.0021563255364094314,0.13020231645662506,-0.017791571936802697,0.6284396468777764,-2.252934232198711,-4.31487392679516,-4.671194763185382,-4.55071067559426,-4.835287770895713,0.7142857142857143,0.6666666666666667,0.6923076923076923,0.5882352941176472,0.4705882352941176,0.5294117647058824,51495.55122186749
370,2014-02-26,0.0068065746499677005,0.007675582577454598,-0.00260680654858203,0.14223819322772058,-0.007331729711485102,1.522700632355134,-0.9630741516790664,-3.2143754122278323,-3.7550457383800917,-3.777114995145614,-4.048001272662505,0.5714285714285714,0.6666666666666667,0.6153846153846153,0.5882352941176472,0.4705882352941176,0.47058823529411764,15820.867524031823
371,2014-02-27,-0.005049762084829323,0.003462776034130144,-0.006059717387381647,0.15500728082882165,0.003765347174268241,0.9316316367904864,-0.8770123613386249,-3.227734462613685,-3.991383601270282,-4.051156982144056,-4.283033797512514,0.5714285714285714,0.6666666666666667,0.6153846153846153,0.5882352941176472,0.5294117647058822,0.5294117647058824,21355.226269116327
372,2014-02-28,0.0014513497401640318,0.011030507662394662,-0.001886864966999524,0.14386789704126723,-0.005915506847186336,1.3622270522936741,0.049766143442186994,-2.281423990886011,-3.324170041346841,-3.428704391182791,-3.5890463480646395,0.5714285714285714,0.5833333333333333,0.6153846153846153,0.5294117647058825,0.5294117647058822,0.47058823529411764,16611.48137554481
373,2014-03-03,0.0029411323529411337,0.008970602941176464,-0.0013234705882352316,0.1356441041015557,-0.013062345491861915,2.1596622621098627,1.651258803216793,-0.728292260728225,-1.9553578692809381,-2.1411075533885215,-2.1844539334380686,0.42857142857142855,0.5833333333333333,0.5384615384615385,0.5294117647058825,0.5294117647058822,0.4117647058823529,26260.764705882353
374,2014-03-04,0.0010207057153484023,0.005978360863856613,-0.004520341075522127,0.16048922487985928,0.008529392493892285,0.8665580007885643,0.9332164007314958,-1.2463713146830924,-2.656437777340992,-2.9555322259331995,-2.895886503087719,0.42857142857142855,0.5833333333333333,0.6153846153846153,0.5882352941176472,0.5294117647058822,0.4117647058823529,21901.88650035327
375,2014-03-05,-0.002518234261050689,0.005332557981556629,-0.004147518763219726,0.13272159433907005,0.001632068714839674,0.2596348139773941,0.8770983883564565,-0.9960645844354743,-2.6059421704762165,-3.05466624443983,-2.913026461710999,0.42857142857142855,0.5833333333333333,0.6923076923076923,0.6470588235294117,0.588235294117647,0.47058823529411764,25016.033772269773
376,2014-03-06,-0.0014683994557532776,0.005580102953894217,-0.0023494273817745714,0.14075908892711508,0.008739404215515334,-0.6641833434433253,0.17654190421181326,-1.4715546700662219,-3.1249063460001225,-3.8336739455594238,-3.5751126720261928,0.5714285714285714,0.6666666666666667,0.6923076923076923,0.7058823529411764,0.6470588235294117,0.47058823529411764,26206.049227813488
377,2014-03-07,0.01529012165027921,0.01529012165027921,-0.006295877773885072,0.10779343403465291,-0.020411115085690712,1.158939880126919,2.21734170434158,0.884343717835212,-0.8676125006459423,-1.7994687309091262,-1.4427210720690864,0.5714285714285714,0.5833333333333333,0.6923076923076923,0.6470588235294117,0.6470588235294117,0.47058823529411764,65897.66685502425
378,2014-03-10,0.0063144309256120135,0.0063144309256120135,-0.005236470044663544,0.10070111592750974,-0.02668273772796248,3.230841349537461,4.558626998569704,3.736268096217743,1.9498563279178205,0.8849375981018648,1.2235477008023077,0.42857142857142855,0.49999999999999994,0.6153846153846153,0.5882352941176472,0.588235294117647,0.47058823529411764,32055.060372709067
379,2014-03-11,0.018791058271358185,0.024898151818068426,-0.0006263858342250295,0.11223997254547324,-0.01647924744165641,4.098247654074383,5.789272108900989,5.425160894753223,3.7371021369064783,2.5415178160887564,2.8284780790658326,0.42857142857142855,0.49999999999999994,0.5384615384615385,0.5882352941176472,0.5294117647058822,0.47058823529411764,27891.263891445917
380,2014-03-12,-0.0074523206053519475,0.0018629869981068303,-0.00947065614217324,0.14061578125154672,0.008612702279766848,2.6726018931473527,4.335273519297367,4.537827464467359,2.9192650407311005,1.6876122866268828,1.9171746925247923,0.5714285714285714,0.49999999999999994,0.6153846153846153,0.5882352941176472,0.588235294117647,0.5294117647058824,27440.38938417082
381,2014-03-13,0.017530205050111825,0.02032265002051914,-0.0038783742457085824,0.1317536690169312,0.0007762678520712996,1.9413966473819988,3.7042186989031833,4.33829182440697,2.9286553520287306,1.6010600084077176,1.8149693818791723,0.5714285714285714,0.49999999999999994,0.6153846153846153,0.6470588235294117,0.6470588235294117,0.5294117647058824,55604.027235572874
382,2014-03-14,0.003268975817838582,0.010429732578758788,-0.002957581038529833,0.1270161444892286,-0.0034130835876707843,1.5633381785278733,3.463240587665095,4.529137572968556,3.423478168789029,1.9513763610961687,2.194027456500258,0.42857142857142855,0.4166666666666666,0.5384615384615385,0.6470588235294117,0.6470588235294117,0.5294117647058824,42091.15573138717
383,2014-03-17,-0.0013812767721747,0.005524754111433161,-0.0032229433257862095,0.14707163245376687,0.014321389136756846,-0.5152191723155619,1.6512959294997742,2.959239931429547,2.101703769392027,0.5604148674365872,0.8938050776201578,0.42857142857142855,0.49999999999999994,0.6153846153846153,0.6470588235294117,0.7058823529411764,0.5882352941176471,30912.13499612431
384,2014-03-18,-0.0032016925264028995,0.0028968289615387555,-0.003963927669701439,0.1383385882209076,0.006599084049570658,-1.4113635824556714,0.7374728207879544,2.171401539898965,1.6024271898106512,-0.03504156196197927,0.37784876332105366,0.5714285714285714,0.5833333333333333,0.6153846153846153,0.7058823529411764,0.7058823529411764,0.6470588235294118,23592.537038788658
385,2014-03-19,0.014200935886362842,0.016385689251383173,-0.0026529649608936223,0.10484114546919443,-0.023021781818363674,0.7223119304373471,2.6612337613416415,4.204473154501986,4.014792943736811,2.2589153440829346,2.7862054550940707,0.5714285714285714,0.49999999999999994,0.5384615384615385,0.6470588235294117,0.6470588235294117,0.5882352941176471,46687.51289985915
386,2014-03-20,-0.00638828295419136,0.0062325023371765376,-0.009971938298535488,0.13264067655744238,0.0015605134282423716,0.6366066758541677,2.107910972259397,3.720074424990738,3.8337860730315976,2.035915068255778,2.703217669506719,0.7142857142857143,0.5833333333333333,0.6153846153846153,0.6470588235294117,0.7058823529411764,0.5882352941176471,28933.24742910564
387,2014-03-21,0.0007722471042470591,0.005559861003860966,-0.003243227799227699,0.14091954556055608,0.008881234909466906,-0.17429087901436047,0.9795974505701688,2.466854376691696,2.9481153106758917,1.12263918465485,1.8682248178934158,0.7142857142857143,0.6666666666666667,0.6153846153846153,0.7058823529411764,0.7058823529411764,0.6470588235294118,25727.18532818533
388,2014-03-24,0.004453332104422669,0.005221068555540498,-0.009367336792045267,0.1373381712120021,0.005714407971147306,-0.5967069408786774,0.15575033553214546,1.569873178045822,2.3114307281405733,0.5531002622487957,1.389026870950949,0.7142857142857143,0.6666666666666667,0.6153846153846153,0.7058823529411764,0.7647058823529411,0.7058823529411765,20599.429026393012
389,2014-03-25,-0.011965345319094545,0.0,-0.011965345319094545,0.1610927414217156,0.02671984168016195,-2.623819348961398,-2.5201916874517893,-1.2686810922989733,-0.33119257525290324,-1.9461275532232203,-1.0282168590356466,0.8571428571428571,0.6666666666666667,0.6153846153846153,0.7058823529411764,0.8235294117647058,0.7647058823529412,38898.191760406946
390,2014-03-26,0.014621677095066454,0.015526184234319285,-0.0031654961209222066,0.12208050584758912,-0.007777554173539314,-1.6064342545079602,-1.9455949031667474,-0.6399955960498804,0.4443189319850882,-1.0184003961509425,-0.09279071795429417,0.7142857142857143,0.5833333333333333,0.6153846153846153,0.7058823529411764,0.7647058823529411,0.7647058823529412,57192.25035835094
391,2014-03-27,-0.0027010804727053417,0.006902746202021914,-0.004501845805850113,0.1359900066971249,0.004522293778645992,-1.824305109650548,-2.394532321832643,-1.1746223199121109,-0.034910531834764225,-1.3071663716420767,-0.36362507797438326,0.7142857142857143,0.6666666666666667,0.6923076923076923,0.7058823529411764,0.8235294117647058,0.7647058823529412,24052.1216094406
392,2014-03-28,-0.000741554204360173,0.005932107370606454,-0.0022245439715260495,0.14428211239467115,0.011854698198689784,-2.264782618423944,-3.2732342298279704,-2.3809887582877165,-1.2955873828249698,-2.311071160411382,-1.375179714718111,0.8571428571428571,0.75,0.6923076923076923,0.7058823529411764,0.8235294117647058,0.7647058823529412,25115.417025063027
393,2014-03-31,-0.0016230338626103125,0.003098804918052256,-0.006049815820413973,0.13657804661419215,0.005042385038278363,-1.9983656688700724,-3.346411728199572,-2.8668508898340384,-1.8303403024291565,-2.6141628033277797,-1.7329882481173287,0.8571428571428571,0.8333333333333333,0.7692307692307692,0.7647058823529413,0.8235294117647058,0.823529411764706,32411.57336930382
394,2014-04-01,-0.0052053351529591785,0.0008675100712833839,-0.008675621244903398,0.15407073732333632,0.02051045233262605,-3.0570928437055778,-4.798397264900533,-4.658625166994101,-3.8145004896039447,-4.365705059929759,-3.504535762597649,0.8571428571428571,0.8333333333333333,0.8461538461538463,0.7647058823529413,0.8823529411764706,0.823529411764706,30734.972774090642
395,2014-04-02,-0.0034373818390146527,0.0010025637353194838,-0.0050128759667716905,0.14166794318071374,0.009543081662320763,-3.011826059430023,-5.149977482209334,-5.394824663846998,-4.703502069578791,-5.032026466941797,-4.262969320267418,0.8571428571428571,0.8333333333333333,0.8461538461538463,0.7647058823529413,0.8823529411764706,0.8823529411764707,24933.116299054716
396,2014-04-03,-0.0021558205761474936,0.001868309805452384,-0.009485541549711152,0.12698864980900315,-0.0034374448592716655,-2.1188323445165302,-4.274623988335224,-4.926836746622065,-4.375897067990408,-4.43412863071223,-3.8056956197833225,0.7142857142857143,0.8333333333333333,0.7692307692307692,0.7058823529411764,0.8235294117647058,0.8823529411764707,22738.292246642937
397,2014-04-04,0.007153075617937654,0.015450657640896814,-0.00028619455547362893,0.1360768977436717,0.004599144704775737,-1.8393684547919342,-4.22849763251163,-5.239465470669558,-4.735148828976032,-4.624122464085434,-4.104928615377412,0.8571428571428571,0.8333333333333333,0.7692307692307692,0.7647058823529413,0.8823529411764706,0.8823529411764707,27136.338279332238
398,2014-04-07,-0.00485165511268093,0.004423473047275417,-0.007562770902888816,0.13378796266349613,0.002575096422531953,-1.3902522446678223,-4.0168442265337445,-5.253865940986923,-4.866796264014717,-4.6104222834745805,-4.231552282225593,0.8571428571428571,0.8333333333333333,0.8461538461538463,0.8235294117647061,0.8823529411764706,0.9411764705882352,28971.60191288237
399,2014-04-08,-0.018041972027972086,0.004195846153846272,-0.01818186013986023,0.1537902518085097,0.020262509389875838,-2.535463691078055,-5.181819872329196,-6.697970199451331,-6.587191455883723,-6.24692071689501,-6.038413085388417,0.8571428571428571,0.9166666666666665,0.9230769230769231,0.8235294117647061,0.8823529411764706,0.9411764705882352,36787.81118881119
400,2014-04-09,-0.006215538502333251,0.0,-0.012983466492169526,0.1451107016760529,0.012587502508883741,-2.833472386647906,-5.549535523906202,-7.296115317743601,-7.517276096577808,-7.153238900758751,-7.053349329914715,0.8571428571428571,0.9166666666666665,1.0,0.8823529411764706,0.9411764705882353,0.9411764705882352,33696.51288128417
401,2014-04-10,0.009783099529038664,0.010917397007194074,-0.0012760102265136908,0.1016666687753438,-0.02582874957676118,0.020250443989744404,-2.459952392307474,-4.425007034636419,-4.877871392840416,-4.479047272774983,-4.542230430921778,0.7142857142857143,0.8333333333333333,0.9230769230769231,0.8823529411764706,0.8823529411764706,0.9411764705882352,27968.65869799601
402,2014-04-11,-0.002414758454126198,0.003977244205191965,-0.005539772569892798,0.12879140820444057,-0.0018432008726583238,0.3226442835747134,-1.7441200631017728,-3.846732040773493,-4.550026547125984,-4.155992496369776,-4.326369684054143,0.5714285714285714,0.75,0.8461538461538463,0.8235294117647061,0.8235294117647058,0.8823529411764707,17136.78360404024
403,2014-04-14,-0.005334040014992714,0.0028074677935843173,-0.007158829510354625,0.14436917980469133,0.011931687519224132,-0.5273814655513243,-2.4634961812016742,-4.512573388608265,-5.488483793395349,-5.127203342988573,-5.388742384777423,0.7142857142857143,0.75,0.9230769230769231,0.8235294117647061,0.8235294117647058,0.8823529411764707,21284.795095053203
404,2014-04-15,0.0035678607107179072,0.003995975453118472,-0.012701584130155319,0.11230317317538097,-0.01642335398536543,1.1682283559596884,-0.454639729665296,-2.5844844980256854,-3.809960014523739,-3.4199383476900325,-3.7393647104632333,0.5714285714285714,0.75,0.8461538461538463,0.7647058823529413,0.8235294117647058,0.8823529411764707,36927.78550021408
405,2014-04-16,-0.002534154618248019,0.0008446712775540544,-0.00830630731108406,0.14636959527600824,0.013700658153017686,-0.008044023011255508,-1.3585803768447868,-3.536400763635783,-4.89280315269478,-4.595020302524688,-4.912939536902128,0.5714285714285714,0.75,0.8461538461538463,0.8235294117647061,0.8823529411764706,0.8823529411764707,25406.574622097345
406,2014-04-17,-0.0029515108095147236,0.004497526226352022,-0.005762529704496755,0.13278643180769967,0.0016893881222816987,-0.24695895819146774,-1.1514864401688585,-3.225911732099662,-4.740987285119703,-4.687989080510735,-4.951530222470835,0.5714285714285714,0.75,0.9230769230769231,0.8823529411764706,0.8823529411764706,0.8823529411764707,14198.57795644194
407,2014-04-21,0.005645758804396772,0.0066337616551519485,-0.004093154667414445,0.12610760474235483,-0.004216394941476853,-0.1371124554055747,-0.4224225490557343,-2.3678480619700126,-3.985282675126678,-4.206126270359379,-4.422626697287136,0.42857142857142855,0.6666666666666667,0.8461538461538463,0.8823529411764706,0.8823529411764706,0.8823529411764707,15276.346937963217
408,2014-04-22,0.0037904954180614236,0.00477322737161745,-0.0025270250234299407,0.13694129285845902,0.005363543866450993,-0.529483049460644,-0.7460839370401207,-2.455503555366334,-4.155563621974756,-4.6551876295858,-4.756033443566321,0.5714285714285714,0.6666666666666667,0.8461538461538463,0.8823529411764706,0.9411764705882353,0.8823529411764707,26129.84264505787
409,2014-04-23,-0.0005625879201853756,0.002531659705532041,-0.009423319533707897,0.12881177998159088,-0.0018252140805096184,-0.20695029013090283,-0.436001512742501,-1.8766296720054032,-3.6467730932153053,-4.42473855377642,-4.433190955519473,0.5714285714285714,0.5833333333333333,0.7692307692307692,0.8235294117647061,0.8823529411764706,0.823529411764706,16975.090491591858
410,2014-04-24,0.00408452112676061,0.005070436619718288,-0.005070436619718288,0.1292853595946788,-0.0014064851518061916,-0.11468447069173937,-0.15291171742726206,-1.4607603136536085,-3.17102249732244,-4.243224501414799,-4.158145747943864,0.42857142857142855,0.5833333333333333,0.6923076923076923,0.8235294117647061,0.8235294117647058,0.7647058823529412,17317.309859154928
411,2014-04-25,0.0018374134275618292,0.005512353356890598,-0.0033921978798586716,0.1268939623203611,-0.003521037923653103,0.37556425908134017,0.28571106605774776,-0.8157533425838914,-2.5466984922485447,-3.8245444968066145,-3.7124735728421454,0.42857142857142855,0.49999999999999994,0.6923076923076923,0.7647058823529413,0.7647058823529411,0.7647058823529412,13337.515901060071
412,2014-04-28,0.002286637097518529,0.003001271930809457,-0.009432656718126986,0.1184082287479662,-0.011024928339236517,1.2781127341068288,1.392448644798061,0.5165630748364292,-1.2367405973385592,-2.6806626231843267,-2.5059584565336412,0.2857142857142857,0.4166666666666666,0.6153846153846153,0.7058823529411764,0.7647058823529411,0.7647058823529412,24265.113702070692
413,2014-04-29,-0.005257964817764749,0.0029842118949461316,-0.005400099243991763,0.1373410080331956,0.005716766673314222,0.5440725984423134,0.7014057599842971,0.14414775814965974,-1.4789070618668965,-3.1576374581536837,-2.839267720285088,0.2857142857142857,0.4166666666666666,0.6153846153846153,0.7647058823529413,0.8235294117647058,0.7647058823529412,15724.45051618088
414,2014-04-30,-0.0009923447548576547,0.0022681598771170375,-0.003260603866450329,0.13360799408646828,0.00241580313160239,0.23898040541925347,0.2703727611037543,0.08979422973871554,-1.3943354961903798,-3.2956558571741845,-2.8028575567956016,0.42857142857142855,0.4166666666666666,0.6153846153846153,0.7647058823529413,0.8823529411764706,0.823529411764706,22279.97501728133
415,2014-05-01,0.0034576860130997034,0.005762771602779271,-0.004754386701951607,0.11276024917299288,-0.016019289852513663,1.4962902264826328,1.7875243751239722,1.736415468528385,0.45074906704707374,-1.6327993929080797,-1.014663894056389,0.2857142857142857,0.4166666666666666,0.5384615384615385,0.7058823529411764,0.8235294117647058,0.823529411764706,25648.040446676823
416,2014-05-02,-0.003147818044753392,0.007010988796837703,-0.004864730360061964,0.1386964934224677,0.006915369563064155,0.5518965618068528,1.0363358324123828,1.0424710522586533,0.004615457507228804,-2.2235462559589525,-1.4725019989701882,0.42857142857142855,0.49999999999999994,0.5384615384615385,0.7058823529411764,0.8235294117647058,0.823529411764706,25572.04371974594
417,2014-05-05,-0.0032951717781446455,0.001719126000610638,-0.00888256408814192,0.12941986024546304,-0.001287457681343529,0.435922056246385,1.0192249296901323,1.187736258564076,0.2839633447011325,-2.0193863321555705,-1.1178990248388199,0.42857142857142855,0.4166666666666666,0.5384615384615385,0.6470588235294117,0.8235294117647058,0.7647058823529412,15400.145469864807
418,2014-05-06,-0.008086253598701965,0.00482343608521596,-0.008653724178003142,0.1420548783874347,0.009885312347562625,-0.5998927048792457,0.07295310061690152,0.23711195846929378,-0.4874078235798551,-2.897746807506274,-1.8697726155952554,0.5714285714285714,0.49999999999999994,0.5384615384615385,0.7058823529411764,0.8235294117647058,0.7647058823529412,23158.314034879106
419,2014-05-07,-0.009105121509388026,0.0027031156252224076,-0.009958813345300799,0.12766725227072784,-0.002837441144802444,-0.25201138976470583,0.28251249740631756,0.5365640516089343,-0.018787543685649943,-2.500174842234082,-1.3994965858337038,0.5714285714285714,0.4166666666666666,0.46153846153846145,0.6470588235294117,0.7647058823529411,0.7647058823529412,38812.48643031033
420,2014-05-08,0.002848668321445258,0.0038456630657408564,-0.0015667426515700855,0.12958891682927254,-0.0011380515989017903,-0.17091811234604126,0.30113762294092794,0.5636173305707981,0.2365383460544601,-2.210033808404921,-1.0377006518978438,0.42857142857142855,0.3333333333333333,0.3846153846153846,0.5882352941176472,0.7647058823529411,0.7647058823529412,16913.969618501207
421,2014-05-09,0.009782764788296427,0.010070450005166043,-0.00503521780937366,0.11960102581286725,-0.009970021882070745,0.6227191798615195,1.1735140792300314,1.3783507281215357,1.3353639306979082,-1.0317155992024318,0.17797648228656815,0.2857142857142857,0.3333333333333333,0.3076923076923077,0.5294117647058825,0.7058823529411764,0.7647058823529412,20436.346556255314
422,2014-05-12,-0.002543809990282475,0.003391718389154308,-0.0035330694309477773,0.15121245070395695,0.017982927142391913,-0.8822549381672817,-0.6611872044577249,-0.3970460922707031,-0.3739953507189808,-2.566349188287176,-1.3490215013122642,0.42857142857142855,0.3333333333333333,0.3846153846153846,0.5294117647058825,0.7058823529411764,0.7647058823529412,37559.76773429147
423,2014-05-13,-0.0036399552008959946,0.0025199636007278148,-0.006019879602408018,0.1415838000900258,0.009468561017078603,-1.503959952373335,-1.5599617359010498,-1.2626323658078697,-1.2279642073314445,-3.247924015866255,-2.021948353951708,0.42857142857142855,0.4166666666666666,0.46153846153846145,0.5294117647058825,0.7058823529411764,0.7647058823529412,20700.385972280554
424,2014-05-14,-0.0001389745708075818,0.0059747254970858865,-0.0009726135754811738,0.13942529902828893,0.007560008385866235,-1.8122696880605749,-2.2023145586841375,-1.955185857014885,-1.8504775181032107,-3.7181538339212894,-2.554243038610504,0.5714285714285714,0.49999999999999994,0.46153846153846145,0.5882352941176472,0.7058823529411764,0.823529411764706,24359.14972404961
425,2014-05-15,0.0054522438900077574,0.007129903636654555,-0.00391442756765592,0.12396204782525366,-0.006113611964675858,-1.0005898550238923,-1.5228501438085296,-1.254894885074509,-1.1653539486767506,-2.913870853997258,-1.747526782012243,0.42857142857142855,0.49999999999999994,0.46153846153846145,0.5294117647058825,0.7058823529411764,0.7647058823529412,24128.736112536502
426,2014-05-16,0.0008474293426230517,0.002542372773628232,-0.004237330328926703,0.11933468456628193,-0.010205486124661434,0.12307332915693081,-0.4237420733218089,-0.25223161882024225,-0.10997863881540004,-1.7376349705903071,-0.5665962817434256,0.42857142857142855,0.49999999999999994,0.3846153846153846,0.4705882352941177,0.6470588235294117,0.7058823529411765,24534.30969483151
427,2014-05-19,0.00042855714285727764,0.0037143142857143374,-0.0038571000000000577,0.11809751682361402,-0.01129955739630617,1.224492591786519,0.6765302448586086,0.8095240603167131,0.9551033515114105,-0.4132637167966857,0.6746958948885773,0.42857142857142855,0.4166666666666666,0.3076923076923077,0.411764705882353,0.588235294117647,0.7058823529411765,23617.571428571428
428,2014-05-20,0.012415994922816198,0.015045267529145034,-0.00043819749398466,0.10599662785726705,-0.022000092344096056,3.2824277082512676,2.7242277574206053,2.9109896125632195,3.0205436105599226,1.9757911463623046,2.9681677821487673,0.42857142857142855,0.3333333333333333,0.3076923076923077,0.35294117647058826,0.5294117647058822,0.6470588235294118,23380.537005280996
429,2014-05-21,0.0018837414321477564,0.0018837414321477564,-0.005651340221668244,0.13996138568819072,0.008034175383904829,2.0969891269673635,1.864101234320148,1.9375877098587901,2.1207920155507765,1.3100067889061817,2.1412870921294846,0.42857142857142855,0.4166666666666666,0.3076923076923077,0.411764705882353,0.5294117647058822,0.6470588235294118,13184.04526343877
430,2014-05-22,-0.0010031527802115692,0.002436199519005422,-0.0021496417619610853,0.14349377107241268,0.0111576348956417,0.6326038125820777,0.7288215650007368,0.7226768291120012,0.9622058852183368,0.35110293745401755,1.0125696834025533,0.42857142857142855,0.4166666666666666,0.3846153846153846,0.4705882352941177,0.5294117647058822,0.6470588235294118,13168.962928775622
431,2014-05-23,-0.005146547754676822,0.002859256734492943,-0.006433123935659313,0.13363091024456208,0.0024360991919147867,-0.02449334525010949,0.49934787957939264,0.40642258076106774,0.6509860225108133,0.21240868948777525,0.7822036598885251,0.42857142857142855,0.49999999999999994,0.46153846153846145,0.4705882352941177,0.588235294117647,0.6470588235294118,8210.580051961975
432,2014-05-27,-0.0001425881091504655,0.0019975318588973945,-0.003709430943611536,0.13313933676375966,0.002001561659774831,-0.5177020395521592,0.2578299284925478,0.16101380236672735,0.4509486002562513,0.13961556295796207,0.588629759943804,0.5714285714285714,0.49999999999999994,0.5384615384615385,0.5294117647058825,0.588235294117647,0.7058823529411765,10270.08062611389
433,2014-05-28,0.0013014605552723602,0.002747563188790547,-0.0018800433295721453,0.11570936815710375,-0.013411277986878911,0.49374452082717735,1.5029381780008677,1.4660940076269613,1.7193398706452312,1.5872956427695817,1.9175640748273715,0.5714285714285714,0.49999999999999994,0.5384615384615385,0.4705882352941177,0.5294117647058822,0.6470588235294118,21747.372472932104
434,2014-05-29,-0.006295636089507006,0.002432379488229719,-0.006724867745383611,0.14297773456772744,0.010701143502712673,-0.5927537742460576,0.3955357164672435,0.35908230126626695,0.577964176685164,0.5955102890341291,0.7726587925363626,0.7142857142857143,0.5833333333333333,0.5384615384615385,0.4705882352941177,0.5294117647058822,0.6470588235294118,14969.668407077814
435,2014-05-30,0.004125029646067757,0.005892781639339262,-0.004272260059174804,0.0983526279390341,-0.028759397221850502,2.2287296169783533,3.1968250078292737,3.14421049236544,3.39991382770668,3.5781010118713485,3.566384837389136,0.7142857142857143,0.5833333333333333,0.46153846153846145,0.4705882352941177,0.4705882352941176,0.5882352941176471,42522.572887017064
436,2014-06-02,-0.0016138643419093546,0.003667840160338054,-0.003227728683818598,0.13554083502730108,0.0041250151084732956,1.6306122471327233,2.50041761962847,2.6331579456515097,2.8142783424501383,3.1176631991355563,3.0415806273527135,0.7142857142857143,0.5833333333333333,0.5384615384615385,0.4705882352941177,0.5294117647058822,0.5882352941176471,20359.91429806841
437,2014-06-03,-0.00311017490122234,0.00177728088465412,-0.007553243819012678,0.12025728554679227,-0.00938967112781941,2.115770351618873,3.058352437341294,3.4388386733454457,3.599459406201011,4.013977097033994,3.896409184566063,0.5714285714285714,0.49999999999999994,0.46153846153846145,0.4705882352941177,0.5294117647058822,0.5294117647058824,31597.046427638317
438,2014-06-04,0.004766160333127045,0.0059577302049111935,-0.0010425826786206738,0.12451134462633728,-0.005628016900765975,2.0958357140187456,3.1277970745106964,3.8356278150590173,3.9804909677798372,4.516154238591907,4.309973930539779,0.42857142857142855,0.4166666666666666,0.46153846153846145,0.4705882352941177,0.4705882352941176,0.5294117647058824,30757.117824815574
439,2014-06-05,-0.00620564420803793,0.002659589243498628,-0.008421971040189269,0.13997146736308697,0.008042811992277521,0.7725511807342711,1.8986518657105877,2.8094506297622335,2.9888653299261048,3.60415819830453,3.3768268508088672,0.42857142857142855,0.49999999999999994,0.46153846153846145,0.5294117647058825,0.5294117647058822,0.5294117647058824,15724.47281323877
440,2014-06-06,0.0,0.003384886094991435,-0.004120662433583222,0.1353874674071096,0.003989395831478504,0.11983838228160071,1.1941615528734184,2.2369467595900305,2.4734641722516493,3.117847416804409,2.8365471478968285,0.5714285714285714,0.5833333333333333,0.5384615384615385,0.5882352941176472,0.5294117647058822,0.5294117647058824,9760.58983494878
441,2014-06-09,0.00014689382563637388,0.0032310473332968215,-0.0005873550058660415,0.1332059262962091,0.0020604078180195273,-0.46367455240055033,0.7857238771498576,1.878466937680967,2.1431718154959922,2.7865793912859482,2.4966960677878403,0.5714285714285714,0.6666666666666667,0.6153846153846153,0.5882352941176472,0.5294117647058822,0.5294117647058824,12282.742827654154
442,2014-06-10,-0.003533539562236121,0.0011778857826232336,-0.006183716318719612,0.12805244115322134,-0.002496829220877239,-0.20611515245573253,0.9812086353215843,2.0220001177226665,2.2610768763654754,2.886814114395597,2.6299985568866147,0.5714285714285714,0.6666666666666667,0.6153846153846153,0.5294117647058825,0.5294117647058822,0.47058823529411764,15000.472762116393
443,2014-06-11,-0.0019197430313091512,0.002510307110007437,-0.002805699899502301,0.1275460716700041,-0.0029444236845211913,-0.0042304069571286185,1.14335282545881,2.109518404520694,2.473939090012345,3.091854859102172,2.784988141000122,0.42857142857142855,0.5833333333333333,0.5384615384615385,0.5294117647058825,0.4705882352941176,0.47058823529411764,16827.115522325526
444,2014-06-12,0.00585936015202404,0.009465204611334377,-0.0015023888672592856,0.1115046242835378,-0.017129479104096568,1.5324519936025238,2.560526919271733,3.5406699561018495,4.08117773713268,4.751177920765692,4.381442699053006,0.42857142857142855,0.49999999999999994,0.46153846153846145,0.4705882352941177,0.4705882352941176,0.47058823529411764,34010.41929120851
445,2014-06-13,-0.0026954328046636666,0.0010482030705030176,-0.005540506222529329,0.13461382836704194,0.003305331636770381,1.120947557613916,1.88358143523637,2.8294757088560107,3.5767766207511764,4.247065872384015,3.857013824649713,0.5714285714285714,0.49999999999999994,0.46153846153846145,0.5294117647058825,0.5294117647058822,0.47058823529411764,16761.50399464666
446,2014-06-16,0.005668212922610216,0.007309039270449791,-0.0013425417460839473,0.13527887344436618,0.0038933426512901548,0.5923977417249482,1.1634856478530242,2.1117489325797933,2.9912880908868233,3.735158681725559,3.296116096274493,0.5714285714285714,0.49999999999999994,0.5384615384615385,0.5294117647058825,0.588235294117647,0.5294117647058824,21175.908991991215
447,2014-06-17,-0.006025821302763967,0.0007532841557675862,-0.012654354292905401,0.11974259279192423,-0.00984492981357632,1.254687567700663,1.8712667823630902,2.8099483703305728,3.8049426331088654,4.599789287188516,4.168648804820463,0.42857142857142855,0.49999999999999994,0.5384615384615385,0.5294117647058825,0.588235294117647,0.47058823529411764,33078.24223015557
448,2014-06-18,-0.01806605979662479,0.002221249847789819,-0.018214068091427005,0.15046787823957541,0.01732461885278025,-0.5881035544146651,-0.11318220658121936,0.8849643596421153,1.8954513949257734,2.690865152600108,2.274541697834165,0.42857142857142855,0.49999999999999994,0.6153846153846153,0.5882352941176472,0.588235294117647,0.47058823529411764,53061.34344827992
449,2014-06-19,0.00043794160583954245,0.004963445255474541,-0.00496344525547443,0.14711978735580922,0.014363982783155427,-1.8748722060109912,-1.4629863290262946,-0.5408441335893355,0.3998934627634565,1.155020479321478,0.7411864455199924,0.5714285714285714,0.5833333333333333,0.6923076923076923,0.6470588235294117,0.588235294117647,0.5294117647058824,25950.82481751825
450,2014-06-20,0.0005885962417393475,0.006033019511963111,-0.0019128458197887888,0.12196095466860002,-0.007883179099194337,-1.044738461552086,-0.7010498525060638,0.17586674431229188,1.050507599642958,1.8442163372508924,1.4806976697764318,0.5714285714285714,0.49999999999999994,0.6153846153846153,0.5882352941176472,0.588235294117647,0.47058823529411764,21302.70837704103
451,2014-06-23,-0.0028877273205970555,0.002598902610485121,-0.005919780366162919,0.15250831212899474,0.01912895833802386,-2.345209969128559,-2.3854335946985494,-1.7401769527427446,-0.9580977392616652,-0.13064388945364103,-0.4500741542149189,0.7142857142857143,0.5833333333333333,0.6153846153846153,0.5882352941176472,0.588235294117647,0.5294117647058824,23986.87109477704
452,2014-06-24,0.009700117435330391,0.01190471763808465,-0.0011758083307495948,0.1109556850821447,-0.017614884637605743,-0.3296376982041216,-0.5406504826390712,-0.11198072886887678,0.6115096722420166,1.5565062899666193,1.2610224311190077,0.5714285714285714,0.5833333333333333,0.5384615384615385,0.5294117647058825,0.588235294117647,0.5294117647058824,20967.547604812644
453,2014-06-25,-0.0030877664141223393,0.0023525363225251894,-0.004264093390263457,0.13037732828470272,-0.00044076570338558163,-0.08193272815055774,-0.46213224188325075,-0.21357035170129768,0.4710287399717572,1.5053645437682839,1.2014884098799916,0.42857142857142855,0.49999999999999994,0.46153846153846145,0.5294117647058825,0.5294117647058822,0.5294117647058824,18558.034890191593
454,2014-06-26,-0.005974005798076942,0.0016028122513249698,-0.008888241682423526,0.14118510623505975,0.009116178784654538,-0.5162232692451307,-1.2905662943463847,-1.1511040381940951,-0.5495336857127886,0.5418951162803554,0.21814461963649556,0.5714285714285714,0.49999999999999994,0.5384615384615385,0.5882352941176472,0.588235294117647,0.5882352941176471,19397.223199689197
455,2014-06-27,-0.005515996596254902,0.00014520249884153458,-0.006096646916775361,0.1351601178055315,0.003788458946049733,-0.6096673857084234,-1.580163152815206,-1.5932979989053742,-0.982420699772335,0.1112829167849716,-0.2148402416532913,0.5714285714285714,0.49999999999999994,0.5384615384615385,0.6470588235294117,0.6470588235294117,0.5882352941176471,11729.294842942296
456,2014-06-30,-0.00701235969374836,0.0008766253123431156,-0.008911629316798897,0.12365291123379629,-0.006387142192659789,0.0187968754042922,-0.8921941560183444,-0.9210666415758517,-0.3464376693574689,0.6821200385947357,0.38235325584283775,0.42857142857142855,0.49999999999999994,0.5384615384615385,0.6470588235294117,0.6470588235294117,0.5294117647058824,19642.536288248488
457,2014-07-01,-0.00433518804921329,0.004335303656154865,-0.0047686996287008565,0.1432668756565214,0.010956990909557485,-0.8092444484620098,-1.8135822704708482,-1.9233415145576527,-1.41670131686229,-0.4163218329702789,-0.7700239250063245,0.5714285714285714,0.5833333333333333,0.5384615384615385,0.6470588235294117,0.6470588235294117,0.5882352941176471,23389.17442442953
458,2014-07-02,-0.009118093485736112,0.004559053866389551,-0.009403091340558722,0.14705467695229935,0.014306299542722556,-2.019002284269167,-2.8290488067900244,-3.125524767135246,-2.7863096326686043,-1.8107247772880086,-2.220089864604058,0.5714285714285714,0.6666666666666667,0.6153846153846153,0.6470588235294117,0.6470588235294117,0.5882352941176471,23143.321893593904
459,2014-07-03,-0.005626586334313344,0.0028134057005715363,-0.009846631585124777,0.14537640488060877,0.012822432377796567,-2.6465459189765395,-3.6261897984482094,-4.087377506000534,-3.95977267683405,-3.0106061976392318,-3.4933609565538704,0.7142857142857143,0.6666666666666667,0.6923076923076923,0.6470588235294117,0.6470588235294117,0.6470588235294118,32220.129960395552
460,2014-07-07,-0.002544529334026935,0.0039581426055455005,-0.0033926775061543513,0.1253081752130012,-0.004923390436229136,-1.6135531639131062,-2.775754638971084,-3.4068397372607806,-3.451773489278731,-2.5223126741296564,-3.0477781957579553,0.7142857142857143,0.5833333333333333,0.6153846153846153,0.5882352941176472,0.6470588235294117,0.5882352941176471,31531.37295822372
461,2014-07-08,0.005829603132956107,0.007251442990148238,-0.0014218540758750287,0.12432157034770985,-0.00579590710511102,-0.6946805062157502,-1.8077966143455027,-2.682585888836242,-2.8290056467283775,-1.95269319691036,-2.50167047756632,0.5714285714285714,0.5833333333333333,0.5384615384615385,0.5882352941176472,0.6470588235294117,0.5882352941176471,15936.721713700508
462,2014-07-09,-0.0034047099845285755,0.0024117747882472784,-0.005107121722432106,0.13344868922339503,0.002275114101817799,-0.5958377048974173,-1.7307464381535964,-2.741360816006899,-3.0191787358321953,-2.165797881831899,-2.703125647523985,0.5714285714285714,0.5833333333333333,0.5384615384615385,0.5882352941176472,0.7058823529411764,0.6470588235294118,21163.704813865934
463,2014-07-10,-0.004873910410724935,0.005160564645625865,-0.005590581835132391,0.11916444237553048,-0.010356105088383027,0.7126433250337127,-0.573396242657942,-1.5979985757198167,-1.9080765345726003,-1.1334815969847534,-1.6317206867746625,0.5714285714285714,0.49999999999999994,0.5384615384615385,0.5882352941176472,0.7058823529411764,0.6470588235294118,15404.676163828091
464,2014-07-11,-0.007924112294442232,0.0011320504070198023,-0.00863166856181341,0.14562781192101082,0.013044740811953615,-0.2870532771165668,-1.579780474521253,-2.6663206258310868,-3.0443361540146707,-2.409594690454797,-2.831273737471607,0.5714285714285714,0.5833333333333333,0.6153846153846153,0.5882352941176472,0.7058823529411764,0.6470588235294118,20618.782669301898
465,2014-07-14,0.0005600475810083605,0.001960495619073299,-0.0040610696506893085,0.14271755790470064,0.01047117117869667,-1.0762802048181475,-2.384620614449373,-3.3515389263228834,-3.854504373700496,-3.4215576330995923,-3.7729834740949264,0.5714285714285714,0.5833333333333333,0.6923076923076923,0.6470588235294117,0.7058823529411764,0.6470588235294118,30300.076583051305
466,2014-07-15,0.0032127952626228584,0.008520757565065429,-0.0058667135558995165,0.133726383839899,0.002520470738297087,-1.225215902771437,-2.2758403808261107,-3.2745832217108584,-3.874229207444335,-3.677007416474598,-3.9494591873248996,0.5714285714285714,0.6666666666666667,0.6923076923076923,0.7058823529411764,0.7058823529411764,0.6470588235294118,25031.827212338438
467,2014-07-16,-0.011103468585474952,0.0013708842236141994,-0.011377574148495162,0.15235938841449248,0.01899717053502692,-2.633893563741052,-3.6140166880445634,-4.692053025951792,-5.408297888127556,-5.4264117983182425,-5.62811617485851,0.7142857142857143,0.75,0.6923076923076923,0.7058823529411764,0.7058823529411764,0.7058823529411765,40595.30050430297
468,2014-07-17,0.005596781788207883,0.013152413416084974,-0.0011193787446567294,0.10793294393684216,-0.020287682760682935,-0.3897856127930699,-1.3342393585734302,-2.3792978515288388,-3.2736135577459913,-3.445680850393573,-3.5811361348731197,0.7142857142857143,0.6666666666666667,0.6923076923076923,0.6470588235294117,0.7058823529411764,0.7058823529411765,27835.854234827842
469,2014-07-18,-0.0037463160815871532,0.00013878173997494692,-0.004856375745802666,0.14036962754692484,0.008395016064148164,-0.9058663683826906,-1.8404748146433003,-2.8920296544300172,-3.8816440125129636,-4.181121859833292,-4.297411024719544,0.7142857142857143,0.6666666666666667,0.6923076923076923,0.6470588235294117,0.7058823529411764,0.7647058823529412,12342.554877202721
470,2014-07-21,-0.004023879561537269,0.0018037602331066882,-0.004578909393645025,0.13087590614825229,0.0,-0.4479785269823622,-1.4816959208580394,-2.6561478761360946,-3.675990264671314,-4.06185927296746,-4.131302482340427,0.7142857142857143,0.6666666666666667,0.6153846153846153,0.6470588235294117,0.7058823529411764,0.7647058823529412,10472.151103094215
471,2014-07-22,-0.0036840496154447733,0.002319525142317813,-0.0038204256539715598,0.15001937411518407,0.016928146872080774,-1.5944637977963971,-2.7230532183641354,-3.9302591086268657,-5.008006991639247,-5.519836471676786,-5.5271781666615505,0.7142857142857143,0.6666666666666667,0.6923076923076923,0.7058823529411764,0.7058823529411764,0.7647058823529412,21034.611665498545
472,2014-07-23,-0.0012273830293908494,0.0031364515713501184,-0.004636628811219623,0.13149296488520523,0.0005457644221527058,-1.2740958422511994,-2.4702549783648164,-3.7183639873927365,-4.730098519058834,-5.456106987212195,-5.352335682395348,0.7142857142857143,0.6666666666666667,0.6923076923076923,0.7647058823529413,0.7647058823529411,0.7647058823529412,23357.788398778444
473,2014-07-24,0.004500231705980351,0.005318409782669953,-0.0016364788862271995,0.13087577312236065,0.0,-0.9351148966758149,-2.2520623396536155,-3.374841194328626,-4.411089985587835,-5.3463611558331685,-5.111155407226475,0.5714285714285714,0.5833333333333333,0.6923076923076923,0.7058823529411764,0.7647058823529411,0.7058823529411765,16243.374301258033
474,2014-07-25,0.0036869724011892036,0.004369793621338713,-0.0019118802985710337,0.12933361516037856,-0.0013637901884216985,-0.7452024206544894,-1.8756972711300168,-2.9034458411292596,-3.978661958314489,-5.115005178936027,-4.765030854163033,0.42857142857142855,0.5833333333333333,0.6923076923076923,0.6470588235294117,0.7058823529411764,0.6470588235294118,12626.338005161628
475,2014-07-28,0.001640396400809374,0.004784661523317579,-0.004374572676020039,0.1296404535987341,-0.001092654929720549,-0.308543322331023,-1.4930007991244443,-2.5029954173572344,-3.5430949963204617,-4.881020101741762,-4.457753080128358,0.42857142857142855,0.5833333333333333,0.6153846153846153,0.6470588235294117,0.6470588235294117,0.6470588235294118,14690.728921620535
476,2014-07-29,0.001224435374149735,0.005578285714285647,-0.0014966122448979435,0.1362869703720051,0.004784803944273053,-0.5053366992245789,-1.6695765676454144,-2.6686064863559844,-3.712337253487885,-5.21703617384447,-4.702425830242407,0.42857142857142855,0.5833333333333333,0.6153846153846153,0.6470588235294117,0.6470588235294117,0.6470588235294118,12517.367346938776
477,2014-07-30,0.004977876106194934,0.006775414823008807,-0.0085730503318584,0.11272039118276167,-0.016054407349764266,1.1674370654720212,0.1876618737071789,-0.8256925266581727,-1.9526277782356272,-3.524347684696394,-2.9736856714793314,0.42857142857142855,0.5833333333333333,0.6153846153846153,0.5882352941176472,0.6470588235294117,0.6470588235294118,25582.517699115047
478,2014-07-31,0.007596019558082423,0.012519440850720986,-0.000140582368298392,0.11164222388003409,-0.017007704780333976,2.4757355503079115,1.9633058078161403,1.0168187664400197,-0.09896965009813519,-1.7569968791691815,-1.1594972783417257,0.2857142857142857,0.49999999999999994,0.5384615384615385,0.5882352941176472,0.6470588235294117,0.5882352941176471,32944.56381744627
479,2014-08-01,-0.0015504017568880313,0.006060606316868666,-0.005214869846999481,0.1286487689105944,-0.0019694643466122708,2.198741568706075,2.1182040224876797,1.2671686291394257,0.18323937472228824,-1.4480247354599962,-0.7876659867125824,0.14285714285714285,0.4166666666666666,0.46153846153846145,0.5294117647058825,0.6470588235294117,0.5882352941176471,18218.87392050207
480,2014-08-04,-0.010701835053585795,0.0013899375145214332,-0.013203572475478986,0.1468150450409038,0.01409441327792238,0.5043262638659396,0.7346513516970798,-0.08337818685142384,-1.0150767861700105,-2.6585803388898044,-1.961269781902475,0.2857142857142857,0.4166666666666666,0.46153846153846145,0.5882352941176472,0.6470588235294117,0.6470588235294118,18240.8353679709
481,2014-08-05,0.008079375985285076,0.008504592125956334,-0.006378525596944407,0.10887156785992724,-0.01945779530470637,1.9560502455672202,2.490633143040477,1.88653460233279,1.0777527002017173,-0.6300871987009238,0.12635101968925255,0.2857142857142857,0.3333333333333333,0.46153846153846145,0.5882352941176472,0.588235294117647,0.5882352941176471,32436.985863728452
482,2014-08-06,-0.014049269913051443,0.004729503473772434,-0.015022965850924663,0.15235528423511124,0.01899360126227223,-0.194746703373061,0.6219816295848224,0.09074640651034471,-0.6443392547861637,-2.351808931084909,-1.5209752904909335,0.42857142857142855,0.4166666666666666,0.5384615384615385,0.5882352941176472,0.6470588235294117,0.5882352941176471,30403.78551126423
483,2014-08-07,0.012586607447130582,0.012586607447130582,-0.006929684725352603,0.11231372048353339,-0.016413950223276075,0.9071202368836406,2.163765700558651,1.775862769775527,1.1056192031273282,-0.6340482617134491,0.25092197559164475,0.2857142857142857,0.3333333333333333,0.46153846153846145,0.5294117647058825,0.588235294117647,0.5294117647058824,28299.099396126425
484,2014-08-08,-0.007882854618766255,0.0007037584360394256,-0.010979715498596443,0.13615363317425278,0.004666946099042724,0.1809801654290233,1.5856245226686827,1.3888868074346528,0.7661653957597769,-0.9910603732541601,-0.11261452497591806,0.42857142857142855,0.4166666666666666,0.5384615384615385,0.5882352941176472,0.588235294117647,0.5882352941176471,21112.456910002013
485,2014-08-11,0.0,0.003225750214905343,-0.002103800752995766,0.1350148320006992,0.0036598257219024877,-0.14225314043533333,1.0158340989763204,1.0612494980902332,0.5039127606336624,-1.2325462797567743,-0.34301124651738846,0.5714285714285714,0.4166666666666666,0.5384615384615385,0.5882352941176472,0.6470588235294117,0.6470588235294118,22425.36651782469
486,2014-08-12,-0.004476762542945045,0.0013989786765957746,-0.006855134015593123,0.13373096920512095,0.0025245973455025883,-0.28779363645391465,0.5765839878303591,0.8114162765921584,0.3152736432001202,-1.317384292897772,-0.5052356078806386,0.7142857142857143,0.4166666666666666,0.5384615384615385,0.5882352941176472,0.6470588235294117,0.7058823529411765,10632.743258236853
487,2014-08-13,-0.001685894914301933,0.002528814273672131,-0.004917083450407644,0.1261296537529435,-0.0041969292257414414,-0.022080064049889714,0.7847242598006066,1.2088701157958237,0.7425799781799469,-0.7542958174364345,0.040135539146324284,0.5714285714285714,0.4166666666666666,0.46153846153846145,0.5294117647058825,0.6470588235294117,0.6470588235294118,17022.04017982579
488,2014-08-14,-0.002108250116423016,0.0019676598181965765,-0.006184160051042609,0.13039926495293375,-0.00042151260794709433,0.14054899571713797,0.618409405103848,1.1310794337238583,0.8056425387957811,-0.5749083556636281,0.20841285803889775,0.5714285714285714,0.4166666666666666,0.3846153846153846,0.5294117647058825,0.6470588235294117,0.5882352941176471,17758.662185251942
489,2014-08-15,0.0011042374508312136,0.0019323534271507015,-0.012146266893565238,0.15153838939079134,0.018271378525656745,-1.5459030628312664,-1.2560507818993094,-0.6191564394080307,-0.8986598634809218,-2.1594637687871066,-1.439033328410999,0.5714285714285714,0.49999999999999994,0.46153846153846145,0.5882352941176472,0.6470588235294117,0.6470588235294118,32001.761849665778
490,2014-08-18,-0.0026113523196440447,0.0,-0.007833974496042395,0.13571461484228475,0.004278690747728353,-1.5628659854133087,-1.7493912360749042,-0.9974064902259161,-1.2094544392759143,-2.405166415160076,-1.7069813465157235,0.7142857142857143,0.49999999999999994,0.46153846153846145,0.5882352941176472,0.6470588235294117,0.6470588235294118,23348.3671426782
491,2014-08-19,0.0037127231716795883,0.00956729986530469,-0.0015707696925713055,0.08844473911737105,-0.03752063195758348,2.0685045243446165,1.847169373889268,2.7233261601073533,2.6554974999050796,1.4514217386965234,2.1892683064299368,0.5714285714285714,0.49999999999999994,0.46153846153846145,0.5882352941176472,0.6470588235294117,0.5882352941176471,80754.39170006271
492,2014-08-20,-0.003801168573858593,0.007180093019570455,-0.0045051387372258,0.14702436796219276,0.014279654233916084,0.5772195492726562,0.4072686098524736,1.1256111384144063,1.2283511082693988,0.12603364124434968,0.8241956879374124,0.5714285714285714,0.5833333333333333,0.46153846153846145,0.5882352941176472,0.6470588235294117,0.6470588235294118,39762.480779437996
493,2014-08-21,-0.00042515590774239165,0.0007086593171388156,-0.005810601071728927,0.12339291800411223,-0.006616937317172944,1.0609011076490926,1.0366036009279878,1.61226965227792,1.8596113362843392,0.8368410187708175,1.5107694050953357,0.42857142857142855,0.5833333333333333,0.3846153846153846,0.5294117647058825,0.588235294117647,0.5882352941176471,24361.245588499027
494,2014-08-22,0.002725620466584866,0.003873246361687732,-0.005164266319957922,0.11725278898498681,-0.012046520733565935,1.9919291236671688,2.0390627817043594,2.6039858319943487,3.005310419253737,2.123424861915124,2.69197077699066,0.42857142857142855,0.49999999999999994,0.3846153846153846,0.4705882352941177,0.5294117647058822,0.5882352941176471,28287.624706478622
495,2014-08-25,0.0034557956856355876,0.0035997121785333874,-0.0023037581988663014,0.12665800629737767,-0.0037297653957255594,2.0240723306354624,2.307934989866678,2.7289275536576563,3.2109488625708282,2.555114295658445,3.0233515917402976,0.42857142857142855,0.49999999999999994,0.3846153846153846,0.411764705882353,0.5294117647058822,0.5882352941176471,17260.3398385028
496,2014-08-26,0.0031824245558695896,0.005063011936771833,-0.0014465211100761488,0.125665248569385,-0.004607574563194938,1.8102523131788173,2.496331471415858,2.927539591273809,3.5678116661802983,3.0470527551263116,3.4506409024295914,0.2857142857142857,0.4166666666666666,0.3846153846153846,0.411764705882353,0.5294117647058822,0.5294117647058824,23589.338069883033
497,2014-08-27,0.0010053138448360421,0.0035904065887004677,-0.0037339366824905573,0.13905518582746357,0.0072327471820201605,0.43700264073593953,1.6495349637437373,1.9237724650660537,2.6989595930160704,2.332395165657175,2.6724928024207673,0.2857142857142857,0.49999999999999994,0.3846153846153846,0.411764705882353,0.5294117647058822,0.5294117647058824,17389.493353030015
498,2014-08-28,0.00263815025773928,0.0035174848226227073,-0.005129796051745683,0.10813824127083738,-0.020106236070010164,2.1209731525631215,3.441087736396198,3.729676427653339,4.6052175298215925,4.424455529979077,4.71513936797614,0.2857142857142857,0.4166666666666666,0.3846153846153846,0.411764705882353,0.5294117647058822,0.5294117647058824,38188.944092483776
499,2014-08-29,-0.0024770218188995274,0.0007285881128626936,-0.006411117867307969,0.13750558621675313,0.005862488248081554,1.0262059001392654,2.560312923699626,2.9544191654401697,3.753043129204414,3.7960617153583343,4.019898519372256,0.2857142857142857,0.4166666666666666,0.46153846153846145,0.411764705882353,0.5294117647058822,0.5294117647058824,16475.760154892618
500,2014-09-02,0.009384149972909928,0.010117331823343179,-0.0027858505624274166,0.1237903578552364,-0.006265559945130672,1.1688370736602227,2.863434474042137,3.4115414059729954,4.138569329699715,4.381029096066591,4.541272074490643,0.2857142857142857,0.3333333333333333,0.46153846153846145,0.35294117647058826,0.4705882352941176,0.47058823529411764,17968.20900157811
501,2014-09-03,0.004761904974489806,0.008779821820527944,-0.0025297322557915614,0.11429416956162064,0.0035842467450668547,0.5433710542254611,2.2105802659768026,2.798320118591402,3.5117152326540113,3.9162077626051284,4.0366010007805375,0.42857142857142855,0.4166666666666666,0.46153846153846145,0.411764705882353,0.4705882352941176,0.47058823529411764,22222.215277822113
502,2014-09-04,0.010176593834181569,0.010326279557018925,-0.002394432804549429,0.10403601331769452,-0.00565478918661988,0.822840829820759,2.4672678249344493,3.208524205598673,3.828939831119893,4.413324631129245,4.422853996736276,0.42857142857142855,0.4166666666666666,0.46153846153846145,0.411764705882353,0.41176470588235287,0.47058823529411764,43304.89643819216
503,2014-09-05,-0.0034457378277152895,0.0019475205992509625,-0.007041213483146014,0.10915145327670017,-0.0010475374669283166,0.6882049185981565,2.105725978746298,3.0433147927714677,3.6665510426640013,4.440730624787936,4.38594336029916,0.42857142857142855,0.3333333333333333,0.3846153846153846,0.411764705882353,0.41176470588235287,0.47058823529411764,20253.681647940073
504,2014-09-08,0.008662613586810863,0.010334346033388453,-0.0022796503519916245,0.09451236972745924,-0.014232153282158766,1.5852393336268422,2.9679621021076352,4.268723364429916,4.817851558681574,5.82527684184686,5.6776738293449425,0.2857142857142857,0.24999999999999994,0.3846153846153846,0.35294117647058826,0.35294117647058826,0.4117647058823529,19438.20884015765
505,2014-09-09,0.001211769215923919,0.0027264466552459066,-0.004544017171039916,0.11402673282926079,0.003343295284138348,1.0369638468073594,2.3287632186494767,3.6523628285813237,4.198907542522967,5.383512880694918,5.1204221361899505,0.42857142857142855,0.3333333333333333,0.3846153846153846,0.411764705882353,0.41176470588235287,0.47058823529411764,30579.128623756224
506,2014-09-10,0.00030338338319646496,0.0010620390798337098,-0.009710316509766836,0.10846477704967117,-0.0016659765460572684,0.8864813087667178,2.084614630862358,3.5295745066568074,4.162142966075777,5.433837138512998,5.033690163812987,0.2857142857142857,0.24999999999999994,0.3076923076923077,0.411764705882353,0.35294117647058826,0.4117647058823529,23455.22676642532
507,2014-09-11,-0.005062933415158177,0.001073949064130053,-0.005829963178889286,0.09801694736430533,-0.01107583744302143,1.6262697273516924,2.7789634799160856,4.323778175620352,5.083273121328369,6.4345366826044526,5.911245879922689,0.2857142857142857,0.24999999999999994,0.23076923076923073,0.411764705882353,0.29411764705882354,0.3529411764705882,30733.888002454736
508,2014-09-12,0.0004603744345996752,0.0047574736183255695,-0.004450598253493143,0.10997398783955092,-0.0003067759410665394,1.2102056016887408,2.450669781811521,4.010428099192742,4.815061305698798,6.279807809321469,5.6439688120601295,0.14285714285714285,0.24999999999999994,0.23076923076923073,0.35294117647058826,0.29411764705882354,0.2941176470588235,37973.2149800973
509,2014-09-15,0.0029407521600255393,0.004488484685211569,-0.004024191239371699,0.1009426546567529,-0.008440724939970057,1.5831206173669843,2.9273097890130106,4.509156066383735,5.449868859796569,6.926062633845609,6.220961692860993,0.14285714285714285,0.24999999999999994,0.23076923076923073,0.35294117647058826,0.29411764705882354,0.23529411764705876,41820.698780038714
510,2014-09-16,-0.019703696048515296,0.006873331191792786,-0.019703696048515296,0.12509350288155918,0.01331062753648693,-0.030551637625464423,1.3130989867704779,2.7244724402059717,3.785790086986429,5.35055985634485,4.548549730570861,0.2857142857142857,0.3333333333333333,0.23076923076923073,0.35294117647058826,0.35294117647058826,0.2941176470588235,40513.73895654897
511,2014-09-17,0.016108883580057576,0.017203659950010275,-0.0007819831213947692,0.08436701092295418,-0.023369601854650868,1.9460279621273502,3.2431865658031134,4.624203469932953,5.962925629707527,7.617528186283984,6.682800636330999,0.2857142857142857,0.24999999999999994,0.1538461538461538,0.35294117647058826,0.29411764705882354,0.23529411764705876,42613.95218353069
512,2014-09-18,-0.0003115612340294227,0.004051137425989504,-0.0034278747273294163,0.11448222593600543,0.003753676159040653,1.1552270138090792,2.5444185841739353,3.8933719029251135,5.256799602261952,6.970986019448944,5.980008734427633,0.2857142857142857,0.3333333333333333,0.23076923076923073,0.35294117647058826,0.35294117647058826,0.2941176470588235,14056.33873480835
513,2014-09-19,0.0077396618584795185,0.010898736204411064,-0.003948823188298478,0.09526347599634377,-0.01355569747712615,1.9586167075679395,3.494143744046574,4.837544799477023,6.325636749245334,8.115766558595915,7.143608760439646,0.2857142857142857,0.24999999999999994,0.1538461538461538,0.29411764705882354,0.35294117647058826,0.23529411764705876,32772.65293360207
514,2014-09-22,0.014849869694025353,0.015013087712354656,-0.006200995532000486,0.07471290976806366,-0.03206451967505075,4.426994445820331,6.260497771060702,7.6890347827084815,9.32913753761342,11.280901627249484,10.302211848679011,0.2857142857142857,0.24999999999999994,0.1538461538461538,0.23529411764705893,0.35294117647058826,0.17647058823529416,74845.60696551252
515,2014-09-23,0.003253570794638394,0.006344558217918239,-0.0030909711551819763,0.11375720597005023,0.003100673195285175,3.2466411406930407,5.266207911465748,6.8160156815380235,8.502229536424966,10.529184534057734,9.534949860434372,0.42857142857142855,0.24999999999999994,0.23076923076923073,0.29411764705882354,0.35294117647058826,0.23529411764705876,29563.014485700103
516,2014-09-24,0.003215450109076423,0.006270080285047053,-0.00852094841606188,0.1235002581341147,0.011875686540832042,1.4813926132536182,3.5002252556265656,5.10401686622628,6.78919724078535,8.860729317461647,7.924780186546498,0.5714285714285714,0.3333333333333333,0.3076923076923077,0.35294117647058826,0.41176470588235287,0.2941176470588235,43778.74206141894
517,2014-09-25,0.017508737410226072,0.018008970851943085,-0.002834784011426006,0.07050741586547304,-0.03585210853720455,3.944827469611134,6.541363648565168,8.38479586049441,10.095402476659675,12.438273067567373,11.432363832781789,0.42857142857142855,0.3333333333333333,0.3076923076923077,0.29411764705882354,0.35294117647058826,0.2941176470588235,86689.01022694663
518,2014-09-26,0.003509928012370711,0.00651845206356505,-0.003844292032616048,0.10772252164590257,-0.0023345117133183324,3.2067053209497987,6.077933724522344,7.959187392608524,9.660161556874481,12.210555187203397,11.23494000881613,0.42857142857142855,0.3333333333333333,0.23076923076923073,0.23529411764705893,0.35294117647058826,0.23529411764705876,43928.46535418802
519,2014-09-29,-0.0025418912910318836,0.006439603675295835,-0.0045754280486504095,0.09509707522777133,-0.01370556440722459,3.3892617275578685,6.703470574860804,8.815474844369486,10.594105253313746,13.285853503096611,12.260732854998224,0.2857142857142857,0.24999999999999994,0.23076923076923073,0.23529411764705893,0.29411764705882354,0.23529411764705876,70370.12592344097
520,2014-09-30,0.0,0.007642679897372995,-0.005264962546451035,0.10786857811373673,-0.002202961256643543,2.542701919720791,6.08622850444549,8.368108471265167,10.179640950850576,13.094495613696356,11.968812348615732,0.2857142857142857,0.24999999999999994,0.1538461538461538,0.1764705882352941,0.23529411764705882,0.23529411764705876,44290.77913906625
521,2014-10-01,0.003592797201149578,0.009067561863685736,-0.004790470405637848,0.10220594305662889,-0.007302882680522482,2.605393288998581,6.044227822006087,8.472023675896212,10.328629608341489,13.46985023847167,12.219121645798214,0.2857142857142857,0.24999999999999994,0.1538461538461538,0.1764705882352941,0.1764705882352941,0.23529411764705876,61704.73033865303
522,2014-10-02,-0.001871401869196987,0.0027220143368835714,-0.0170125896055221,0.11658307110347166,0.005645811105674303,1.3755853366376636,4.673595867970115,7.18092601181588,9.122143317947916,12.352341243603849,11.049285730031322,0.2857142857142857,0.3333333333333333,0.1538461538461538,0.23529411764705893,0.23529411764705882,0.23529411764705876,75419.21223920063
523,2014-10-03,0.008387192032150992,0.01153239559671504,-0.007338790843962939,0.08103601217507594,-0.026369647410178332,2.880615530641628,6.58746245017876,9.285847085007592,11.393802916198226,14.894484279720954,13.42656951421619,0.14285714285714285,0.3333333333333333,0.1538461538461538,0.23529411764705893,0.23529411764705882,0.23529411764705876,86677.31556875765
524,2014-10-06,0.0075914942648636075,0.01949622186846489,-0.010524517089795071,0.12447726890308708,0.012755541877476295,1.089428765949818,4.319489365833884,7.187230867337657,9.379976841899818,12.928861486362408,11.348623302365546,0.2857142857142857,0.3333333333333333,0.23076923076923073,0.29411764705882354,0.23529411764705882,0.23529411764705876,127029.71302675488
525,2014-10-07,0.013832971216372503,0.017685133642354467,-0.003326965446910024,0.09403156082727238,-0.014665214088045775,1.913600186640152,5.017886279344341,8.057966675334427,10.30415215339211,14.096242535926894,12.289111997636448,0.2857142857142857,0.3333333333333333,0.23076923076923073,0.23529411764705893,0.1764705882352941,0.23529411764705876,88144.68222472978
526,2014-10-08,-0.018334475354104263,0.0020561857084271384,-0.028272823367497812,0.13461666589709997,0.021887544442473317,-0.42837155455132114,2.0562071075353794,5.118481119071272,7.413483141547772,11.187825698982866,9.375025738468468,0.42857142857142855,0.3333333333333333,0.23076923076923073,0.29411764705882354,0.23529411764705882,0.23529411764705876,64879.05372035549
527,2014-10-09,0.022171788096574607,0.024965084234725765,-0.002094954645512459,0.08976727912806437,-0.01850578215916998,1.0499796752017065,3.2285013388586137,6.383013738300902,8.808857715875362,12.755357101723863,10.81582340549192,0.42857142857142855,0.3333333333333333,0.23076923076923073,0.23529411764705893,0.1764705882352941,0.17647058823529416,67972.11571182116
528,2014-10-10,0.004844787367665582,0.014713780728512482,-0.0025121119684190507,0.08026936370234838,-0.027060020661387352,3.1632051993423005,5.388220691119794,8.534341260919831,11.115449904266917,15.274017568908938,13.203376321487292,0.42857142857142855,0.3333333333333333,0.23076923076923073,0.23529411764705893,0.1764705882352941,0.11764705882352933,58371.51031760273
529,2014-10-13,0.0045549753134206394,0.019271162604374004,-0.0017519620969880245,0.1372107250204242,0.024223882595867163,0.2978266793031814,2.3463327197508654,5.293324513470532,7.85426592086409,12.013512346962663,9.957254362391188,0.42857142857142855,0.3333333333333333,0.3076923076923077,0.23529411764705893,0.23529411764705882,0.17647058823529416,73350.43401011093
530,2014-10-14,-0.0035983378410153755,0.010623697556139566,-0.004969174006696719,0.1352130095097428,0.022424638712533085,-1.6253772166882174,-0.36839915640879406,2.4739753371658013,4.970997067499683,9.087716927001166,7.064467606710556,0.5714285714285714,0.3333333333333333,0.3846153846153846,0.29411764705882354,0.29411764705882354,0.23529411764705876,59983.5774505727
531,2014-10-15,-0.010908454436967974,0.003408914382441175,-0.020282905071856372,0.11621238133940914,0.005311873593081495,-1.9722892205374265,-1.0531038593827757,1.380605653558642,3.924495370490555,8.005554314227714,6.050582475553878,0.5714285714285714,0.4166666666666666,0.3846153846153846,0.35294117647058826,0.35294117647058826,0.23529411764705876,87812.19542570975
532,2014-10-16,-0.02264989743443635,0.011920929633499,-0.027588606478395783,0.11126082473908783,0.0008523135713802699,-1.66407813891023,-1.2723888048988719,0.870955496175374,3.405379575712386,7.397931344903386,5.491022500815568,0.7142857142857143,0.49999999999999994,0.46153846153846145,0.411764705882353,0.35294117647058826,0.23529411764705876,58970.388641495425
533,2014-10-17,0.0003387533817962307,0.006605674007356566,-0.00558946467497512,0.11636524868491449,0.005449465772722428,-2.032514873387936,-1.8038561004971698,-0.09032831670905406,2.42269798572734,6.423987852421709,4.534567469728157,0.7142857142857143,0.5833333333333333,0.46153846153846145,0.411764705882353,0.41176470588235287,0.2941176470588235,39343.51152871762
534,2014-10-20,-0.008260249494268401,0.0003371544167229956,-0.00960890087660149,0.11558032800844953,0.004742645660808176,-2.0036641768925723,-2.2143856864428324,-0.8822243386756745,1.5424776930640371,5.503465377011918,3.65282293477438,0.8571428571428571,0.6666666666666667,0.5384615384615385,0.4705882352941177,0.41176470588235287,0.2941176470588235,28591.380310182063
535,2014-10-21,0.0028413503980828647,0.005682700796165729,-0.008357011253317337,0.1198603968562002,0.008597412989676423,-1.860033593264443,-2.883170892646969,-1.8425227853299364,0.3575597321166635,4.228190576452229,2.428784726882305,1.0,0.75,0.6153846153846153,0.5294117647058825,0.4705882352941176,0.3529411764705882,35828.850047472835
536,2014-10-22,0.003559908338365503,0.00830645844019462,-0.0032209356426194935,0.0947259930068185,-0.014039790792469531,-2.6888687942872025e-07,-1.4748275254097276,-0.6449841262593181,1.4130726147833172,5.330846830712388,3.4896952859208907,0.8571428571428571,0.6666666666666667,0.5384615384615385,0.5294117647058825,0.41176470588235287,0.3529411764705882,50075.282418163
537,2014-10-23,0.006468102127659581,0.008000017021276618,-0.0017020936170212275,0.1057972403780536,-0.004068562139282972,0.5033503693169683,-0.8875317836842034,-0.5187365626619478,1.4711321167488967,5.3786795635413664,3.5200075725482227,0.7142857142857143,0.6666666666666667,0.46153846153846145,0.5294117647058825,0.41176470588235287,0.3529411764705882,31616.021276595744
538,2014-10-24,-0.004734494500076125,0.0027054447532202097,-0.004734494500076125,0.11768520473162236,0.006638396323922935,-0.04589816740145913,-1.398621071334749,-1.2416084876441635,0.41970380854321476,4.332156658674835,2.4696820881060066,0.7142857142857143,0.6666666666666667,0.5384615384615385,0.5294117647058825,0.4705882352941176,0.4117647058823529,25699.034252621477
539,2014-10-27,-0.0032312585583548215,0.003401377608867051,-0.006462602150724472,0.10393122117868803,-0.005749097418871751,0.5515058597875155,-0.6231779316125174,-0.7539682284913196,0.6881687611858478,4.54817145967823,2.722060467999965,0.5714285714285714,0.6666666666666667,0.5384615384615385,0.5294117647058825,0.4705882352941176,0.3529411764705882,34279.612827901576
540,2014-10-28,-0.0028509474618321207,0.0008384873245264046,-0.008049622538158219,0.12598737270234284,0.014115647870615033,-0.7067389748739661,-1.8542919228541788,-2.085878685293019,-0.9858410649567051,2.7990935861743838,0.9860812505100292,0.5714285714285714,0.6666666666666667,0.6153846153846153,0.5294117647058825,0.4705882352941176,0.4117647058823529,25011.57714216708
541,2014-10-29,0.02023117987079237,0.020571217273036346,-0.00374025841550496,0.09523229109747455,-0.013583841000126995,0.539181339142103,-0.3157262729540644,-0.742370659979541,0.10504950593170914,3.868144317620703,2.032358199029982,0.42857142857142855,0.6666666666666667,0.6153846153846153,0.5294117647058825,0.4705882352941176,0.3529411764705882,51161.86977218633
542,2014-10-30,-0.008334784685579355,0.005272954494421667,-0.011226398856499342,0.10974835290903084,-0.0005099670180680471,0.33776328417929324,0.10691833026810205,-0.6641877960424813,0.004861285374846425,3.5902616904634366,1.7738695971610818,0.2857142857142857,0.6666666666666667,0.6153846153846153,0.5294117647058825,0.4705882352941176,0.3529411764705882,35653.022186527945
543,2014-10-31,-0.008411844017695902,0.0010094381058114443,-0.013122459843917578,0.12259051211941663,0.0110563646775379,-0.6513232134497282,-0.7041969775610668,-1.6975960821375868,-1.2107095158824577,2.1466172631156466,0.38597870483627617,0.42857142857142855,0.6666666666666667,0.6153846153846153,0.5294117647058825,0.5294117647058822,0.3529411764705882,35162.19036277238
544,2014-11-03,0.01277683112816308,0.01294715480498887,-0.0047700680618386615,0.09649161542576512,-0.012449588004957213,0.5889517508391728,0.588951750839195,-0.339092785422368,-0.17826635215086872,3.104973892966778,1.3638365771861727,0.42857142857142855,0.5833333333333333,0.6153846153846153,0.4705882352941177,0.5294117647058822,0.3529411764705882,32465.779685404093
545,2014-11-04,0.0033932813605919154,0.00373262646305772,-0.00678652878837005,0.11485415318455705,0.004088681334255995,0.13087571212222482,0.21207199760286954,-0.6657379025423515,-0.6471555827006203,2.3696330025908097,0.6345352623159162,0.42857142857142855,0.5833333333333333,0.6153846153846153,0.5294117647058825,0.5294117647058822,0.4117647058823529,31783.866504663496
546,2014-11-05,0.005315517832647387,0.00840193758573382,-0.004972582304526796,0.09863486141348532,-0.010519296931709832,1.0778014981294382,1.228447885131101,0.48909533579444275,0.31660699142774806,3.1525615944507646,1.4290658808360668,0.42857142857142855,0.49999999999999994,0.6153846153846153,0.5294117647058825,0.5294117647058822,0.4117647058823529,45221.908093278464
547,2014-11-06,0.007922821082968934,0.00826730953724919,-0.0022390802232331586,0.10536464714937188,-0.004458050155834448,1.1441304010657571,1.5611862278256838,0.9144822805427388,0.7073894544833426,3.288053145660963,1.5821003102050701,0.2857142857142857,0.4166666666666666,0.5384615384615385,0.5294117647058825,0.4705882352941176,0.3529411764705882,28662.451108104528
548,2014-11-07,-0.006012040647761507,0.007013994538844548,-0.008684034591114997,0.14511938194458107,0.031346820243721485,-1.6771627362125563,-1.4588708091665792,-1.9459561032273753,-2.293874170413668,-0.09105584869032457,-1.6690530641343626,0.42857142857142855,0.4166666666666666,0.6153846153846153,0.5882352941176472,0.5294117647058822,0.4117647058823529,55675.35177561203
549,2014-11-10,0.01671451966908677,0.018571703528617256,-0.0023636670606110854,0.09826202028589881,-0.01085503045169256,-0.492028322834992,-0.4498222582242861,-0.5885069535072285,-1.174600138078985,0.7661800391911555,-0.6888417943476166,0.42857142857142855,0.3333333333333333,0.6153846153846153,0.5882352941176472,0.5294117647058822,0.4117647058823529,47787.28296471383
550,2014-11-11,-0.006104798946840906,0.000678260120768881,-0.010005087162877957,0.10544062549529953,-0.004389688340544762,-0.16715345778345325,-0.013323828294165008,0.002422595743811762,-0.7273679195869076,0.9605371113891481,-0.37210182997287067,0.2857142857142857,0.3333333333333333,0.5384615384615385,0.5294117647058825,0.4705882352941176,0.4117647058823529,49698.84653722492
551,2014-11-12,0.0018907012719147076,0.007562719147473418,-0.006359556548642176,0.09544005472606143,-0.013396621827055477,1.060747587584343,1.274368900251166,1.34557600447347,0.6789251849024902,2.068291900198327,0.7832814452727765,0.2857142857142857,0.3333333333333333,0.46153846153846145,0.5294117647058825,0.41176470588235287,0.4117647058823529,37291.88415262977
552,2014-11-13,0.0036439180349832068,0.01058478204780866,-0.002949887160335063,0.09981826758224943,-0.009453398727512385,1.7005005519906913,2.0537384618745325,2.226845751239437,1.6193161842730897,2.7184873724806824,1.6291076685542194,0.14285714285714285,0.24999999999999994,0.3846153846153846,0.4705882352941177,0.41176470588235287,0.3529411764705882,23568.32112494671
553,2014-11-14,-0.023618021564264957,0.0010269039876775743,-0.02464483997946265,0.12572750115679443,0.013881647719039769,0.33495469401845224,0.6112300224047518,0.8035636449095884,0.3086693194318313,1.0875827978135355,0.16918607654154982,0.2857142857142857,0.3333333333333333,0.3846153846153846,0.5294117647058825,0.4705882352941176,0.4117647058823529,42117.77460208797
554,2014-11-17,0.005671094787267572,0.005671094787267572,-0.007905121290687878,0.1057538937635194,-0.004107574596726282,0.7807011210595682,0.8494413793831646,1.1497709013777557,0.7119601812771048,1.2594278146348392,0.5420732955766505,0.2857142857142857,0.24999999999999994,0.3076923076923077,0.4705882352941177,0.4705882352941176,0.3529411764705882,25565.248935663327
555,2014-11-18,0.005561348530390253,0.008168178516368307,-0.004692405201730754,0.09791207998829354,-0.011170138990057144,1.338191315936399,1.8297746347299082,2.1450819158419288,1.8657729509377274,2.1645297391306606,1.6112915057340693,0.14285714285714285,0.24999999999999994,0.23076923076923073,0.4705882352941177,0.4705882352941176,0.3529411764705882,42647.591542429764
556,2014-11-19,0.015577493843419665,0.01700986632085466,-0.003939069075705182,0.07770348538003025,-0.029371000509077372,3.5400992117689656,4.535111898522337,4.896623024871216,4.955880154414238,5.024516618631147,4.5530150429661465,0.14285714285714285,0.24999999999999994,0.1538461538461538,0.4705882352941177,0.4705882352941176,0.3529411764705882,64246.09272147154
557,2014-11-20,-0.013599274212174994,0.0034451132023531894,-0.014505965022449163,0.09639840591828475,-0.012533552970851902,3.864786805527465,5.3063101590491435,5.896474436028676,6.163063222587595,6.084705516121813,5.692009706815315,0.14285714285714285,0.16666666666666663,0.1538461538461538,0.411764705882353,0.41176470588235287,0.2941176470588235,47629.09800072174
558,2014-11-21,0.004011161492849524,0.011335926055109802,-0.004011144053017168,0.15440501242897997,0.03970990168451527,-0.31142527318196445,1.1149044198938585,1.7348481522287296,2.044820018396165,1.8311818197684904,1.660769516517857,0.2857142857142857,0.24999999999999994,0.23076923076923073,0.411764705882353,0.4705882352941176,0.2941176470588235,71943.5413324032
559,2014-11-24,0.01533518133612044,0.017296664861031985,-0.0017832025041654154,0.08591630885131751,-0.02197421669188071,1.5335258246267136,3.02247091868062,3.7607866871699924,4.172613165854755,3.953962546299472,3.849095387360002,0.2857142857142857,0.16666666666666663,0.1538461538461538,0.35294117647058826,0.41176470588235287,0.2941176470588235,37987.586377011896
560,2014-11-25,0.0001812284867046543,0.007066552039618701,-0.003080250101109794,0.09269364510628364,-0.01587025190301239,2.3322105368885016,4.278735251353383,5.122573130754993,5.6240870846501645,5.4301681456889295,5.424387284321419,0.14285714285714285,0.16666666666666663,0.1538461538461538,0.29411764705882354,0.41176470588235287,0.2941176470588235,50075.10165022833
561,2014-11-26,0.006682373246927442,0.007224146780280938,-0.004334441111331744,0.11393586501567565,0.0032614763209357633,1.2719683964909523,3.5927210364294693,4.414466054734234,5.043997266011746,4.930905156605636,4.9273790814697405,0.2857142857142857,0.24999999999999994,0.1538461538461538,0.29411764705882354,0.41176470588235287,0.3529411764705882,35303.31705443953
562,2014-11-28,0.01685064852119611,0.020336993601840048,-0.0011621343954651975,0.03531777056043195,-0.06754554976996818,6.972688479989841,9.955453409442661,11.314944456479182,12.121276469301833,12.19759798642972,12.215490842290455,0.2857142857142857,0.16666666666666663,0.1538461538461538,0.23529411764705893,0.41176470588235287,0.3529411764705882,59673.60663035819
563,2014-12-01,-0.00759491753047381,0.0027264655394922954,-0.019474197447875263,0.10429305285019885,-0.00542322962999664,6.304076482706744,9.45889908229789,11.231979633382227,12.14286134379703,12.48018214336264,12.58367371809046,0.2857142857142857,0.16666666666666663,0.1538461538461538,0.1764705882352941,0.41176470588235287,0.3529411764705882,85693.25844963032
564,2014-12-02,0.015484143473147638,0.01764010192081522,-0.00254803998431985,0.1031791668917208,-0.006426440285594914,5.835242908632243,9.053871087818898,11.165555612728317,12.310297651873746,12.845568287694874,12.972502995515999,0.2857142857142857,0.16666666666666663,0.07692307692307687,0.1764705882352941,0.35294117647058826,0.2941176470588235,54473.71579772638
565,2014-12-03,-0.004447003007598704,0.008507327755078675,-0.01276102063493778,0.12554819604028578,0.013720088399491681,2.850511822074586,6.685725972784007,9.01834242884103,10.30480232392479,11.064616680377126,11.076678260975047,0.2857142857142857,0.24999999999999994,0.1538461538461538,0.23529411764705893,0.35294117647058826,0.3529411764705882,39219.80357268361
566,2014-12-04,-0.00253709982290784,0.004488661026984531,-0.0039032199881646745,0.10001005981057576,-0.009280701217314502,2.4645868083157607,6.794353104074169,9.323999860551346,10.787467863239097,11.792774184086795,11.702907832237464,0.2857142857142857,0.24999999999999994,0.07692307692307687,0.1764705882352941,0.29411764705882354,0.2941176470588235,43496.266061777285
567,2014-12-05,0.001389440226489791,0.006748709671522413,-0.00555782045339781,0.09167928049539276,-0.0167838426962561,2.8497735870927743,7.476043300053115,10.439711817035246,12.081756167476332,13.383056732417709,13.136738215632349,0.2857142857142857,0.16666666666666663,0.07692307692307687,0.1764705882352941,0.23529411764705882,0.2941176470588235,47918.80849702643
568,2014-12-08,0.014067339736337114,0.015698287781820364,-0.00040774720505099005,0.08100298213576962,-0.026399327534587846,3.7978740491628082,9.059269293045368,12.559585776620906,14.350518691685643,16.005535490198987,15.622544401183447,0.14285714285714285,0.16666666666666663,0.07692307692307687,0.11764705882352944,0.1764705882352941,0.23529411764705876,71252.82408264677
569,2014-12-09,-0.015853428042001294,0.010912044471896198,-0.018735845171916843,0.09944909835893023,-0.009785889248782209,3.9236409809467965,8.817901248296046,12.56311101738039,14.726900855082924,16.724998428695457,16.132824091544794,0.14285714285714285,0.16666666666666663,0.0,0.11764705882352944,0.11764705882352938,0.23529411764705876,103968.52851554457
570,2014-12-10,0.008597169398137261,0.010484378496212532,-0.005242189248106266,0.09019761220886013,-0.018118266303666752,4.744935127100813,9.6036947138042,13.487908963359452,16.012648300405118,18.477475394090483,17.548459530357817,0.14285714285714285,0.16666666666666663,0.0,0.11764705882352944,0.05882352941176466,0.23529411764705876,75666.85648286552
571,2014-12-11,-0.0010615499389192706,0.015074374313136962,-0.0027600213486207448,0.09657823341006266,-0.012371451806781564,4.868055473749711,9.755830563760437,13.709425821436326,16.53017257883702,19.4570753801965,18.29965955272652,0.14285714285714285,0.16666666666666663,0.0,0.05882352941176472,0.05882352941176466,0.17647058823529416,95767.58156129858
572,2014-12-12,0.00974449978345615,0.01689040710264189,-0.002165396275443876,0.08862681066714706,-0.019532906963142804,5.24345171718863,10.21622658356518,14.737355978720256,17.883431079201916,21.20892710565272,19.87872869507239,0.0,0.08333333333333331,0.0,0.05882352941176472,0.05882352941176466,0.11764705882352933,67539.06063230836
573,2014-12-15,0.01151707590179063,0.017718692459858687,-0.005537098315078648,0.08555004325369753,-0.022304049209676213,5.717446588743202,11.00141856071637,16.038596712639496,19.481881652186452,23.261083248616732,21.728203454781593,0.0,0.08333333333333331,0.0,0.0,0.0,0.05882352941176472,131064.33195723889
574,2014-12-16,0.003978691247626509,0.04641905188244699,-0.005526082867989279,0.11252780520160321,0.001993377262932805,3.884043296781181,9.20960580080903,14.419385728996993,18.211595363186774,22.306422375369106,20.629651179601694,0.14285714285714285,0.16666666666666663,0.0,0.05882352941176472,0.05882352941176466,0.05882352941176472,95080.78182662326
575,2014-12-17,-0.020302333051886334,0.013822894467017122,-0.02613388825343166,0.1363297818568281,0.023430507038949555,0.6572092759482118,5.310092463475868,10.576984977011028,14.598120955141303,18.85118101259442,17.045359738461528,0.2857142857142857,0.16666666666666663,0.07692307692307687,0.11764705882352944,0.05882352941176466,0.05882352941176472,117402.89022470605
576,2014-12-18,-0.004925053427728976,0.0017130192352672324,-0.017344796202466872,0.11990694748528608,0.008639254574603905,-0.7769875829190864,3.65403068156982,8.524530656577255,12.608604666683988,17.189771757148463,15.301324956214902,0.42857142857142855,0.24999999999999994,0.1538461538461538,0.11764705882352944,0.11764705882352938,0.05882352941176472,91615.70039364668
577,2014-12-19,-0.026658421712304703,0.0030998554060726047,-0.02934486524787905,0.15049515990789386,0.03618852999810995,-4.035662097850046,-0.40297668400119946,4.000234062113628,7.875740371533668,12.534072183796496,10.6604073024954,0.5714285714285714,0.3333333333333333,0.23076923076923073,0.1764705882352941,0.1764705882352941,0.05882352941176472,96374.2861412541
578,2014-12-22,0.017292366819585236,0.01876851618593478,-0.004428490275347419,0.0880577170818071,-0.020045479529565258,-1.9762595522457405,1.0920654735973256,5.351368261486322,9.212508602228354,14.255086866163857,12.199796035812449,0.5714285714285714,0.3333333333333333,0.23076923076923073,0.1764705882352941,0.11764705882352938,0.05882352941176472,73299.29832561359
579,2014-12-23,-0.004227435970673543,0.008666243739880786,-0.009934495668262544,0.1077389813924674,-0.00231962551445708,-1.4071379370519832,0.6612858586195758,4.586760479751617,8.645854375033647,13.944995954685101,11.772798686813513,0.5714285714285714,0.24999999999999994,0.1538461538461538,0.1764705882352941,0.11764705882352938,0.05882352941176472,49777.05855468065
580,2014-12-24,0.0014909264858162796,0.002555889189437943,-0.008306709088249042,0.10186568504009075,-0.007609420892734087,-0.10345570417061856,0.7804632632823605,4.46269732657707,8.66651110551675,14.200514271510546,11.900194789672526,0.5714285714285714,0.24999999999999994,0.1538461538461538,0.1764705882352941,0.05882352941176466,0.0,31187.49773826416
581,2014-12-26,-0.00820534416590235,0.009046917926508025,-0.009046938965851847,0.12403083377690716,0.012353555546327222,-0.6341874555716553,-0.8776417107700607,2.420524598890217,6.521442926326015,12.242391718025658,9.886085554120893,0.5714285714285714,0.3333333333333333,0.23076923076923073,0.1764705882352941,0.11764705882352938,0.05882352941176472,32763.570434769
582,2014-12-29,0.001660398505604066,0.011415525114155223,-0.0026982357824824055,0.12549871296489012,0.013675533531475326,-1.4173017653270836,-2.3438857090919973,0.3281370330580069,4.342349299867099,10.162290990453847,7.817709932843986,0.5714285714285714,0.4166666666666666,0.23076923076923073,0.23529411764705893,0.1764705882352941,0.05882352941176472,47676.4595267746
583,2014-12-30,0.0,0.012123704013377923,-0.0004180602006689238,0.1024792231983016,-0.00705681187897389,-0.3762559707545243,-1.7588413873457998,0.6639162179115088,4.359766374682916,10.39874639321161,7.8649031060779695,0.42857142857142855,0.4166666666666666,0.23076923076923073,0.23529411764705893,0.11764705882352938,0.05882352941176472,42563.79933110368
584,2014-12-31,0.0069738377007608765,0.01098901098901095,-0.0014792899408283544,0.0982458678673288,-0.010869616932908999,0.395486712760329,-0.7351134476238808,1.3645717025768445,4.8627895360837,11.034800914499554,8.331121223861636,0.2857142857142857,0.4166666666666666,0.23076923076923073,0.23529411764705893,0.11764705882352938,0.05882352941176472,36330.36094674556
585,2015-01-02,-0.003786285153843383,0.001472444226494618,-0.009465733919525876,0.11547665637545212,0.0046492193200460274,-0.03305386157905765,-1.1283725795723676,0.5469078163874652,3.8058166108179803,9.924975239076094,7.142856542290366,0.42857142857142855,0.49999999999999994,0.3076923076923077,0.29411764705882354,0.1764705882352941,0.05882352941176472,30869.844954336455
586,2015-01-05,0.005888789787951598,0.01090512588462933,-0.011341243679007351,0.07084390631168747,-0.035549099818444674,3.1967679538266403,2.4645672548954334,3.6433595992943824,6.737039045024651,13.309455912373892,10.323735610307573,0.42857142857142855,0.49999999999999994,0.23076923076923073,0.23529411764705893,0.1764705882352941,0.05882352941176472,95523.5406989985
587,2015-01-06,-0.0019754169891259554,0.016022826689577885,-0.006584789144319703,0.10329195334760599,-0.006324991492229093,3.4177934107364694,3.181058463605879,3.709404658426374,6.591788553948863,13.331463614322114,10.26904377380733,0.42857142857142855,0.49999999999999994,0.23076923076923073,0.23529411764705893,0.1764705882352941,0.0,63976.1715544958
588,2015-01-07,-0.001956947077323412,0.004131289231081192,-0.010654533130918242,0.1207939734381831,0.009438137646507805,1.9724820490341077,2.332810753482484,2.2851826719613166,4.880725866606528,11.633489046167211,8.465200919385873,0.42857142857142855,0.49999999999999994,0.3076923076923077,0.29411764705882354,0.1764705882352941,0.05882352941176472,46606.95622492037
589,2015-01-08,-0.005784061696658127,0.004498693230505557,-0.01221077549271643,0.1269729631750236,0.015003250066415896,0.006124467799661915,0.8783266314799532,0.5314883199658782,2.6655724164137196,9.402934024885345,6.157432074804925,0.42857142857142855,0.49999999999999994,0.3846153846153846,0.29411764705882354,0.23529411764705882,0.11764705882352933,48698.65724078834
590,2015-01-09,0.003835520988706431,0.007457894736841997,-0.002770104410824592,0.11626105019352373,0.005355650689212066,-0.8036296887394379,0.37594242898342234,-0.1704633087404095,1.760984851173375,8.163124358321383,4.9459712692453195,0.5714285714285714,0.49999999999999994,0.46153846153846145,0.35294117647058826,0.29411764705882354,0.11764705882352933,50738.39910505008
591,2015-01-12,0.0047950522058619605,0.006320771440262218,-0.008936355515772432,0.08547271768009779,-0.02237367894329667,1.0181763180901138,2.2823469724214895,1.926346936120904,3.664057949594879,9.945713885255225,6.7268608835481025,0.5714285714285714,0.4166666666666666,0.46153846153846145,0.35294117647058826,0.29411764705882354,0.11764705882352933,59373.453806136575
592,2015-01-13,0.011891675842325533,0.013433164501211348,-0.00836822285840122,0.09894032482991655,-0.010244079220021018,1.3936407961903985,3.024813685951311,2.8040742241028704,4.295774111394679,10.372681446876841,7.218666363689996,0.42857142857142855,0.4166666666666666,0.46153846153846145,0.35294117647058826,0.29411764705882354,0.11764705882352933,62152.7106364237
593,2015-01-14,-0.01675729166666662,0.0011322237318842632,-0.028079755434782583,0.07975087389279989,-0.02752709444834689,3.717005158950837,5.431551527062051,5.496252352356068,6.636586708270498,12.741012433005716,9.400884876060678,0.42857142857142855,0.4166666666666666,0.46153846153846145,0.29411764705882354,0.23529411764705882,0.11764705882352933,124575.53985507248
594,2015-01-15,0.008715061452513995,0.010726256983240257,-0.00424578770949724,0.12514897538151404,0.013360458936072739,2.0909885231567227,3.690350981009538,4.0627918120487605,4.712699390980424,10.569310815313116,7.235125443226442,0.5714285714285714,0.49999999999999994,0.5384615384615385,0.35294117647058826,0.29411764705882354,0.17647058823529416,109999.0
595,2015-01-16,-0.015171218360884753,0.004117967146032964,-0.017988686995853764,0.1448026232703592,0.031061617129264585,-0.9381459538470249,0.35140673077469486,1.020695785755521,1.2299460747708268,6.604117186001379,3.4441694047697258,0.5714285714285714,0.49999999999999994,0.5384615384615385,0.411764705882353,0.35294117647058826,0.17647058823529416,93709.44849827586
596,2015-01-20,-0.00021895796847637428,0.00612957530647984,-0.005691812609457059,0.09924502946568659,-0.00996960857010687,-0.2533246817977508,0.9710284082190102,1.9733432658834316,1.9858534878788303,7.0255698799520205,3.879773489606131,0.42857142857142855,0.4166666666666666,0.46153846153846145,0.411764705882353,0.29411764705882354,0.17647058823529416,93928.50963222417
597,2015-01-21,-0.01246244064326496,0.0036527287569247946,-0.016544928737753817,0.13121792183605163,0.018826611057608744,-2.216226201608995,-1.0943076164291798,0.07263633574450257,-0.05449420746659328,4.4851224147514746,1.6477278269426021,0.42857142857142855,0.49999999999999994,0.46153846153846145,0.4705882352941177,0.35294117647058826,0.23529411764705876,82463.54485465096
598,2015-01-22,-0.0004227435970673987,0.0065524834801842236,-0.007820798820105668,0.1286845130984895,0.016544878007838992,-3.375912878015097,-2.705566341013088,-1.6648111134933918,-1.7098530225534758,2.354775262487263,-0.2506330824226799,0.5714285714285714,0.5833333333333333,0.46153846153846145,0.5294117647058825,0.41176470588235287,0.2941176470588235,58612.399733388294
599,2015-01-23,0.018021978021978136,0.019340681318681385,-0.0017582857142857122,0.06783573166109469,-0.03825837165611934,0.4960787838214742,0.8445842129249925,2.046050367786756,2.0745696774607136,5.921507816513394,3.37080191198329,0.5714285714285714,0.49999999999999994,0.46153846153846145,0.5294117647058825,0.41176470588235287,0.2941176470588235,72056.14285714286
600,2015-01-26,-0.01217120244169545,0.005868311491776135,-0.019560900654679525,0.12275979396270986,0.011208735281438509,-0.04346005917483797,-0.24838734704667464,0.7803747498291713,0.9299285707476956,4.16110999423871,1.8704075953007715,0.7142857142857143,0.5833333333333333,0.5384615384615385,0.5882352941176472,0.41176470588235287,0.2941176470588235,55147.883075369835
601,2015-01-27,-0.003709404158437568,0.006109513152541268,-0.011128125196241512,0.10597090328956948,-0.003912212024965611,0.6857751213074303,0.18547594790816468,1.0598248183922854,1.3793291247813588,4.03770436461004,1.933239872304493,0.5714285714285714,0.5833333333333333,0.5384615384615385,0.5882352941176472,0.41176470588235287,0.2941176470588235,48373.42512003382
602,2015-01-28,0.013656343010733929,0.01784134282637262,-0.0022027091540657295,0.09989716204256038,-0.009382437327426274,1.4065484543601903,1.0415374305750902,1.7935817070226623,2.3521095318266294,4.509651341857834,2.5852757313733488,0.42857142857142855,0.49999999999999994,0.46153846153846145,0.5294117647058825,0.41176470588235287,0.2941176470588235,59527.63173882679
603,2015-01-29,0.0032830160490922022,0.0032830160490922022,-0.016414970812321572,0.11740686374456821,0.006387585920066607,0.7660403921037062,0.24545251196219642,0.8879801332539072,1.654794368930368,3.3418892792936417,1.7240506232524933,0.5714285714285714,0.49999999999999994,0.46153846153846145,0.5294117647058825,0.4705882352941176,0.2941176470588235,55652.317042094925
604,2015-01-30,-0.011008028879428977,0.0105762568281349,-0.01877839331843756,0.12586737409271143,0.014007607247125131,-0.6907055770670634,-1.2318519893114943,-0.6608981645383261,0.2220028107311034,1.6419406549631255,0.1806846029044351,0.5714285714285714,0.49999999999999994,0.5384615384615385,0.5294117647058825,0.5294117647058822,0.3529411764705882,72308.51554890932
605,2015-02-02,-0.007398055223038269,0.0019023673239828565,-0.015007461107430564,0.13380053934969593,0.021152605163712312,-2.7478420749741383,-3.0618774764946344,-2.7196582523334456,-1.9355688538635896,-0.6668345811812637,-1.9174508330376039,0.5714285714285714,0.5833333333333333,0.6153846153846153,0.5294117647058825,0.588235294117647,0.4117647058823529,78914.66098254785
606,2015-02-03,-0.02602600548496481,0.0026026225705180206,-0.03403405337269161,0.17227243657818492,0.055802161721961285,-6.615194204923791,-7.536113601190264,-7.631448485745995,-6.937658867415408,-5.96787949535188,-6.938373673038845,0.7142857142857143,0.6666666666666667,0.6153846153846153,0.5882352941176472,0.6470588235294117,0.47058823529411764,170359.3569497426
607,2015-02-04,0.000819442720355612,0.008604773435673563,-0.004302458424452871,0.08497397762988657,-0.02282293062779661,-3.6145957191102362,-4.696047392504498,-5.18531232910735,-4.654341783693827,-3.9136168231075907,-4.610878493627912,0.5714285714285714,0.6666666666666667,0.6153846153846153,0.5882352941176472,0.6470588235294117,0.4117647058823529,63129.50475045063
608,2015-02-05,-0.015716360755261727,0.0048357444119333515,-0.01793268148433047,0.12896771407176888,0.016799917307609213,-4.113298305570456,-5.568350899548902,-6.361363705094103,-6.036819739931243,-5.578427230280358,-5.929021772145237,0.7142857142857143,0.6666666666666667,0.6923076923076923,0.6470588235294117,0.7058823529411764,0.47058823529411764,56996.78245017565
609,2015-02-06,0.010354110367485791,0.010975336281314307,-0.00455582926991438,0.08033625414877399,-0.02699983737908329,-0.5975786911578185,-2.6299429000799623,-3.5361751622169035,-3.373222085967109,-3.061365503495328,-3.1381835933329993,0.7142857142857143,0.5833333333333333,0.6153846153846153,0.5882352941176472,0.6470588235294117,0.47058823529411764,61674.29381496596
610,2015-02-09,-0.009750152346130303,0.010765752589884325,-0.011375218362786876,0.13192762469023167,0.019465729241440854,-1.4683238853602454,-3.9740572643863326,-5.131404205875967,-5.142045431753861,-4.90361106781444,-4.8176205503450475,0.7142857142857143,0.6666666666666667,0.6153846153846153,0.5882352941176472,0.6470588235294117,0.5294117647058824,43604.52508632948
611,2015-02-10,0.004136525507198563,0.005997952678302054,-0.008893485373050014,0.09046731476889502,-0.017875364971080665,0.9218590278988081,-1.9589227543328702,-3.2648754126315294,-3.377892069051547,-3.1836233123382685,-2.9877304245287672,0.5714285714285714,0.5833333333333333,0.5384615384615385,0.5882352941176472,0.588235294117647,0.5294117647058824,42669.11551892929
612,2015-02-11,-0.0008343137428934444,0.0037546934450289893,-0.017104714582910185,0.10089933189371347,-0.008479795545950353,1.9727078994764113,-1.0265777908547213,-2.2329453962029566,-2.5053605484439134,-2.3432025780350307,-2.1848700998757686,0.42857142857142855,0.49999999999999994,0.5384615384615385,0.5882352941176472,0.5294117647058822,0.5294117647058824,40470.42345580775
613,2015-02-12,-0.0055316532363931525,0.00348287229086508,-0.011473079051975477,0.13046425787535898,0.01814769138868355,-0.17853326932698588,-2.306316787573781,-3.6438635427628263,-4.150200970287643,-4.000445501528738,-3.8469838117517363,0.42857142857142855,0.5833333333333333,0.6153846153846153,0.5882352941176472,0.588235294117647,0.5882352941176471,53008.6280883092
614,2015-02-13,-0.015628052659270364,0.007814045864701136,-0.017190818855065793,0.16445405984106554,0.0487605536186404,-4.155390168656736,-6.1256405622919345,-7.46983815686908,-8.234032126664193,-8.230775905351074,-8.100914499394918,0.5714285714285714,0.5833333333333333,0.6923076923076923,0.6470588235294117,0.6470588235294117,0.6470588235294118,81907.57749381867
615,2015-02-17,0.0035300253567356332,0.00509899960388327,-0.003922357171117552,0.10597656132314426,-0.0039069450141401285,-3.398434172607734,-5.034608180860223,-6.524161867371081,-7.493774043819402,-7.598136359806706,-7.514086502227901,0.42857142857142855,0.5833333333333333,0.6153846153846153,0.6470588235294117,0.6470588235294117,0.6470588235294118,61607.15604596368
616,2015-02-18,-0.011555033067860654,0.010771640995463239,-0.011946729104059362,0.11183873713587267,0.001372661357988747,-2.7558560810189814,-4.37299957871603,-6.193453276327743,-7.265954913217554,-7.453409843833947,-7.443337848950382,0.5714285714285714,0.6666666666666667,0.6153846153846153,0.6470588235294117,0.6470588235294117,0.6470588235294118,48778.86586800106
617,2015-02-19,0.0017832375315387505,0.005944105291378898,-0.00495343758760769,0.09748492860966151,-0.011554926488408057,-1.2680848301656167,-2.5786206714552007,-4.644912495432263,-5.913699947562334,-6.174817505206387,-6.231711446654331,0.42857142857142855,0.5833333333333333,0.6153846153846153,0.5882352941176472,0.588235294117647,0.5882352941176471,38358.420678434304
618,2015-02-20,-0.00019807844690955534,0.004754377971474044,-0.003763847068145809,0.11053450434884904,0.00019806145290512944,-0.6848506887042527,-2.010693131418473,-4.292125470593322,-5.681170839182159,-6.015108469046693,-6.100857186998255,0.5714285714285714,0.5833333333333333,0.6153846153846153,0.5882352941176472,0.6470588235294117,0.5882352941176471,44095.67194928685
619,2015-02-23,0.005449061663956867,0.0074671848126575124,-0.005852694366350941,0.08985909298383232,-0.018423150041685377,1.6433661349537498,0.15136691604418218,-2.2805205806631923,-3.6463837706263047,-4.195372748854198,-4.209884743773751,0.5714285714285714,0.49999999999999994,0.5384615384615385,0.5882352941176472,0.6470588235294117,0.5294117647058824,50594.359245113206
620,2015-02-24,-0.006117357940788493,0.012808239097529261,-0.015102293727732752,0.17216061015630668,0.055701425175629815,-2.7637485403338213,-4.810613011551612,-6.816511748933696,-8.259146883069135,-9.027688128827084,-9.003473931667305,0.5714285714285714,0.49999999999999994,0.6153846153846153,0.6470588235294117,0.6470588235294117,0.5882352941176471,71428.93554903583
621,2015-02-25,0.0015223977454310589,0.0039961751474058005,-0.005899086696462219,0.11540862650892714,0.00458796974358,-2.838112515356439,-4.736984938629041,-6.649449169582211,-8.107923480567647,-9.20574472355593,-9.054777460031914,0.5714285714285714,0.5833333333333333,0.6153846153846153,0.7058823529411764,0.7058823529411764,0.6470588235294118,37289.20051931875
622,2015-02-26,0.01176243710446534,0.012919359565766397,-0.0026995757288935662,0.09573575823497382,-0.01313034120991119,-1.3057145521139124,-3.162361297276939,-4.853727405789443,-6.395652874786261,-7.772299746165401,-7.497658978763555,0.5714285714285714,0.49999999999999994,0.6153846153846153,0.6470588235294117,0.7058823529411764,0.6470588235294118,34480.29513148293
623,2015-02-27,-0.003998457730388538,0.0017136519421172558,-0.005521706016755612,0.12444504344432161,0.01272648270400345,-2.1488342350099554,-3.8039863201045243,-5.403829450158071,-7.138089138170023,-8.7050667353191,-8.304855930166678,0.5714285714285714,0.5833333333333333,0.6923076923076923,0.6470588235294117,0.7058823529411764,0.6470588235294118,40810.11957349581
624,2015-03-02,-0.0011471701940185541,0.0007648374907236466,-0.011089828127912482,0.10566364692231112,-0.0041889008830025,-1.2373597150325488,-2.98005211279021,-4.404069441649028,-6.2954018918742864,-8.133470223414886,-7.612118458910655,0.5714285714285714,0.49999999999999994,0.6153846153846153,0.6470588235294117,0.6470588235294117,0.5882352941176471,55543.93414043851
625,2015-03-03,0.0036545103422001013,0.011348335781945273,-0.0019235044461047845,0.10373349356964345,-0.005927212101351276,-0.23356632761696305,-1.901468609321988,-3.3156590551458143,-5.36229827020912,-7.395656301605669,-6.783175157828469,0.42857142857142855,0.49999999999999994,0.5384615384615385,0.5882352941176472,0.588235294117647,0.5882352941176471,28075.552103229387
626,2015-03-04,-0.0005811507280346628,0.0019372724125779062,-0.011429678640637042,0.10241266497481982,-0.0071167124439157625,1.0544011350613225,-0.6891090862032212,-2.2250583473575114,-4.385765837258293,-6.533558016686058,-5.797316366779293,0.42857142857142855,0.49999999999999994,0.46153846153846145,0.5294117647058825,0.588235294117647,0.5882352941176471,43239.99270129781
627,2015-03-05,0.013351678774788933,0.014726094639701648,-0.0017671313567640956,0.09547299923622332,-0.013367050585536,2.0364134552069757,0.9536962983245134,-0.8087604940385074,-2.709595384761143,-5.108780058385887,-4.211375963362862,0.2857142857142857,0.4166666666666666,0.3846153846153846,0.5294117647058825,0.588235294117647,0.5294117647058824,40876.675240526216
628,2015-03-06,0.01600812628199111,0.020668714110180897,-0.0030394530107173967,0.07586932697732518,-0.031022884057623767,4.376895551897442,3.9195223008738234,2.4190639660144564,0.6469795049501403,-1.9018696337107954,-0.8441184129152179,0.14285714285714285,0.3333333333333333,0.3846153846153846,0.4705882352941177,0.588235294117647,0.5294117647058824,63354.62566790783
629,2015-03-09,0.00404530752518828,0.0060680219673951985,-0.003640796999207052,0.11233939671560633,0.001823638180105558,3.487635237782105,3.5064179957204233,2.214327977763597,0.7245478952146334,-1.8935847013567764,-0.7535779798382714,0.2857142857142857,0.4166666666666666,0.3846153846153846,0.5294117647058825,0.588235294117647,0.5882352941176471,45801.99445394406
630,2015-03-10,0.015173803684429776,0.017281327349181863,-0.0027397470444732175,0.06562356831399252,-0.04025074604877121,6.301366755573623,7.30392595786884,6.416776510865185,5.1031139062772235,2.2941423201470856,3.4875792156687346,0.14285714285714285,0.3333333333333333,0.3846153846153846,0.5294117647058825,0.5294117647058822,0.5294117647058824,61067.49186367773
631,2015-03-11,0.007239973354981277,0.007678762278246376,-0.005704299881338359,0.06655719051158182,-0.013633352098311957,6.092823621439836,8.227433530451055,7.640725583964647,6.640765114556002,3.7142928041034473,4.986523110555452,0.14285714285714285,0.3333333333333333,0.3076923076923077,0.4705882352941177,0.5294117647058822,0.47058823529411764,54957.31263895074
632,2015-03-12,0.013928160741498274,0.01719262204150973,-0.003917323092114788,0.09007644246882696,0.008117617608688787,3.7831189163492818,6.856843260210321,6.656200047918026,5.846634810736373,2.89192752223979,4.180083036624693,0.2857142857142857,0.3333333333333333,0.3846153846153846,0.4705882352941177,0.5294117647058822,0.47058823529411764,46016.40922704223
633,2015-03-13,0.013692503113187371,0.015039326936909791,-0.010774388569571025,0.0483539195847813,-0.030467989435980947,5.210005887280089,9.620814134787015,9.779477808647496,9.050767008148508,6.1183508634309325,7.356272476502856,0.2857142857142857,0.3333333333333333,0.3846153846153846,0.411764705882353,0.4705882352941176,0.47058823529411764,73810.44946827047
634,2015-03-16,-0.006855395690946731,0.0006634011352630864,-0.014374192517156326,0.09756093180251191,0.015039375665026222,2.2677461008371758,7.092620505314917,7.909201198919269,7.164534872130401,4.59852202268094,5.823059923932927,0.42857142857142855,0.3333333333333333,0.3846153846153846,0.411764705882353,0.5294117647058822,0.5294117647058824,46962.7318230046
635,2015-03-17,-0.004984807216836029,0.004551343835096144,-0.009536151051932285,0.10329782757927086,0.020344917594123935,-0.365968024633867,4.1775470319329155,5.374445966547814,4.9198171558286985,2.674629925295968,3.7955319395069687,0.5714285714285714,0.3333333333333333,0.3846153846153846,0.4705882352941177,0.5294117647058822,0.5882352941176471,53598.91446900551
636,2015-03-18,-0.03175275056084881,0.0012700465169328545,-0.04254872808853816,0.1070776521199388,0.023840508457027676,-2.960566473483617,1.2580918143090702,2.6770737619214335,2.394085027592263,0.46825340837008955,1.5363299194506963,0.5714285714285714,0.4166666666666666,0.46153846153846145,0.4705882352941177,0.588235294117647,0.5882352941176471,74628.54806818171
637,2015-03-19,0.007081588286763418,0.008154549706203884,-0.0019313305549926163,0.0666495789091599,-0.013547938049539132,-1.5082685677940466,1.9517286117459065,3.767840164136982,3.7675601158734695,1.9331943779042016,3.077147226028343,0.5714285714285714,0.3333333333333333,0.3846153846153846,0.4705882352941177,0.588235294117647,0.5294117647058824,58889.56046740603
638,2015-03-20,-0.006658322791129434,0.011027860777614196,-0.010819808347486415,0.11517662775467574,0.03133047599686778,-3.7631467686733533,-1.5724656085803645,0.5074012074736789,0.6238952478728521,-0.9863557747036511,0.1576763548692739,0.7142857142857143,0.4166666666666666,0.46153846153846145,0.4705882352941177,0.588235294117647,0.5882352941176471,75985.26558497158
639,2015-03-23,-0.002023861566484486,0.0036429872495447047,-0.009107488362679494,0.11167255962618095,0.02808985743120007,-5.392192536466278,-4.438303407410283,-2.2146848750582038,-1.9574411214752008,-3.494738781671902,-2.330757288288987,0.7142857142857143,0.49999999999999994,0.46153846153846145,0.5294117647058825,0.588235294117647,0.5882352941176471,41814.42197935641
640,2015-03-24,0.012426176410674117,0.01487064575269903,-0.0014259523324505752,0.07429607564830132,-0.006476348701143331,-3.4542968467277,-3.987224328517003,-1.4962784227400383,-1.1435336571973043,-2.71936515512351,-1.518536614697652,0.7142857142857143,0.49999999999999994,0.46153846153846145,0.5294117647058825,0.5294117647058822,0.5294117647058824,39882.886738643305
641,2015-03-25,0.01585995913202809,0.01874356372283348,-0.0008239135082165339,0.06940441397727226,-0.01100023985056442,-1.4006161033847109,-3.0736544851238223,-0.6353731072760382,0.030711468323518787,-1.4294646363635755,-0.42873904025447773,0.5714285714285714,0.49999999999999994,0.3846153846153846,0.4705882352941177,0.4705882352941176,0.5294117647058824,59271.91574197561
642,2015-03-26,0.003746118704393675,0.01186264332700615,-0.007075962686284298,0.0701630300425169,-0.01029864342078013,0.19325048396126032,-2.066595877134847,0.08872823932848384,0.9376544170308865,-0.24309391373572575,0.6380355717815478,0.42857142857142855,0.49999999999999994,0.3076923076923077,0.411764705882353,0.4705882352941176,0.47058823529411764,47566.118575798515
643,2015-03-27,0.008067983357451514,0.009978811464068427,-0.003184649816757923,0.05992048030647412,-0.019771095872759492,2.1716717767910287,-0.250222819088497,1.7632777962603985,2.7796284450704034,1.8937336061473298,2.593094956483055,0.2857142857142857,0.4166666666666666,0.3076923076923077,0.411764705882353,0.41176470588235287,0.47058823529411764,39748.47090231299
644,2015-03-30,-0.001271746502755411,0.005298855447223305,-0.008054281475201375,0.08313559259776215,0.0016985347595153133,2.174043480136212,-0.27251019322197534,1.1902800182788997,2.4126486513514456,1.8706586751690235,2.428334378344532,0.42857142857142855,0.49999999999999994,0.3076923076923077,0.411764705882353,0.4705882352941176,0.5294117647058824,57116.42263671047
645,2015-03-31,0.015278652565555051,0.015278652565555051,-0.005595050449859085,0.06502679435009151,-0.015048734314117462,3.246331765022714,1.387992584833464,2.278970588904494,3.771323447856245,3.528246779716193,3.9027068550341326,0.2857142857142857,0.49999999999999994,0.3076923076923077,0.411764705882353,0.41176470588235287,0.47058823529411764,48654.045219387874
646,2015-04-01,-0.001953124915229032,0.006293337400462784,-0.001953124915229032,0.07222418494153793,-0.008392550564571,3.0877998626050562,2.2662484566699392,2.6742796516453504,4.410821863332015,4.454107261736007,4.719690231437745,0.14285714285714285,0.4166666666666666,0.3076923076923077,0.35294117647058826,0.41176470588235287,0.4117647058823529,46298.91118489969
647,2015-04-02,-0.0013169666084950071,0.0017558823144012692,-0.012949955817604053,0.06909685956324263,-0.011284744180567463,3.157535197262895,3.5918151536618703,3.3537625567849005,5.391249870118342,5.619454752833697,5.844224615873195,0.14285714285714285,0.4166666666666666,0.3076923076923077,0.35294117647058826,0.41176470588235287,0.3529411764705882,57189.51674296495
648,2015-04-06,-0.01182539289724327,0.007310256173306939,-0.012255407966261456,0.10384581226607947,0.020851674397226683,0.4238707223573446,1.6739866048788965,0.9264116431840552,2.8981503324535085,3.352818081417741,3.6193423510928024,0.2857142857142857,0.4166666666666666,0.3846153846153846,0.35294117647058826,0.41176470588235287,0.3529411764705882,26892.142416389695
649,2015-04-07,-0.009203766926289325,0.007919498974325867,-0.01113013674807073,0.0861812247302165,0.004515207827125778,-0.43420314304206675,1.3056451268886216,0.33614231893348556,2.0949459697376938,2.8467497816897502,2.9620302402777465,0.42857142857142855,0.4166666666666666,0.46153846153846145,0.35294117647058826,0.41176470588235287,0.4117647058823529,37616.721797565886
650,2015-04-08,0.01840359512090739,0.022469484271345985,-0.004921891718382088,0.08153035457392921,0.0002140147911138257,-0.5686182585902588,1.2060130931282664,0.1701764631102387,1.7846081037747874,2.743067256850318,2.761008171781776,0.5714285714285714,0.4166666666666666,0.46153846153846145,0.411764705882353,0.4705882352941176,0.4117647058823529,37942.50524288466
651,2015-04-09,0.004581130017451862,0.013743477312391006,-0.0028359729493891983,0.06070497405148645,-0.01904560108130815,0.9442781519325427,3.0525420513688895,2.076582291380058,3.3472832963384214,4.676154948245292,4.513964473330834,0.42857142857142855,0.4166666666666666,0.46153846153846145,0.35294117647058826,0.41176470588235287,0.4117647058823529,48816.626527050605
652,2015-04-10,-0.001091226538629364,0.0030554124836317254,-0.004146639022260978,0.08082719181941656,-0.0004362465754149669,0.7856782435412102,2.748326105536436,2.146074462781211,2.9938369873093507,4.611496648376834,4.351866152874506,0.42857142857142855,0.3333333333333333,0.46153846153846145,0.35294117647058826,0.41176470588235287,0.3529411764705882,39115.10650371017
653,2015-04-13,0.01936214034796624,0.02505690090856949,-0.0015945329569688749,0.03598917681625302,-0.041903117222854225,4.484215257755575,6.345587260430929,6.391145789087416,6.9507320870508815,9.013941248385859,8.573387224971519,0.42857142857142855,0.24999999999999994,0.3846153846153846,0.35294117647058826,0.35294117647058826,0.3529411764705882,67456.85569668084
654,2015-04-14,-0.012494520221274064,0.003726479695889351,-0.013590508846788918,0.12366414323353547,0.039179869002236245,0.563668844101195,1.7927647470516561,2.4916025707042655,2.554289656994335,4.848125214791521,4.314843771440535,0.5714285714285714,0.3333333333333333,0.46153846153846145,0.411764705882353,0.41176470588235287,0.4117647058823529,76233.10951850306
655,2015-04-15,-0.009325547401310974,0.00715675542926153,-0.014313597607599204,0.09291316578729125,0.010741006250415408,-0.6289339211563272,0.3330494090383329,1.4943508193093535,1.194216365093248,3.660364850714548,2.9068342988508133,0.5714285714285714,0.4166666666666666,0.46153846153846145,0.4705882352941177,0.41176470588235287,0.4117647058823529,91280.715652099
656,2015-04-16,-0.000854357112345272,0.00875694147800088,-0.012601452370781807,0.09794870257967303,0.015397827712478662,-2.1053193321152075,-1.3760833569587905,0.024416933832394072,-0.43494020209081663,1.9342239550222295,1.0804562835190268,0.5714285714285714,0.49999999999999994,0.46153846153846145,0.5294117647058825,0.41176470588235287,0.4117647058823529,70003.27167876976
657,2015-04-17,-0.008397932997371571,0.00215335921949511,-0.011627842627645157,0.07252299492583902,-0.008116186298449235,-1.393496699408514,-0.670597331271594,0.7608447331555634,0.2484085640068301,2.603351403248011,1.6574795553303767,0.42857142857142855,0.49999999999999994,0.3846153846153846,0.4705882352941177,0.41176470588235287,0.4117647058823529,38930.95604935306
658,2015-04-20,-0.009373647408897456,0.008947635469698234,-0.010225820413843567,0.09294091243245006,0.010766655689913529,-2.1090762911308625,-1.7651718514218984,-0.2779647176077926,-0.7638924843426986,1.3691258405637896,0.31852497947866265,0.5714285714285714,0.49999999999999994,0.46153846153846145,0.5294117647058825,0.41176470588235287,0.4117647058823529,34788.09319959721
659,2015-04-21,0.012972929729729632,0.01491889729729734,-0.004756778378378401,0.0654042819945686,-0.014699630513187789,-0.5158305460117529,-0.3335900028163308,1.0234239595918293,0.7683414950781842,2.7320972239602392,1.525857509082651,0.5714285714285714,0.49999999999999994,0.3846153846153846,0.5294117647058825,0.41176470588235287,0.4117647058823529,49439.0
660,2015-04-22,-0.011087845420247766,0.001673682043382474,-0.013598263882808825,0.11753708195023505,0.03351358178147068,-2.5762169417298697,-3.3084330705271836,-2.4128366411476643,-2.361033046475558,-0.6669633807741326,-1.935543720506716,0.7142857142857143,0.5833333333333333,0.3846153846153846,0.5294117647058825,0.4705882352941176,0.4117647058823529,45285.611826079745
661,2015-04-23,-0.021942340066185673,0.0028443721486310913,-0.02478669189787308,0.11342119739014267,0.029707036086631833,-4.342020198485564,-5.566840488706093,-5.215648204675382,-4.83905862274665,-3.4860455526568246,-4.825712846765007,0.7142857142857143,0.6666666666666667,0.46153846153846145,0.5882352941176472,0.5294117647058822,0.47058823529411764,45582.09537620692
662,2015-04-24,-0.008032915203116775,0.002155191964044123,-0.01116771137994288,0.12128202691933576,0.0369768005127491,-6.373149768982489,-8.30020755445232,-8.363183759970083,-7.825090231026222,-6.923041481501368,-8.138801642000736,0.7142857142857143,0.6666666666666667,0.5384615384615385,0.5882352941176472,0.588235294117647,0.47058823529411764,60496.64771752258
663,2015-04-27,-0.01552491782505172,0.00679219885100335,-0.016495226402003182,0.09167981498600786,0.009600321033952364,-5.95769199582813,-8.505443790930345,-8.912973353239106,-8.328015844839198,-7.791790085943584,-8.819933814403836,0.7142857142857143,0.6666666666666667,0.6153846153846153,0.5882352941176472,0.6470588235294117,0.47058823529411764,53511.518018872855
664,2015-04-28,0.0007652764492058761,0.0036349531279893377,-0.004208934379185014,0.09682708509462357,0.014360712749170279,-5.695709621018952,-9.04371044484995,-9.731530870278215,-9.282170401021606,-9.016809876237675,-9.885492492519143,0.8571428571428571,0.6666666666666667,0.6923076923076923,0.5882352941176472,0.6470588235294117,0.5294117647058824,42021.19246221542
665,2015-04-29,-0.010601368338447048,0.004818812551680596,-0.01676952550559896,0.0732310327105421,-0.007461313828387217,-3.626503773988099,-7.528365695938755,-8.621547711418732,-8.236731495136285,-8.299235615710131,-8.895806278777362,0.7142857142857143,0.6666666666666667,0.6153846153846153,0.5882352941176472,0.6470588235294117,0.47058823529411764,42743.79485842724
666,2015-04-30,-0.013452973026847781,0.007018931428759423,-0.016377461174157393,0.06900198193672225,-0.011372459291429826,-1.1141102085240884,-5.702864326178448,-7.122893885258074,-6.956241360137816,-7.2278153452938305,-7.52973024841358,0.7142857142857143,0.6666666666666667,0.6153846153846153,0.5294117647058825,0.6470588235294117,0.47058823529411764,61687.43708932664
667,2015-05-01,0.007896841598491688,0.010400635993861318,-0.009822766171909358,0.09458064710084013,0.012283042122235077,-1.180381135481412,-5.74372061774604,-7.714242298490614,-7.912578638108448,-8.294418562552618,-8.323237534543804,0.7142857142857143,0.75,0.6923076923076923,0.5294117647058825,0.6470588235294117,0.5294117647058824,29469.34011827196
668,2015-05-04,0.0007668903374233871,0.0019171395705521732,-0.005943289877300528,0.08629734819947354,0.004622553428137444,-0.8298635068222815,-5.281824372434718,-7.536333498336667,-8.126094257352634,-8.630156030300517,-8.328219162080398,0.7142857142857143,0.75,0.7692307692307692,0.5882352941176472,0.7058823529411764,0.5882352941176471,33304.21472392638
669,2015-05-05,-0.0021141841651773907,0.005958120429716107,-0.0034595618577658582,0.07860400984056715,-0.0024922946563782356,-0.31026252395185416,-4.232451264927828,-6.800107900894337,-7.657672014641637,-8.290623618263737,-7.725215375134642,0.5714285714285714,0.6666666666666667,0.6923076923076923,0.5882352941176472,0.6470588235294117,0.5882352941176471,53193.31199681553
670,2015-05-06,0.010698288270764467,0.01556115541723413,-0.006224469947480937,0.06841396928508292,-0.011916255215064564,0.8586470186642048,-2.4397674509150757,-5.2417047161504975,-6.3106092850517825,-7.029479395228055,-6.319501389643644,0.42857142857142855,0.5833333333333333,0.6153846153846153,0.5882352941176472,0.588235294117647,0.5882352941176471,47419.73526551255
671,2015-05-07,-0.00039785160135275,0.000994629003381764,-0.01432267754127714,0.05732155106526582,-0.022174664135825473,2.577510868277888,0.31686218039097547,-2.7574887104726664,-3.960752825869629,-4.82063242744114,-4.022846349103126,0.2857142857142857,0.5833333333333333,0.5384615384615385,0.5882352941176472,0.5294117647058822,0.5294117647058824,56742.58464292818
672,2015-05-08,-0.008070866300607493,0.0035433268414040153,-0.018897618482236478,0.09269917975932196,0.010543063114198503,1.2035998134303005,-0.1870058876365599,-3.3070845670384097,-4.708237342454124,-5.598515871514076,-4.787961918935979,0.42857142857142855,0.5833333333333333,0.6153846153846153,0.5882352941176472,0.588235294117647,0.5882352941176471,62768.68627499382
673,2015-05-11,-0.004893325504012558,0.00430614601683299,-0.0056762771579566,0.08747176755988062,0.005708662716235713,0.5732181767489131,-0.07689338090755005,-3.364742272929977,-4.9261787049484145,-5.877580296077856,-5.158961232399917,0.5714285714285714,0.6666666666666667,0.6923076923076923,0.6470588235294117,0.588235294117647,0.6470588235294118,52228.399099628106
674,2015-05-12,-0.011381172839506237,0.006944463734567918,-0.01446759259259256,0.09717244016272542,0.014679993699724392,-0.9038807837602247,-0.9658844361896013,-4.033473239598928,-5.904844158336053,-6.96878592575354,-6.397155637794027,0.5714285714285714,0.6666666666666667,0.7692307692307692,0.7058823529411764,0.588235294117647,0.6470588235294118,41376.31481481481
675,2015-05-13,0.0025087032033963563,0.010034735623311475,-0.0019297375530682448,0.08088181016290452,-0.000385817654237508,-0.9593641554123122,-0.5692772115089229,-3.426695555360526,-5.437088007018742,-6.598847353674165,-6.210507159454903,0.42857142857142855,0.5833333333333333,0.6923076923076923,0.7058823529411764,0.588235294117647,0.6470588235294118,29977.772674642994
676,2015-05-14,0.006759405306284494,0.012553128863521223,-0.004441869533446607,0.08046431588119818,-0.0007719540003471304,-0.9518247801517332,-0.3903818917879609,-2.8306515375688623,-5.0005452586046495,-6.225048166498892,-5.9598236515387875,0.42857142857142855,0.49999999999999994,0.6153846153846153,0.6470588235294117,0.588235294117647,0.5882352941176471,27805.10327937627
677,2015-05-15,-0.002909738174776688,0.0019399224430634021,-0.011445199058102706,0.0764960397787744,-0.004441887954823476,-0.4711044900508665,0.05681786871449823,-1.9601792137517338,-4.2420594839503885,-5.556779189961059,-5.346257837271995,0.42857142857142855,0.4166666666666666,0.5384615384615385,0.5882352941176472,0.588235294117647,0.5294117647058824,34161.94925631327
678,2015-05-18,0.008889807915853032,0.010957267127502002,-0.003101054436655981,0.014596215973453175,-0.06168759803664614,5.5110866469307185,6.058948093427419,4.6752698026536255,2.1744579368951023,0.7078367857648926,0.9515928518444516,0.42857142857142855,0.3333333333333333,0.5384615384615385,0.5294117647058825,0.588235294117647,0.47058823529411764,40497.24354968459
679,2015-05-19,0.009571437686068274,0.010441592115692844,-0.006961039657145118,0.027647609828522546,-0.04961749467968268,9.518623182362917,10.677764447204986,10.039668539521408,7.518873814276272,5.932953733641799,6.146861403253556,0.2857142857142857,0.3333333333333333,0.46153846153846145,0.5294117647058825,0.5294117647058822,0.47058823529411764,85030.54046048422
680,2015-05-20,-0.0008697760004445776,0.0045661881032317275,-0.003913915898503317,0.08176941527272508,0.0004350128874979209,7.886806667405177,9.80647881854586,9.964899661507488,7.485323405853417,5.779725424398219,6.070885982226071,0.2857142857142857,0.4166666666666666,0.5384615384615385,0.5882352941176472,0.588235294117647,0.47058823529411764,41988.56112243701
681,2015-05-21,0.0023768366978573763,0.005834053712922671,-0.0034572170150650727,0.08811733290774182,0.006305720019927685,5.494504185078686,8.247931290558741,9.11943854855124,6.995462566245791,4.955859736037693,5.418571068461064,0.2857142857142857,0.4166666666666666,0.5384615384615385,0.6470588235294117,0.6470588235294117,0.47058823529411764,28592.345475223545
682,2015-05-22,0.007630303196649368,0.010900370850237096,-0.0028340310188366136,0.07171960861182214,-0.008859105036304271,4.584382000374498,8.236006659742912,9.747006101621247,7.971284152398184,5.726846594672108,6.380142206524786,0.2857142857142857,0.3333333333333333,0.46153846153846145,0.5882352941176472,0.6470588235294117,0.47058823529411764,24812.60420347949
683,2015-05-26,0.009296104471004929,0.014386941124391317,-0.009517485613103172,0.06503352097536141,-0.015042549479976963,4.094734334668559,8.806047413474527,10.805458277716017,9.546736383932952,7.163940410839631,7.920701757521886,0.2857142857142857,0.3333333333333333,0.3846153846153846,0.5294117647058825,0.588235294117647,0.47058823529411764,53748.44665781319
684,2015-05-27,-0.005752256509905851,0.005752168014332648,-0.011061946657921484,0.08177770153212993,0.0004426193887061558,2.0417270920272124,7.776555814134367,10.08955768444113,9.370267703916824,6.966401881334616,7.776873744769053,0.42857142857142855,0.4166666666666666,0.3846153846153846,0.5294117647058825,0.588235294117647,0.5294117647058824,36456.96379517779
685,2015-05-28,0.002916782589185596,0.002916782589185596,-0.010096499887816912,0.06622786976116268,-0.013937992904620833,2.2660993227777038,8.38648720811561,10.822997611704753,10.76637272517158,8.343218727433822,9.161834396195934,0.42857142857142855,0.4166666666666666,0.3076923076923077,0.5294117647058825,0.5294117647058822,0.5294117647058824,54024.129010545206
686,2015-05-29,0.008066345326767976,0.011875397448456226,-0.0017925610174196471,0.08275467339153608,0.001346177234393231,1.6996912474376291,7.253291308835719,9.900454115941626,10.432608545942234,8.061526308167588,8.937618287307414,0.5714285714285714,0.4166666666666666,0.3846153846153846,0.5294117647058825,0.588235294117647,0.5294117647058824,48880.91689711143
687,2015-06-01,0.012951693385671037,0.015223858905878629,-0.007725517279051131,0.0662775734583756,-0.01389196686403582,2.489692069058158,7.615151077093052,10.66099592905514,11.806570032622755,9.450774955279439,10.354789758614924,0.42857142857142855,0.3333333333333333,0.3846153846153846,0.5294117647058825,0.588235294117647,0.5294117647058824,39192.36692539727
688,2015-06-02,-0.021758436461846387,0.004440519439597779,-0.022202486185557646,0.10660549117091489,0.02340382112046968,-0.24740509346812267,4.075736135374619,7.402937752398953,9.030856176053526,6.892810592837173,7.90344593111918,0.42857142857142855,0.3333333333333333,0.3846153846153846,0.5294117647058825,0.6470588235294117,0.5882352941176471,53562.49792265769
689,2015-06-03,0.0006758053767921268,0.010588015557287944,-0.003153841026218629,0.06569402418604531,-0.014431667692828332,0.7369731405614699,4.404144416906131,8.142116830204472,10.238792893381298,8.395285604118929,9.404306700492103,0.42857142857142855,0.3333333333333333,0.3076923076923077,0.4705882352941177,0.588235294117647,0.5882352941176471,40697.35640230584
690,2015-06-04,0.01044085895317215,0.01670538360581819,-0.0016241068039029027,0.049875750487637927,-0.029060659558284963,3.0626496756509525,6.090493133695385,10.392228028045158,12.880352007896189,11.45122898658315,12.479291339890143,0.42857142857142855,0.3333333333333333,0.3076923076923077,0.411764705882353,0.5294117647058822,0.5294117647058824,52140.53374206653
691,2015-06-05,-0.005826147751107014,0.010253973432766239,-0.009321883010953047,0.07653231555076401,-0.0044082129254977565,2.7565926060609813,5.122008402445277,9.93773457737175,12.662707821010532,11.733299151659327,12.716974234414845,0.2857142857142857,0.3333333333333333,0.3076923076923077,0.35294117647058826,0.4705882352941176,0.47058823529411764,39188.00023304591
692,2015-06-08,0.0002334344976215874,0.003035185475826152,-0.011207190697773095,0.07928302347605531,-0.0018643901481698588,2.368162245809069,4.394444716623558,9.31589399867223,12.085981904405863,11.725198753523426,12.686696300338273,0.2857142857142857,0.3333333333333333,0.3076923076923077,0.29411764705882354,0.4705882352941176,0.4117647058823529,32751.741874726038
693,2015-06-09,0.014451575798426264,0.01729448039077175,-0.0014213930685003096,0.06564620625902173,-0.014475898975222612,3.052766158244613,5.291570555316438,9.952506074977062,12.914171745875436,13.161518908903624,14.021730066187676,0.14285714285714285,0.3333333333333333,0.23076923076923073,0.29411764705882354,0.41176470588235287,0.4117647058823529,82192.79488732042
694,2015-06-10,-0.030323915238316346,0.008959315620475916,-0.030323915238316346,0.11511359108827213,0.03127216121801868,-0.229720070442474,1.6950598543617135,5.791304588124002,8.85350607129849,9.60476784739408,10.385619505350396,0.2857142857142857,0.3333333333333333,0.23076923076923073,0.35294117647058826,0.4705882352941176,0.47058823529411764,78556.31859768709
695,2015-06-11,-0.00045947623384956504,0.002297312251259287,-0.00735125217898569,0.08129903339117539,0.0,-0.7252748404682818,1.2438106310252994,4.8822430927659255,8.165146605376572,9.584529730302416,10.10535258079961,0.14285714285714285,0.24999999999999994,0.1538461538461538,0.29411764705882354,0.41176470588235287,0.47058823529411764,23810.16526099622
696,2015-06-12,0.0030023326328483257,0.006697482833660118,-0.0041570439759132105,0.07558576016826635,-0.005283610236228364,-0.5575763863146177,1.35763254536454,4.502359242566567,8.00890295033363,10.039036640052057,10.299566399478932,0.14285714285714285,0.24999999999999994,0.1538461538461538,0.23529411764705893,0.35294117647058826,0.4117647058823529,23832.718795236
697,2015-06-15,-0.0023314992383191013,0.003963674608619128,-0.005362532183785018,0.07106029477757603,-0.009468907411093075,0.3230899058463743,1.945178747324694,4.514320668232497,8.280322380468785,10.912194358119942,10.811049661021933,0.14285714285714285,0.24999999999999994,0.1538461538461538,0.23529411764705893,0.29411764705882354,0.3529411764705882,30959.597597589123
698,2015-06-16,-0.008120603625086042,0.0013921578372231291,-0.011368840434749061,0.08659329615268052,0.0048962249150408255,-0.10274670713522616,1.100436479609801,3.0714899017891373,7.064142549322061,10.166287058537215,9.712303951510837,0.2857142857142857,0.24999999999999994,0.23076923076923073,0.29411764705882354,0.29411764705882354,0.3529411764705882,30268.142935923108
699,2015-06-17,-0.0036715005198943995,0.005507067209404859,-0.01560348712237325,0.09334142308941806,0.011136928763942677,-0.9571892463809295,-0.17537365046973452,1.4128387865425918,5.336656935412631,8.796633154466704,7.9341792095575014,0.42857142857142855,0.3333333333333333,0.3076923076923077,0.35294117647058826,0.29411764705882354,0.4117647058823529,38853.977565168534
700,2015-06-18,0.002484191564683824,0.017615221716694274,-0.009033378704457418,0.09866727042090129,0.01606242653375789,-1.8550798037984317,-1.8099103831060392,-0.37209067811075913,3.1455676639268626,6.933691868586234,5.737515223645939,0.5714285714285714,0.3333333333333333,0.3846153846153846,0.35294117647058826,0.35294117647058826,0.4117647058823529,38754.646765032674
701,2015-06-19,0.00502163878060613,0.009358593714709151,-0.0009130563589806462,0.06982183108024054,-0.010614165871707604,-0.7108721319227351,-0.7891313464134297,0.45976752277141486,3.658645515298664,7.9482732024795055,6.384050506019645,0.42857142857142855,0.3333333333333333,0.3076923076923077,0.29411764705882354,0.35294117647058826,0.4117647058823529,25851.544490925713
702,2015-06-22,0.007051888240488857,0.010009167652619722,-0.0009099408760223637,0.08500110092072832,0.0034237511633341544,-0.9099156610653636,-1.3031304808581834,-0.13431904100962289,2.6647624824011285,7.371964665514774,5.503707402310587,0.5714285714285714,0.3333333333333333,0.3076923076923077,0.29411764705882354,0.35294117647058826,0.4117647058823529,26982.62208788949
703,2015-06-23,-0.011880721544928807,0.0013449226329316222,-0.015467450897389545,0.097287321813186,0.014786247647387452,-1.9342286716198753,-2.705996572919145,-1.723940779726596,0.591630100730911,5.561421570485092,3.4828781972126244,0.7142857142857143,0.4166666666666666,0.3846153846153846,0.35294117647058826,0.35294117647058826,0.4117647058823529,29947.441382012075
704,2015-06-24,0.005857242754161662,0.012615499270455022,-0.0020274837131670775,0.07596635306007848,-0.004931678195351008,-0.9654681512590302,-2.0162196589330272,-1.3216194058713215,0.4956068857167262,5.72790979860589,3.504006379291713,0.7142857142857143,0.4166666666666666,0.3846153846153846,0.35294117647058826,0.35294117647058826,0.3529411764705882,53335.33821438022
705,2015-06-25,0.016612851868943235,0.019150853714813065,-0.002307291185971505,0.05572197534984191,-0.0236539697058461,1.5129546287436124,0.42850455398204534,0.864701426248371,2.2537735483123544,7.8394528952644205,5.4795955747890535,0.5714285714285714,0.4166666666666666,0.3076923076923077,0.35294117647058826,0.35294117647058826,0.2941176470588235,47749.346100599905
706,2015-06-26,0.015226072036216287,0.015226072036216287,-0.006558889823351954,0.06508197401484339,-0.014997671863978934,2.7607661661188,1.9342067699446908,2.190763521291128,3.3355057131197796,8.947113002863038,6.57831896029748,0.42857142857142855,0.4166666666666666,0.3076923076923077,0.35294117647058826,0.35294117647058826,0.23529411764705876,50650.2075580044
707,2015-06-29,0.005511598370476989,0.016295231248502295,-0.003115312724658481,0.05698303708131025,-0.022487801698938936,4.251831878549095,4.197055831131191,4.210750213154135,5.349875617476152,10.87433606647461,8.409168560337466,0.2857142857142857,0.4166666666666666,0.23076923076923073,0.35294117647058826,0.29411764705882354,0.23529411764705876,68736.11957824108
708,2015-06-30,0.020879440453928755,0.022598919739595047,-0.005404004062982359,0.05486902262897542,-0.024442852423949613,5.776053667464676,6.312952603083444,6.4357732212003915,7.526238701008947,13.033544184061551,10.39689204811889,0.2857142857142857,0.3333333333333333,0.23076923076923073,0.29411764705882354,0.23529411764705882,0.23529411764705876,68097.74890932815
709,2015-07-01,0.007162187840840328,0.011360804575905048,-0.0037046676362226805,0.07545571138669271,-0.005403998676411392,5.126485353569921,6.354302023767633,6.478965323227337,7.599759379594495,12.975572699142578,10.195814881886456,0.14285714285714285,0.3333333333333333,0.1538461538461538,0.23529411764705893,0.1764705882352941,0.17647058823529416,42547.775374226956
710,2015-07-02,-0.0012109227122566457,0.009929764835801436,-0.003632889231462877,0.10266329096994897,0.019757915073938204,1.9409776226615216,3.945960943633975,4.058406430073158,5.118849984457641,10.159849904134322,7.332115303433584,0.14285714285714285,0.4166666666666666,0.23076923076923073,0.29411764705882354,0.23529411764705882,0.17647058823529416,47555.307881901
711,2015-07-06,0.042940161656984,0.042940161656984,-0.014145011366506921,0.036779592364661884,-0.041172065318633044,4.586284829394338,7.814012382852575,8.104489971074603,9.12837717987436,14.141968603345333,11.061224620226673,0.14285714285714285,0.4166666666666666,0.23076923076923073,0.29411764705882354,0.23529411764705882,0.17647058823529416,96866.89593331648
712,2015-07-07,-0.01154736947530488,0.0048755195053753475,-0.028483448075867557,0.06436522524160782,-0.015660507432625925,4.648253757394727,8.772305475929599,9.342951030893843,10.29362134378009,15.197881534684509,11.90585047070909,0.14285714285714285,0.3333333333333333,0.23076923076923073,0.23529411764705893,0.23529411764705882,0.17647058823529416,104453.70606993312
713,2015-07-08,0.01470981585209441,0.021930998179486405,-0.008825836021017386,0.037458668480725876,-0.040543963540055294,7.045414447863663,12.186207938934658,13.27065686305029,14.268504724583497,19.245642819378837,15.795650673423832,0.14285714285714285,0.24999999999999994,0.23076923076923073,0.23529411764705893,0.23529411764705882,0.17647058823529416,126225.26708281002
714,2015-07-09,0.014843723185222757,0.02187499886067701,-0.0036459373101073167,0.1105075554274102,0.027012487570051924,2.991068326072188,8.14173638939517,9.818941644244061,10.683587263727535,15.340394335986751,12.186748868341013,0.2857142857142857,0.24999999999999994,0.3076923076923077,0.23529411764705893,0.29411764705882354,0.17647058823529416,93717.74511881535
715,2015-07-10,0.010640942218369753,0.011147681501198603,-0.003040359689882033,0.11142889597915628,0.027864622726357702,-0.2497417273258251,4.424690172588774,6.352011601023211,7.272240136940988,11.512650592919481,8.673484494395534,0.42857142857142855,0.3333333333333333,0.3076923076923077,0.29411764705882354,0.29411764705882354,0.17647058823529416,59175.58831576923
716,2015-07-13,-0.018267046075884807,0.01234263205838726,-0.02641320791968449,0.10979010802468991,0.02634892788955545,-2.8035270933830403,1.1355329687833482,3.2666933880532767,4.11892227079369,7.983929023685787,5.4766115448935615,0.5714285714285714,0.3333333333333333,0.3846153846153846,0.29411764705882354,0.29411764705882354,0.17647058823529416,107802.01692436518
717,2015-07-14,0.01276590706468328,0.01276590706468328,-0.0010012765706814974,0.06635151242406256,-0.013823625464259859,-1.920254710341629,1.7200054126427222,4.314914886827581,5.181473922649671,8.790150791086804,6.5317327237155665,0.42857142857142855,0.24999999999999994,0.3846153846153846,0.29411764705882354,0.29411764705882354,0.17647058823529416,60552.189973637294
718,2015-07-15,0.01730720241009931,0.018579765370838386,-0.007890073609313486,0.06343522209961794,-0.01652067822535097,-0.3817721022753906,2.50154646238705,5.630901467809557,6.602007335660032,9.86074209965353,7.892956802193907,0.42857142857142855,0.24999999999999994,0.3846153846153846,0.29411764705882354,0.29411764705882354,0.17647058823529416,73493.52599912125
719,2015-07-16,0.012302233878873414,0.013055384732343134,-0.002259603200622573,0.0961603675656979,0.013744000909733156,-1.423909483104957,0.4824043350713847,3.807846511816515,4.880559263898254,7.670690822478776,6.044972146284633,0.5714285714285714,0.3333333333333333,0.3846153846153846,0.35294117647058826,0.29411764705882354,0.23529411764705876,46629.67805017936
720,2015-07-17,0.009605611486207977,0.013144615441238239,-0.004297320417155581,0.07396904607362376,-0.006778872901006094,0.03250378881243243,0.6030653140016495,4.03245537010779,5.301171859556453,7.875320859334378,6.4069065377453605,0.5714285714285714,0.3333333333333333,0.3076923076923077,0.35294117647058826,0.29411764705882354,0.23529411764705876,63199.200626890786
721,2015-07-20,0.005877842936932165,0.008688985211117162,-0.0017889087199358666,0.06954578471735817,-0.010869487674462275,1.398265056648329,1.233978164780658,4.548934811540395,6.1772053131202265,8.644560317945693,7.174613326186718,0.42857142857142855,0.3333333333333333,0.23076923076923073,0.35294117647058826,0.23529411764705882,0.23529411764705876,60650.672357483454
722,2015-07-21,-0.010332661290322509,0.011844808467742052,-0.012096748991935469,0.09649734864840953,0.01405561485397988,0.06840765723836739,-0.3546165235835952,2.6041713097915142,4.358983000271088,6.7600362432415295,5.377308153568472,0.42857142857142855,0.4166666666666666,0.3076923076923077,0.35294117647058826,0.29411764705882354,0.23529411764705876,49016.1370967742
723,2015-07-22,0.013527798049660644,0.019363368186648078,-0.0026525993991353136,0.02734310386558403,-0.049899088749415954,4.2591835373777975,4.350128191693492,7.202216655929816,9.287601641943578,11.825177922804574,10.355429752293844,0.2857142857142857,0.4166666666666666,0.23076923076923073,0.35294117647058826,0.23529411764705882,0.17647058823529416,100985.73472183727
724,2015-07-23,0.026814790184983117,0.02925249345896508,-0.00650048789276747,0.058927147844680006,-0.02068980847098756,5.289438186178952,5.709267489120329,8.475220121423277,10.97934707886601,13.610518240112523,12.108815991109623,0.2857142857142857,0.3333333333333333,0.1538461538461538,0.35294117647058826,0.23529411764705882,0.17647058823529416,89614.38946995609
725,2015-07-24,0.006887052531323823,0.00716258972899686,-0.014049532067480275,0.06314071985758019,-0.016793025679535112,5.911063073802336,6.867381852569832,9.266698231576909,12.226490707951875,14.96852072272501,13.488395274107901,0.2857142857142857,0.3333333333333333,0.1538461538461538,0.35294117647058826,0.23529411764705882,0.17647058823529416,117781.37239069896
726,2015-07-27,0.004955947136563887,0.014592455947136429,-0.005231250000000021,0.08189478859144339,0.0005511050518647309,4.472142690996939,6.287358086273831,8.2861243632673,11.49798402022797,14.32306929737759,12.907477991959082,0.2857142857142857,0.4166666666666666,0.23076923076923073,0.35294117647058826,0.29411764705882354,0.17647058823529416,97515.51982378855
727,2015-07-28,-0.008551577154012668,0.004543078810426593,-0.012292865435214462,0.11404740918019773,0.030286163426238355,0.5841107886294772,3.1686731519237066,4.432321415351392,7.632482129070528,10.50750367641271,9.175391769876695,0.42857142857142855,0.49999999999999994,0.3076923076923077,0.35294117647058826,0.35294117647058826,0.23529411764705876,78104.29546260265
728,2015-07-29,-0.020887702895240223,0.006005222088909079,-0.020887702895240223,0.10672777229679431,0.023516809923863624,-2.0365459815745557,0.779569661431867,1.6063767537757512,4.6018388521606335,7.574920559840503,6.3752434793359125,0.5714285714285714,0.49999999999999994,0.3846153846153846,0.35294117647058826,0.41176470588235287,0.23529411764705876,55518.5836950283
729,2015-07-30,0.007605481048899021,0.010490374757661236,-0.006294308778014401,0.07649962421327361,-0.0044384645812576284,-2.1805185798698057,0.9778493341176198,1.737158481711476,4.536165672606396,7.687351968829126,6.444860855636758,0.42857142857142855,0.4166666666666666,0.3846153846153846,0.35294117647058826,0.35294117647058826,0.23529411764705876,51779.748707559695
730,2015-07-31,0.02215277618328848,0.022674042811416273,-0.0010424029461142403,0.08810484714281719,0.006294021704530417,-2.5428980550077585,-0.052109408166611804,0.8377245670754929,3.362017793677574,6.599914382288152,5.394855958102052,0.5714285714285714,0.4166666666666666,0.46153846153846145,0.35294117647058826,0.41176470588235287,0.23529411764705876,60541.091752465254
731,2015-08-03,0.005899624406017212,0.009117725687376677,-0.005631509637127552,0.05086386700082368,-0.028146665084030187,0.4213892193686064,2.3330470292068473,3.2473753332076694,5.654504219656387,9.233912735863736,7.986802380166358,0.5714285714285714,0.4166666666666666,0.3846153846153846,0.29411764705882354,0.41176470588235287,0.23529411764705876,64871.61826568469
732,2015-08-04,-0.003388972800078882,0.009384775563483494,-0.004953154198301446,0.11232563187039024,0.028693940971640686,-1.612551178725108,-0.6945571440623799,0.21474929117881736,2.1460132332829396,5.892784714315802,4.637260972172497,0.7142857142857143,0.49999999999999994,0.46153846153846145,0.35294117647058826,0.4705882352941176,0.2941176470588235,72115.78644116824
733,2015-08-05,0.02462167096067347,0.02667342771616177,-0.00461659376165191,0.099057491302605,0.016423283747398543,-2.224015596314133,-2.4530120376151987,-1.4020700495808391,0.09709266709068132,3.942400091170395,2.6453649121702005,0.7142857142857143,0.49999999999999994,0.5384615384615385,0.411764705882353,0.4705882352941176,0.3529411764705882,78580.68358134478
734,2015-08-06,-0.01644396281829208,0.0012847636836981202,-0.02081184587933438,0.07935760913735601,-0.001795277965520814,-1.4975826992430386,-2.395029428840967,-1.0375440757100507,-0.06882951291586892,3.8901449006670807,2.4878799983343303,0.5714285714285714,0.49999999999999994,0.5384615384615385,0.411764705882353,0.41176470588235287,0.3529411764705882,64706.09479481474
735,2015-08-07,-0.007763949476292664,0.008799197950289717,-0.00983439466445124,0.07351974015042861,-0.007194388314326061,-0.6580796911565434,-1.7783133857550926,-0.2908339190469733,0.36972068419989235,4.423007776887378,2.8135242255782345,0.42857142857142855,0.49999999999999994,0.46153846153846145,0.411764705882353,0.35294117647058826,0.3529411764705882,49002.62445661554
736,2015-08-10,-0.03499493869599857,0.00025173715378290495,-0.039526660636287514,0.11152172553389494,0.02795040520030989,-2.7873688959533793,-4.44180879660967,-2.9719968162479127,-2.448389899228842,1.3553179875606558,-0.27622132559310675,0.5714285714285714,0.49999999999999994,0.46153846153846145,0.4705882352941177,0.41176470588235287,0.3529411764705882,75474.82891551286
737,2015-08-11,0.007139079851930186,0.0079322845055525,-0.012691697514542466,0.02957518698754158,-0.047834928879957106,1.8886558014287846,0.38151243945641067,1.5638052320507967,2.200279681262751,6.087740677329356,4.269856757814394,0.42857142857142855,0.49999999999999994,0.3846153846153846,0.4705882352941177,0.35294117647058826,0.3529411764705882,101500.8508725542
738,2015-08-12,-0.022280549290665808,0.0018348360768107863,-0.028571453285900272,0.09073402765197902,0.008725614447756325,1.3293397654878358,-0.25650675047802496,0.4605873380904013,1.022281123941804,4.8486541871443745,2.8841036227694294,0.5714285714285714,0.5833333333333333,0.46153846153846145,0.4705882352941177,0.35294117647058826,0.4117647058823529,105474.7480746659
739,2015-08-13,-0.0005302226794745568,0.005832396451951327,-0.01086956492922686,0.06911135846041638,-0.011271330110259159,2.2420868438557617,1.1494500445427658,1.4076176906305582,1.9968601950000942,5.717570740860256,3.5517374956558045,0.42857142857142855,0.5833333333333333,0.46153846153846145,0.4705882352941177,0.35294117647058826,0.4117647058823529,72920.52510812499
740,2015-08-14,-0.007391842465896414,0.0023759239077105754,-0.009239756883850259,0.08588567103375389,0.004241833956504015,1.3916096486316754,1.0163647394757058,0.734145278090037,1.4632655840029596,4.942925010175081,2.7025168623669993,0.42857142857142855,0.5833333333333333,0.46153846153846145,0.5294117647058825,0.41176470588235287,0.4117647058823529,45511.14240992232
741,2015-08-17,-0.0021517482517482422,0.0008068585260894157,-0.01613765465303929,0.061317186544621816,-0.018479393376444442,2.631978245624844,2.8721243689710185,2.3258752831182283,3.353373544031868,6.508871723447163,4.212706415826517,0.42857142857142855,0.49999999999999994,0.46153846153846145,0.5294117647058825,0.41176470588235287,0.3529411764705882,79646.66003227542
742,2015-08-18,-0.0068082786816917595,0.0005446895276499664,-0.013888942976880592,0.067920870671907,-0.012372264292609625,3.170711057382336,3.8534854719509015,3.295205008993185,4.484708777803559,7.352939555640647,5.1283833017354175,0.42857142857142855,0.4166666666666666,0.46153846153846145,0.4705882352941177,0.41176470588235287,0.2941176470588235,56270.7849599187
743,2015-08-19,-0.0008312274868386149,0.008589692435577723,-0.012468855638681053,0.06274726026759914,-0.01715690460622754,3.5348157948529524,5.262640478665981,4.624684267296519,5.974154205932969,8.71762663416089,6.597794615713903,0.2857142857142857,0.4166666666666666,0.3846153846153846,0.411764705882353,0.41176470588235287,0.2941176470588235,101938.59545580493
744,2015-08-20,0.017005882827038743,0.017005882827038743,-0.0005575968931585962,0.07470751446181234,-0.006095931745075278,3.393213719839916,5.4104210814741815,5.023439407800279,6.162141947476174,8.847434468990766,6.883597248640161,0.2857142857142857,0.3333333333333333,0.3846153846153846,0.35294117647058826,0.41176470588235287,0.23529411764705876,65346.08852375491
745,2015-08-21,0.024509775086505092,0.030853517877739378,-0.0011534313725489742,0.04542658876128436,-0.03317526230093748,5.511614583357449,8.489865641699534,8.319600919615478,9.262232847086738,11.90064126011412,10.006590507395941,0.14285714285714285,0.3333333333333333,0.3846153846153846,0.35294117647058826,0.35294117647058826,0.17647058823529416,91798.30795847751
746,2015-08-24,-0.009322591671845792,0.040708576755748904,-0.01833436917339959,0.0033506549029986843,-0.07208759544302945,11.249215211063435,15.546470583965899,16.125061495694347,16.961501943265844,19.690570428511588,17.89486860072762,0.14285714285714285,0.24999999999999994,0.3846153846153846,0.35294117647058826,0.35294117647058826,0.17647058823529416,226686.38346799253
747,2015-08-25,0.038578404530887234,0.04252740234066854,-0.0009112698001985109,0.10616399507212648,0.0229955783006901,6.596076669708806,11.632094051350371,13.022911563295914,13.582710183422542,16.24645512184475,14.71966625118959,0.14285714285714285,0.24999999999999994,0.3846153846153846,0.35294117647058826,0.41176470588235287,0.23529411764705876,152562.80027726613
748,2015-08-26,0.010856777531879303,0.010856777531879303,-0.029929605051079555,0.11940069760206518,0.035237043594610995,1.6683336312993902,6.817979550569908,8.709188445064076,9.14234240181342,11.68817261280337,10.5373791974535,0.2857142857142857,0.3333333333333333,0.3846153846153846,0.411764705882353,0.4705882352941176,0.2941176470588235,141064.1325666002
749,2015-08-27,-0.03472222222222221,0.006111138888889034,-0.03638891666666666,0.1422171024103287,0.056337891424713016,-4.039679845731925,0.5972246066938913,2.607146042755537,3.010914709310586,5.352515709125405,4.451589456533234,0.42857142857142855,0.4166666666666666,0.3846153846153846,0.4705882352941177,0.4705882352941176,0.3529411764705882,128099.0
750,2015-08-28,-0.02234941461840867,0.006268710991243154,-0.024529790802120366,0.10202386432893418,0.01916659540605914,-5.6107069212773535,-1.88450665783495,0.4906062814947987,0.7826277269215032,3.1103680303118164,2.270771501309765,0.5714285714285714,0.4166666666666666,0.46153846153846145,0.4705882352941177,0.4705882352941176,0.4117647058823529,75136.64173174275
751,2015-08-31,-0.02389359088278087,0.004615747780844615,-0.03339679427657927,0.0854251023122885,0.0038159925459033683,-5.597155984054258,-2.4494916100464392,-0.09051884378101782,0.31513982333235546,2.481787483421316,1.5965098303152292,0.7142857142857143,0.49999999999999994,0.46153846153846145,0.5294117647058825,0.4705882352941176,0.47058823529411764,82521.39573595462
752,2015-09-01,0.009976407865234238,0.02494125440485595,-0.007629166218945604,0.0005611127601186094,-0.07466742648239666,1.7689407482447628,4.56907169708991,7.522905180973027,8.112203992794843,10.24758596683608,9.302470180008914,0.7142857142857143,0.4166666666666666,0.46153846153846145,0.5294117647058825,0.4705882352941176,0.4117647058823529,125392.18512950791
753,2015-09-02,0.01002296735526742,0.01260031572739484,-0.02233674240187522,0.10795052588151322,0.024647775939901084,0.44182989069470047,1.4809381221442042,4.467355040302601,5.370439519058712,7.277178814005336,6.315660817461755,0.8571428571428571,0.49999999999999994,0.46153846153846145,0.5882352941176472,0.5294117647058822,0.47058823529411764,84964.64060513406
754,2015-09-03,-0.0017143142857142246,0.017714257142857237,-0.005428542857142893,0.08377617718142694,0.002290978978426894,1.0612256221649519,0.6612237932250409,3.6857124911994,4.994895739368377,6.761902652268481,5.678364875095698,0.8571428571428571,0.49999999999999994,0.46153846153846145,0.5882352941176472,0.5294117647058822,0.5294117647058824,99116.14285714286
755,2015-09-04,0.0,0.0071111703703703455,-0.007407407407407418,0.042681124601568365,-0.03571428461091941,4.664550173689785,3.663491164380228,6.796470444968494,8.495236128685235,10.459256686348372,9.100526612037108,0.7142857142857143,0.49999999999999994,0.46153846153846145,0.5294117647058825,0.5294117647058822,0.5294117647058824,89468.62962962964
756,2015-09-08,-0.0051252848839773435,0.007972750796490624,-0.01594527380254196,0.1251916382111502,0.040592571043743364,0.22372517187549956,-0.7057424232386644,2.1531623682848444,3.9395549216173054,5.9279744607013685,4.518385596717778,0.7142857142857143,0.5833333333333333,0.5384615384615385,0.5294117647058825,0.588235294117647,0.5294117647058824,89227.36244955474
757,2015-09-09,0.038777907203939366,0.04112802464371268,-0.0011751174742914428,0.04804720547334318,0.0047226471233168255,-0.8158454702477891,-1.3352505458556374,1.0745995405683217,3.163124866039313,5.147735745272097,3.6713030839162997,0.7142857142857143,0.6666666666666667,0.5384615384615385,0.5882352941176472,0.588235294117647,0.5294117647058824,92895.58951537634
758,2015-09-10,0.002946434971904388,0.012080112318211933,-0.005892663697485756,0.04005645478084752,-0.002937868453570025,-1.192689789502055,-1.18417332398707,1.015392142645788,3.1434964858701786,5.09699762619642,3.772302211421863,0.5714285714285714,0.6666666666666667,0.5384615384615385,0.5294117647058825,0.588235294117647,0.47058823529411764,90102.12581329186
759,2015-09-11,0.0008804813619018859,0.0032286469034341625,-0.013208130319929512,0.04711649258572681,0.0038302888172876415,-1.0693602402954805,-1.4323986404899292,0.24796092340613196,2.5504093960305063,4.383636957849957,3.246654636170243,0.7142857142857143,0.75,0.5384615384615385,0.5882352941176472,0.6470588235294117,0.5294117647058824,100591.89697681244
760,2015-09-14,-0.006742890450223027,0.0026385223500873245,-0.023453532000775934,0.0443457481780285,0.0011741311616169092,-1.0082489037149367,-0.9059130017200712,-0.18765168029172274,2.126963582802488,3.9964772798590564,3.0494872492781377,0.7142857142857143,0.8333333333333333,0.6153846153846153,0.5882352941176472,0.7058823529411764,0.5882352941176471,86354.90482685709
761,2015-09-15,-0.015501579862579273,0.003217315098488216,-0.016963966568118494,0.04556741330498171,0.0023454166454766057,-1.0619836267198313,-0.6296328342604518,-0.7488629947422498,1.5303958140155283,3.458303005042729,2.7375251820227264,0.7142857142857143,0.8333333333333333,0.6153846153846153,0.5882352941176472,0.7058823529411764,0.5882352941176471,101049.01757970218
762,2015-09-16,-0.01633337180137273,0.006195494575921723,-0.01774139778887074,0.08339341168628556,0.03860767677176913,-3.5523169262854704,-3.7937958485185885,-4.48618879323096,-2.4485006586639435,-0.5654038640074188,-1.1288628796910838,0.8571428571428571,0.8333333333333333,0.6923076923076923,0.6470588235294117,0.7058823529411764,0.6470588235294118,93051.66646311835
763,2015-09-17,-0.0008480214570938394,0.021481005611051263,-0.0062182304630235,0.03930221991187843,-0.0036609404973939608,-2.5922613900317137,-3.3088519443019826,-4.141089542897214,-2.281420831543235,-0.35942859612718703,-0.892173982001554,0.7142857142857143,0.75,0.6923076923076923,0.6470588235294117,0.6470588235294117,0.6470588235294118,95609.511712535
764,2015-09-18,0.005202341341175698,0.018208151341511547,-0.003468150489488564,0.020123920887203717,-0.022046382855595903,-0.16514948761976456,-1.2931371512966972,-2.0097987653728056,-0.4622446328720664,1.6336417292076133,1.1617273314113552,0.5714285714285714,0.6666666666666667,0.6923076923076923,0.5882352941176472,0.6470588235294117,0.5882352941176471,60967.21161665963
765,2015-09-21,0.004392298425048402,0.011420175026636725,-0.0023426645772963717,0.02955448270859584,-0.013005608825575554,1.2382230598529276,-0.2810424134156997,-0.7818215089778424,0.605202306556829,2.8181636500954177,2.2550149316388657,0.5714285714285714,0.5833333333333333,0.6923076923076923,0.5882352941176472,0.588235294117647,0.5882352941176471,57501.192825640246
766,2015-09-22,-0.004261765860685829,0.005175099249625559,-0.0103500767336423,0.0034119367907254894,-0.038067465757305685,4.7140698365565115,3.659419647048967,3.0568555303525535,4.156777865509209,6.686573636546345,6.02999132238573,0.42857142857142855,0.5833333333333333,0.6923076923076923,0.5294117647058825,0.588235294117647,0.5882352941176471,98930.51287254265
767,2015-09-23,0.018662456070764666,0.02270603280211292,0.0,0.0208931890805526,-0.02130894502746139,6.123081864339319,5.574893192968244,5.4645467884590015,5.9537670679764565,8.797028089058179,7.90705856921714,0.2857142857142857,0.49999999999999994,0.6923076923076923,0.5294117647058825,0.5294117647058822,0.5882352941176471,91414.23537074741
768,2015-09-24,-0.013936233696617006,0.00464533897041397,-0.021059150787886227,0.0476633263760573,0.004354567544286647,4.822368057532911,4.791038201444797,5.085788979875461,5.024032185960126,8.122717284533575,6.968176079407629,0.2857142857142857,0.49999999999999994,0.6923076923076923,0.5294117647058825,0.5294117647058822,0.5882352941176471,93631.70072366986
769,2015-09-25,0.00596171929834588,0.0116096952742486,-0.0037653277764251314,0.029552983098177776,-0.013007062500648203,4.5721402072117945,6.017743790722263,6.320238873639394,5.960145833808417,9.231684630791293,7.869015867739515,0.14285714285714285,0.49999999999999994,0.6153846153846153,0.5294117647058825,0.5294117647058822,0.5294117647058824,69908.00314060235
770,2015-09-28,0.014435695538057791,0.015747998687664078,-0.010826771653543399,-0.0023744992520591257,-0.04361475984309915,7.044435090665746,10.055775877812877,10.505029166213543,10.213081634605171,13.7078325521945,12.151229660247198,0.14285714285714285,0.4166666666666666,0.5384615384615385,0.5294117647058825,0.5294117647058822,0.47058823529411764,261521.3097112861
771,2015-09-29,0.0022778717865277187,0.004230426293524214,-0.01008786202408063,0.05167675364874169,0.008202051984590675,4.37451428450002,8.391061449371428,8.883216220922563,8.841617864555285,12.313741057792793,10.53338175659746,0.2857142857142857,0.4166666666666666,0.5384615384615385,0.5882352941176472,0.5294117647058822,0.5294117647058824,83877.94565571102
772,2015-09-30,-0.01707782994693774,0.0015812459967980974,-0.01739408547140775,0.07333184904419654,0.02896200225467571,0.2936648900212946,4.816118475993414,5.2297189464393545,5.4410898460135915,8.746211024425765,6.982654238066477,0.42857142857142855,0.49999999999999994,0.5384615384615385,0.6470588235294117,0.588235294117647,0.5294117647058824,102702.98157166409
773,2015-10-01,0.010595200997195242,0.01932062947958868,-0.010283577438454428,0.05862590423608727,0.014864011601668947,-1.5136008542827595,2.8402251935723655,3.5717486404797105,3.7447911809374013,6.865348336337718,4.996128406678801,0.5714285714285714,0.49999999999999994,0.6153846153846153,0.7058823529411764,0.588235294117647,0.5882352941176471,114343.0324088501
774,2015-10-02,-0.033575316588768334,0.0003024500815955733,-0.03841500186282509,0.07465189779911241,0.03022752551396124,-4.010029087756739,-0.4040317546881056,0.44256777439386497,0.9186606035538558,3.4456926566641455,1.627843220019276,0.7142857142857143,0.49999999999999994,0.6153846153846153,0.7647058823529413,0.6470588235294117,0.5882352941176471,124814.48321792248
775,2015-10-05,-0.01839759589324641,0.008605370664529044,-0.02077154241033996,0.0633144412547817,0.019358695832571104,-5.235268832830164,-2.399322113767921,-1.4740192222207127,-0.7920491649832329,1.2046656275136236,-0.5431728436996464,0.7142857142857143,0.49999999999999994,0.6153846153846153,0.7647058823529413,0.6470588235294117,0.5882352941176471,104331.34111773469
776,2015-10-06,-0.020729897810219056,0.0017518540145984307,-0.021897810218978075,0.06014517767352201,0.01632047845141149,-5.764338551244008,-4.22940598623941,-2.820995108810598,-2.241970927316461,-0.6496350577743337,-2.2752028462343588,0.8571428571428571,0.49999999999999994,0.6923076923076923,0.7647058823529413,0.7058823529411764,0.6470588235294118,138253.01459854015
777,2015-10-07,0.008130109791427698,0.021306477224921627,-0.013736978622763019,0.08636852594980349,0.04145968710635506,-7.437209970324455,-7.983886437904031,-6.450652071777608,-6.039417236154088,-4.711875416177202,-6.145806315156888,1.0,0.5833333333333333,0.6923076923076923,0.7647058823529413,0.7647058823529411,0.7058823529411765,134605.1191256585
778,2015-10-08,-0.026795284030010746,0.005091050375134021,-0.031082529474812493,0.09137313983314854,0.04625755224656469,-9.007046871970093,-11.531544441383346,-10.168176136054264,-10.009380102354271,-8.988435751085111,-10.10360461925439,1.0,0.6666666666666667,0.6923076923076923,0.7647058823529413,0.8235294117647058,0.7058823529411765,153294.8199356913
779,2015-10-09,0.0034428232755732147,0.009004237765054768,-0.005561414489481775,0.05541918088063347,0.0117898099049083,-7.744395076284006,-11.879533743049587,-10.73319586777629,-10.84703600799598,-9.968525766953007,-10.912278134080777,1.0,0.75,0.7692307692307692,0.7647058823529413,0.8823529411764706,0.7647058823529412,96850.17038406622
780,2015-10-12,0.018078763678392784,0.019697786840318754,-0.0024284942679844157,0.02378354641760172,-0.018538133822760372,-4.086033608939987,-9.403663964448938,-8.662908433970673,-8.759951890173756,-8.251475486971971,-8.951677351654098,0.8571428571428571,0.75,0.6923076923076923,0.7647058823529413,0.8823529411764706,0.7058823529411765,70012.48974599325
781,2015-10-13,-0.0046987838584852115,0.016307352128247743,-0.00912111663902715,0.01835183723844147,-0.023745217715066214,-0.5212058593759838,-6.404485573397256,-6.16889040430525,-6.294656479991367,-6.033598734567336,-6.3315237797148765,0.7142857142857143,0.75,0.6153846153846153,0.7058823529411764,0.8823529411764706,0.7058823529411765,78423.54394693201
782,2015-10-14,-0.0010907281751146858,0.004090591987488068,-0.01090804531813705,0.05724831261199559,0.013543417935499402,-0.693448063823221,-6.8019812365261885,-7.100655018917578,-7.2637857613174095,-7.280944387714894,-7.200419871928288,0.7142857142857143,0.75,0.6153846153846153,0.7058823529411764,0.8823529411764706,0.7058823529411765,115123.08590804941
783,2015-10-15,-0.006821282028852238,0.0021827556789764113,-0.012005538226164236,0.0425520808783697,-0.0005452561308531001,0.2962210960041345,-5.8195438599277445,-6.901853276314085,-6.814476171349959,-7.179510847516335,-6.855636973732215,0.5714285714285714,0.75,0.5384615384615385,0.7058823529411764,0.8235294117647058,0.7058823529411765,60105.40872543472
784,2015-10-16,0.00998327759336437,0.01220185767604387,-0.004714420279688714,0.026328425713277426,-0.01609829960495479,2.091744964096587,-3.1732906756598234,-5.2888118006688245,-5.073892687235892,-5.618784076955386,-5.2261721761868385,0.42857142857142855,0.75,0.5384615384615385,0.6470588235294117,0.7647058823529411,0.7058823529411765,60952.963922519026
785,2015-10-19,0.00425776326994054,0.007663922793074152,-0.00425767811524258,0.0191111545664453,-0.023017303772649433,3.6494908081947663,0.020278067266898958,-2.9723009439028836,-2.7168378182128583,-3.367205840357468,-3.006686502391298,0.2857142857142857,0.6666666666666667,0.5384615384615385,0.5882352941176472,0.7058823529411764,0.7058823529411765,61389.86006244679
786,2015-10-20,-0.014882685028124953,0.00715512327289991,-0.014882685028124953,0.0345343811996377,-0.00823159548034591,3.3567771549190883,1.5291525055468824,-2.059312044908379,-1.8071793420662674,-2.5422322392769425,-2.249865624286085,0.14285714285714285,0.5833333333333333,0.5384615384615385,0.5882352941176472,0.6470588235294117,0.7058823529411765,66793.50677717535
787,2015-10-21,0.015850114816999605,0.017579250213854536,-0.002305533074768551,0.035955877953772974,-0.006868954510969805,3.1000478178003332,2.768632945311822,-1.1280322219060168,-1.0631906639837263,-1.782779819004443,-1.4236547170378255,0.14285714285714285,0.49999999999999994,0.5384615384615385,0.5294117647058825,0.6470588235294117,0.7058823529411765,48777.0965770001
788,2015-10-22,-0.009327359826812875,0.008479338369719036,-0.009892650935764635,0.06356259309178558,0.019596546049012398,0.7954511500828154,1.2618133368380802,-2.5936062520745318,-2.8365466508634807,-3.378694284716499,-3.1815677226572747,0.2857142857142857,0.49999999999999994,0.6153846153846153,0.5294117647058825,0.6470588235294117,0.7647058823529412,68215.5045727387
789,2015-10-23,0.005874097902097919,0.01146853146853144,-0.006993006993006978,0.0540298346756416,0.010457921861215524,-0.6153825915071187,0.6233757533355089,-3.140859363713422,-3.686313912073136,-4.112805360929494,-4.024905701865478,0.2857142857142857,0.49999999999999994,0.6153846153846153,0.5294117647058825,0.6470588235294117,0.7647058823529412,59987.81118881119
790,2015-10-26,0.018969479048697613,0.018969479048697613,-0.000566279728199337,0.030574327518155364,-0.012028074572031477,0.056633744532752495,2.0648042294989954,-1.4965123736868202,-2.532954276144106,-2.780722425720761,-2.6330595763551568,0.2857142857142857,0.4166666666666666,0.6153846153846153,0.4705882352941177,0.6470588235294117,0.7058823529411765,33886.31596828992
791,2015-10-27,0.0020366599370573724,0.012801920651787091,-0.0034913879398134062,0.015064268897945654,-0.02689692983362868,2.1197937576382664,4.615744536788435,1.7651130893408196,0.056120489252586836,-0.11841014413884743,0.09893178750530751,0.2857142857142857,0.3333333333333333,0.6153846153846153,0.4705882352941177,0.588235294117647,0.6470588235294118,83246.02017011988
792,2015-10-28,-0.017286843911900385,0.015528830485530776,-0.017286843911900385,0.03583714151932571,-0.006982628650483602,2.3774501332702647,4.683759259569409,2.95507518564897,0.7105069281718501,0.4957128582107062,0.8103346532138289,0.2857142857142857,0.24999999999999994,0.5384615384615385,0.4705882352941177,0.5294117647058822,0.5882352941176471,94599.05582771591
793,2015-10-29,0.002750611162878558,0.021393550690905982,-0.0012225244125146917,2.6803896094662605e-05,-0.0413126891783534,5.819936956129945,8.094650542724601,7.551804425263131,4.894335892208557,4.6219227248317285,5.048020747539961,0.2857142857142857,0.16666666666666663,0.46153846153846145,0.4705882352941177,0.5294117647058822,0.5294117647058824,99167.70112565093
794,2015-10-30,0.006384889218147949,0.009729401329565235,-0.003952599694515002,0.04854050903598717,0.0051954880940277,4.486821747404557,6.630332817449869,7.111734322645047,4.356518724350766,4.082131297542424,4.402559788078486,0.42857142857142855,0.24999999999999994,0.46153846153846145,0.5294117647058825,0.5294117647058822,0.5882352941176471,59117.27482877089
795,2015-11-02,-0.005801496183206134,0.0027480916030535596,-0.013435083969465689,0.038680855649748436,-0.004256530004175585,3.7862559714748834,6.33805692465399,7.5245329302607855,4.86804495194626,4.458928827601771,4.730204381266256,0.2857142857142857,0.24999999999999994,0.3846153846153846,0.5294117647058825,0.4705882352941176,0.5294117647058824,56240.2213740458
796,2015-11-03,-0.016349554588274473,0.0077289835829066345,-0.021403121920425816,0.07146830785209213,0.027175482052459454,0.14439039963998201,2.8813553758549437,4.6713150374418255,2.2369261448963895,1.6865164576527647,1.9126948457533155,0.2857142857142857,0.24999999999999994,0.3846153846153846,0.5294117647058825,0.4705882352941176,0.5294117647058824,63994.24565978732
797,2015-11-04,0.023930601256356487,0.027221058929105757,-0.0044870176488185365,0.0366092687566586,-0.0062424777609638715,-0.034189279113250315,2.8396184612139885,5.212023856707404,3.045806350307667,2.3873589796804318,2.3751089245853674,0.2857142857142857,0.24999999999999994,0.3076923076923077,0.5294117647058825,0.41176470588235287,0.5294117647058824,87632.86180077774
798,2015-11-05,0.012638687196013798,0.01356356391996183,-0.007090012549013869,0.012229789399407665,-0.029614274911759053,2.1666504373781814,5.181004891635266,7.948753783729456,6.4063454570298495,5.406331083567184,5.240457189851799,0.2857142857142857,0.24999999999999994,0.23076923076923073,0.5294117647058825,0.41176470588235287,0.47058823529411764,106817.74558627453
799,2015-11-06,-0.0019511869918699132,0.009105723577235825,-0.015284520325203332,-0.011221526315109087,-0.05209605280276419,6.211379930637717,9.92101972713526,12.864110275151909,12.25667731649953,10.94463710992195,10.666666285440884,0.2857142857142857,0.24999999999999994,0.1538461538461538,0.4705882352941177,0.41176470588235287,0.4117647058823529,267176.23577235773
800,2015-11-09,0.011690046369738027,0.019372043441147513,-0.012692117144551762,0.015643659568197466,-0.026341399276036737,7.758364664371942,11.701966107181638,14.673783991619871,15.093273413193774,13.62804169556966,13.258890729179718,0.2857142857142857,0.24999999999999994,0.07692307692307687,0.411764705882353,0.41176470588235287,0.4117647058823529,141612.2217230053
801,2015-11-10,-0.005354752521912753,0.0023427711627432846,-0.010374799544002666,0.04103043202415968,-0.002004157850599597,6.535673019195376,10.774055712378905,13.75981025104851,15.060249491653032,13.522352342822973,13.202341913474402,0.14285714285714285,0.24999999999999994,0.07692307692307687,0.35294117647058826,0.41176470588235287,0.3529411764705882,119416.67467930638
802,2015-11-11,0.03283784998271688,0.03318351192533697,-0.0017283442792948023,0.009956220335372468,-0.031793722045106554,8.147739135212628,12.819113885805077,16.302070812476256,18.32871852814284,16.82385542349931,16.60164391756327,0.14285714285714285,0.16666666666666663,0.07692307692307687,0.29411764705882354,0.41176470588235287,0.2941176470588235,111817.18181818182
803,2015-11-12,-0.0031926568573018566,0.014898899790745102,-0.01241578529919174,0.016438979896250983,-0.02557903396907213,8.224800842024283,13.86509860382068,17.922601125282235,20.736836802394663,19.383774070841486,19.2469473262763,0.0,0.08333333333333331,0.0,0.23529411764705893,0.35294117647058826,0.23529411764705876,216355.85646126795
804,2015-11-13,0.006687785990848294,0.010559626891939455,-0.008799718409010948,0.051261680531159204,0.007804165601282165,4.862473857393179,11.246042564340408,15.628302146662797,19.06773493858673,17.864269521790966,17.975564574746716,0.14285714285714285,0.16666666666666663,0.07692307692307687,0.23529411764705893,0.41176470588235287,0.23529411764705876,130783.93488208378
805,2015-11-16,-0.007327250523377571,0.004535973482205247,-0.020935136078157668,0.05230016256311831,0.008799740780211174,2.063603372942202,8.852557731626698,13.390156302125655,17.155567963378914,16.277872468802702,16.765028453903554,0.2857142857142857,0.24999999999999994,0.1538461538461538,0.23529411764705893,0.4705882352941176,0.2941176470588235,105107.16468946266
806,2015-11-17,0.017825312578442443,0.017825312578442443,-0.002852050012550733,0.02091912496782089,-0.021284035324749206,2.9080741490240536,9.671506193761292,14.637128561648316,18.523047440743955,18.250575535650682,19.03132369332998,0.2857142857142857,0.24999999999999994,0.1538461538461538,0.1764705882352941,0.41176470588235287,0.2941176470588235,193842.14416553098
807,2015-11-18,-0.004545489510489498,0.003496538461538412,-0.014685314685314754,0.06357433791474798,0.01960784824147832,0.2597402502668045,6.533466595772652,11.376956670086624,15.09990160326289,15.514487092907125,16.440560780796787,0.42857142857142855,0.3333333333333333,0.23076923076923073,0.1764705882352941,0.41176470588235287,0.3529411764705882,104474.52447552446
808,2015-11-19,-0.005151167405523016,0.004464251220321014,-0.007554979136161433,0.06208685251410939,0.018181890464200157,-1.903458720058615,3.7063318047958482,8.475594806254726,12.070735776722263,13.14674274435097,14.069852020373052,0.5714285714285714,0.3333333333333333,0.3076923076923077,0.23529411764705893,0.41176470588235287,0.4117647058823529,154926.8792950591
809,2015-11-20,0.010996563573883122,0.015807525773195774,-0.00515460481099661,0.04240447679408832,-0.0006868406679741978,-1.7525798974434403,2.8816850808066174,7.522496748175911,11.278838690032455,12.974959944267074,13.759446511121753,0.5714285714285714,0.3333333333333333,0.23076923076923073,0.23529411764705893,0.35294117647058826,0.4117647058823529,193188.0034364261
810,2015-11-23,0.009497045374604385,0.01371790362293357,-0.005627857896588151,0.01910406091998329,-0.023024152407783105,0.6833892092265703,3.9972931792657818,8.830383792976559,12.866195775520705,15.314146314890898,15.910765825228811,0.5714285714285714,0.24999999999999994,0.1538461538461538,0.1764705882352941,0.29411764705882354,0.3529411764705882,145662.03200844178
811,2015-11-24,-0.014246003674565522,0.0013898192706804924,-0.014246003674565522,0.05596287501769881,0.012311029707962495,-0.357392932263767,1.578474318547185,6.424763609088746,10.51697347958973,13.656141053714489,13.958103062244497,0.5714285714285714,0.3333333333333333,0.23076923076923073,0.23529411764705893,0.29411764705882354,0.4117647058823529,104387.46058413967
812,2015-11-25,0.02542676987189374,0.02615325004891944,-0.004358917386163452,-0.0021848273310446364,-0.04343293930206804,3.5805079078267577,4.916712495027853,10.073857033419053,14.428412673477254,18.561566691337617,18.287580049153274,0.42857142857142855,0.3333333333333333,0.23076923076923073,0.23529411764705893,0.23529411764705882,0.4117647058823529,207997.5394842521
813,2015-11-27,-0.01779095626389915,0.002223906597479619,-0.021497405485544907,0.022281260417474247,-0.019978247916012548,5.125492575169632,6.05739961315046,11.055810675392408,15.669015969996792,20.64757237542032,19.60394199432065,0.42857142857142855,0.3333333333333333,0.23076923076923073,0.23529411764705893,0.1764705882352941,0.3529411764705882,146296.257227576
814,2015-11-30,-0.025862068965517238,0.0033733133433282436,-0.028860569715142392,0.03152216521915263,-0.011119252197464902,5.279496998125843,6.377160833496043,11.22652099003476,15.863933961756892,21.56331662718296,19.76225322289085,0.2857142857142857,0.3333333333333333,0.23076923076923073,0.23529411764705893,0.11764705882352938,0.2941176470588235,192214.14242878562
815,2015-12-01,-0.0135480781233277,0.0007323691223861672,-0.015378982620980697,0.0677522656699101,0.023613082221658255,1.9040682368432371,3.2510371774993274,7.687750862930209,12.224724871720039,18.342317213196967,15.979499215596672,0.2857142857142857,0.4166666666666666,0.23076923076923073,0.29411764705882354,0.1764705882352941,0.2941176470588235,159186.11677726536
816,2015-12-02,0.0011156936078726698,0.0174786916131906,-0.0022312756501032815,0.027078825380818516,-0.01537894951259966,2.3216277275662556,4.321840585646219,8.332004886850598,12.849970603861372,19.64440665842535,16.80391082526591,0.2857142857142857,0.4166666666666666,0.23076923076923073,0.23529411764705893,0.1764705882352941,0.23529411764705876,180910.12610305415
817,2015-12-03,0.019428571428571573,0.024380914285714317,-0.005333295238095226,0.018293990979272978,-0.02380065333742465,3.6299314777678893,6.337413642145262,9.632651365738987,14.308841483531086,21.885712254916267,18.517549770593146,0.2857142857142857,0.4166666666666666,0.1538461538461538,0.1764705882352941,0.11764705882352938,0.17647058823529416,186863.7619047619
818,2015-12-04,-0.004909365558912304,0.0003776435045317328,-0.017371601208459264,0.0522606775549419,0.008761898085930753,1.4889943901465807,4.893180468991698,7.430584392403206,12.12370442685935,20.128397538874587,16.390805987250936,0.2857142857142857,0.4166666666666666,0.23076923076923073,0.23529411764705893,0.1764705882352941,0.17647058823529416,134810.17824773415
819,2015-12-07,0.013720148961191558,0.016072128577028666,-0.00431203449627604,0.004909956168041685,-0.036631469344199474,4.216838156687808,7.999668867348042,10.221953470560251,15.146726504360753,23.747928731751134,19.634881592767805,0.2857142857142857,0.3333333333333333,0.23076923076923073,0.23529411764705893,0.1764705882352941,0.11764705882352933,168842.59074872598
820,2015-12-08,-0.013911660641912293,0.011047380890041758,-0.021685801076685607,-0.0006319653168602724,-0.04194430069101973,7.29483373485178,11.67290263952836,13.818097770454107,18.771920105298868,27.91091963135606,23.611176279072986,0.2857142857142857,0.3333333333333333,0.23076923076923073,0.23529411764705893,0.1764705882352941,0.05882352941176472,289904.8801184174
821,2015-12-09,0.010825901731118748,0.0308740164044099,-0.007618323672080041,0.06446146169503142,0.020458316796266418,4.147090996084124,8.385836279715765,10.581581419872954,15.276658546579558,24.12265108757785,19.987392564983274,0.42857142857142855,0.3333333333333333,0.3076923076923077,0.29411764705882354,0.23529411764705882,0.05882352941176472,248146.54418013056
822,2015-12-10,-0.008356506500457828,0.010346200172948627,-0.011937883483401746,0.05106767023208536,0.007618170564156479,2.120408722704892,6.432273556514634,8.845439882321294,13.302264206554248,22.053899888258567,17.99216260368326,0.42857142857142855,0.3333333333333333,0.3846153846153846,0.29411764705882354,0.29411764705882354,0.11764705882352933,198661.96055164983
823,2015-12-11,0.0075598911196930185,0.016379757092807923,-0.003359890943296584,-0.011670876508914185,-0.05252676873562434,5.9338779738514535,10.745781651662334,13.855719645141606,18.2426313381856,27.583445174001863,23.14513323311771,0.42857142857142855,0.3333333333333333,0.3846153846153846,0.29411764705882354,0.23529411764705882,0.11764705882352933,209717.61443589308
824,2015-12-14,-0.0038022813688214363,0.00549214195183767,-0.019433924799324154,0.03698750879106494,-0.005879942606881405,5.003321788575343,9.964394941689768,13.619815613133035,17.437688314928845,27.030402541898724,22.41535741046814,0.42857142857142855,0.3333333333333333,0.3846153846153846,0.23529411764705893,0.1764705882352941,0.05882352941176472,278410.49133924796
825,2015-12-15,0.008399874355307535,0.018059681564875252,-0.0041999161780730265,0.04929066229545942,0.00591472082587341,2.7839406390272714,7.826840497458343,12.031756313931163,15.30419026255525,24.999496234818675,20.314390279226902,0.42857142857142855,0.3333333333333333,0.3846153846153846,0.29411764705882354,0.23529411764705882,0.11764705882352933,172413.95894224942
826,2015-12-16,-0.004475223759153657,0.0024409682668837807,-0.02359641985353944,0.076854793666429,0.032339333856222785,-0.9764045021066647,3.59176930883518,7.731798126360112,10.55009798462072,19.97171361436458,15.407415242906009,0.5714285714285714,0.4166666666666666,0.3846153846153846,0.35294117647058826,0.29411764705882354,0.17647058823529416,255971.33523189588
827,2015-12-17,0.029635858186458197,0.032176035894325494,-0.0008467823519565654,0.0023807177605814633,-0.03905613764647298,2.552315206445499,6.7860153327928385,11.217288270499836,13.965161211302025,23.677470337354677,18.82665826247909,0.5714285714285714,0.4166666666666666,0.3846153846153846,0.35294117647058826,0.29411764705882354,0.17647058823529416,163826.25809368087
828,2015-12-18,-0.012954408692018471,0.017969118261596417,-0.012954408692018471,0.056811361203505495,0.013124422380606182,0.6208609366890272,4.581818856169084,8.847236796589497,11.591848697176355,20.979845384073116,16.23783985787948,0.5714285714285714,0.49999999999999994,0.3846153846153846,0.411764705882353,0.35294117647058826,0.23529411764705876,229125.61930631008
829,2015-12-21,0.010708401535897805,0.014415073541389267,-0.010296539938363214,0.05837772409654396,0.014625968761032393,-1.3297196927096522,2.182871599252678,6.328945739789438,9.159514164111737,18.21409562722596,13.549076284908622,0.5714285714285714,0.49999999999999994,0.3846153846153846,0.4705882352941177,0.35294117647058826,0.2941176470588235,219072.30234459217
830,2015-12-22,-0.012224979126936542,0.002852485621333223,-0.015077464748269542,0.05429122718892376,0.01070853093416635,-1.9501757781365647,0.41622272444268305,4.317530282573334,7.364062623469447,15.909876124040245,11.390141854178903,0.7142857142857143,0.5833333333333333,0.46153846153846145,0.5294117647058825,0.41176470588235287,0.2941176470588235,162541.78066247838
831,2015-12-23,-0.05469946281584992,0.0088598616664044,-0.05469946281584992,0.10348073799060309,0.057864602313135505,-6.053265826895715,-5.156281935606877,-1.8416580975030405,1.1845176516542821,8.671769039188337,4.4519070188622445,0.8571428571428571,0.6666666666666667,0.5384615384615385,0.5882352941176472,0.41176470588235287,0.2941176470588235,193889.6083933208
832,2015-12-24,-0.004208033825862101,0.0030604438814247903,-0.009946442614630513,0.05035369275682666,0.006933781184234933,-5.42682340000904,-5.9022854359528925,-2.998506821010405,0.17761446000748027,7.087294809124622,2.9358390309639937,0.8571428571428571,0.6666666666666667,0.5384615384615385,0.5882352941176472,0.4705882352941176,0.3529411764705882,57351.71833790047
833,2015-12-28,0.004647598760650684,0.006971340046475483,-0.008520526723470145,0.030351308294759072,-0.01224178665949649,-3.568662055780314,-4.650326100254565,-2.1116885796906737,1.0263367614887775,7.626056644781598,3.4790313350331337,0.7142857142857143,0.6666666666666667,0.5384615384615385,0.5294117647058825,0.4705882352941176,0.3529411764705882,136292.57087529046
834,2015-12-29,-0.009121969179854417,0.002280577813780882,-0.010262182070018389,0.06291679894210889,0.018977570151905487,-3.904004576795783,-5.918447426429996,-4.056037693060233,-1.091385459614569,4.913935235014666,1.0696613063851501,0.8571428571428571,0.75,0.6153846153846153,0.5882352941176472,0.5294117647058822,0.4117647058823529,240348.6860642222
835,2015-12-30,-0.004615423076922975,0.004230807692307659,-0.011538423076923099,0.030830269950262723,-0.01178266751675805,-1.6208748002595197,-4.50549042735865,-3.036625774794377,-0.26922580933581575,5.549455303601714,1.8417630120749928,0.7142857142857143,0.6666666666666667,0.6153846153846153,0.5294117647058825,0.5294117647058822,0.4117647058823529,170722.07692307694
836,2015-12-31,0.0003881987577638579,0.014363315217391204,-0.0015528338509316342,0.03349220868839575,-0.00923073836920063,0.11646140365002555,-3.441103238352683,-2.4197709205582507,0.19410094141552037,5.873818492806571,2.3336309089705853,0.5714285714285714,0.5833333333333333,0.5384615384615385,0.4705882352941177,0.5294117647058822,0.3529411764705882,93958.62732919255
837,2016-01-04,-0.016091051805337542,0.0007849293563579884,-0.028649921507064358,0.0317827140112934,-0.010869555534084863,1.7436642024444504,-1.9118633658434248,-1.6109737090801435,0.787733104362931,6.357928201028806,3.0713170687208136,0.42857142857142855,0.5833333333333333,0.5384615384615385,0.4705882352941177,0.5294117647058822,0.3529411764705882,197860.06750392466
838,2016-01-05,0.003165809259992214,0.005935892362485262,-0.013850415512465242,0.03452382448597113,-0.008241679175862382,2.1990998106708126,-0.6444752215592486,-0.9780162080311738,1.178691521041153,6.453155248554943,3.5977086840330186,0.2857142857142857,0.5833333333333333,0.5384615384615385,0.4705882352941177,0.5294117647058822,0.2941176470588235,119112.57340720222
839,2016-01-06,-0.0021044191919192823,0.0092592592592593,-0.014309764309764272,-0.019210431374038328,-0.059754687026581266,7.263104551675004,5.654758768876489,4.769917994505102,6.854253609090577,12.249475157306456,9.622411295208488,0.14285714285714285,0.49999999999999994,0.46153846153846145,0.411764705882353,0.4705882352941176,0.2941176470588235,209115.1616161616
840,2016-01-07,0.0022262244980510992,0.0222617997445147,-0.004897551420193658,-0.013952225412462993,-0.054713888084011564,11.334442129892054,11.095922575128103,10.187429204900212,12.232864614024042,17.688595965159394,15.178736949890492,0.14285714285714285,0.4166666666666666,0.46153846153846145,0.411764705882353,0.41176470588235287,0.2941176470588235,211481.64521294058
841,2016-01-08,0.022768671346478753,0.02732240561577437,-0.0013660747434460774,0.019899228749938658,-0.022261763186633532,11.039553937253777,13.085481851323411,12.158471973694196,13.971834077587374,19.4151728475634,17.008849618054313,0.0,0.4166666666666666,0.46153846153846145,0.411764705882353,0.41176470588235287,0.2941176470588235,339097.37609737593
842,2016-01-11,0.034579392523364616,0.04065420560747679,-0.014953271028037451,0.016520452391502127,-0.02550098307977955,10.8745085527989,15.200276946553748,14.305750844809673,16.073107627281736,21.589908647198808,19.109490332161783,0.0,0.3333333333333333,0.3846153846153846,0.411764705882353,0.35294117647058826,0.2941176470588235,275592.4579439252
843,2016-01-12,0.03682175565996881,0.037790747954978166,-0.011143362942992341,0.006075595276045842,-0.03551398279415674,11.413348994780904,18.18245323149408,17.478780330258804,19.19297383769003,25.00116034699793,22.321434942928462,0.0,0.24999999999999994,0.3076923076923077,0.35294117647058826,0.29411764705882354,0.2941176470588235,310129.82897920685
844,2016-01-13,0.036800786889145565,0.043670316176168456,-0.008832090717963315,0.029980885211505548,-0.012596949861559015,9.259787140563303,18.23217087923137,18.176094285939538,19.572772125418126,25.597003349411107,22.65948230732915,0.0,0.16666666666666663,0.3076923076923077,0.35294117647058826,0.29411764705882354,0.2941176470588235,272202.15369004675
845,2016-01-14,-0.02583021217712178,0.01060885608856088,-0.03782283210332105,0.10965971578482225,0.06378813361224278,0.342642832910367,9.732471294016687,10.652784753702772,11.649973340134622,17.35086128036871,14.4148658046104,0.14285714285714285,0.16666666666666663,0.3846153846153846,0.411764705882353,0.35294117647058826,0.3529411764705882,282023.9077490775
846,2016-01-15,-0.014363595128103257,0.002971718525422551,-0.02080242591369852,-0.02856948612290655,-0.0687269492757887,5.22181805825106,15.725606894662914,17.965047227174225,18.776976953594993,25.041866119363586,21.642964934978327,0.14285714285714285,0.08333333333333331,0.3076923076923077,0.35294117647058826,0.29411764705882354,0.2941176470588235,252777.5907489554
847,2016-01-19,0.022421524663677195,0.025909317389138042,-0.012954708520179326,0.036921161494296806,-0.005943464702340973,4.149752395586326,14.371121898780338,17.6002962664362,18.519104575028567,24.77043933581422,21.3082711276553,0.14285714285714285,0.08333333333333331,0.23076923076923073,0.35294117647058826,0.29411764705882354,0.23529411764705876,204881.90981564525
848,2016-01-20,-0.02115583184498615,0.011868008868318292,-0.04747162267655436,0.0072587078637234015,-0.03437974767492402,5.956065567513225,15.888988027845198,20.7454928787846,21.806356389970016,28.147577815146228,24.50685801306274,0.14285714285714285,0.0,0.23076923076923073,0.35294117647058826,0.29411764705882354,0.23529411764705876,420257.0196211568
849,2016-01-21,-0.05047614285714297,0.010952380952381047,-0.06047619047619046,0.13031686926340647,0.0835913461002804,-2.4897970882037157,5.248298948198382,10.76644004851499,11.73979622425827,17.40022789662532,14.129252240994617,0.2857142857142857,0.08333333333333331,0.23076923076923073,0.35294117647058826,0.35294117647058826,0.23529411764705876,461418.04761904763
850,2016-01-22,0.01536308193668523,0.028864059590316682,-0.019087523277467433,0.06696374752240142,0.022857065651997965,-4.110130079818674,1.4731379364641528,7.670487861832598,8.635948862731313,13.929910867192351,10.803413908515292,0.42857142857142855,0.16666666666666663,0.23076923076923073,0.35294117647058826,0.35294117647058826,0.23529411764705876,240329.54003724395
851,2016-01-25,0.02361445783132532,0.028915662650602414,-0.0009638554216867545,0.0076704848555868566,-0.033985058990487094,-0.4819254992702193,3.4148040409380798,10.588643014992272,11.93115657688808,16.97992374705195,13.856113890975763,0.42857142857142855,0.16666666666666663,0.1538461538461538,0.35294117647058826,0.35294117647058826,0.23529411764705876,178905.02409638555
852,2016-01-26,-0.03044070876874161,0.0027260336210812586,-0.04316224443434802,0.10646233827916829,0.06072286426250817,-5.964817565868552,-3.5633121730133444,3.403220028285081,5.254111042458898,9.588721753911189,6.787829708374327,0.42857142857142855,0.24999999999999994,0.1538461538461538,0.411764705882353,0.41176470588235287,0.2941176470588235,212120.76283507494
853,2016-01-27,-0.00889929742388762,0.030913348946135732,-0.014051569086651172,0.011841627591096637,-0.02998624653675286,-2.281707110047526,-1.3884333644522462,5.531384822097807,8.096345557640138,12.147868171461473,9.402468097356254,0.42857142857142855,0.24999999999999994,0.07692307692307687,0.35294117647058826,0.35294117647058826,0.23529411764705876,257511.88056206086
854,2016-01-28,0.03166585444397185,0.033042632719475495,-0.00780174356118668,0.06461853092811976,0.020608844512250757,-3.1272565449497525,-3.5992952816191304,2.5197205917554033,5.456301752730419,9.25610124436016,6.705564530938313,0.5714285714285714,0.3333333333333333,0.1538461538461538,0.35294117647058826,0.41176470588235287,0.2941176470588235,143853.97274644458
855,2016-01-29,-0.028753947968964022,0.004107713372889066,-0.02966681880419897,0.048865549702248545,0.005507142530248643,-2.0082203397876808,-4.14358009769058,1.0019290947279158,4.59998206351615,8.106752712094023,5.791219300842765,0.7142857142857143,0.4166666666666666,0.1538461538461538,0.411764705882353,0.4705882352941176,0.3529411764705882,174658.9726152442
856,2016-02-01,0.0036815002300967237,0.004141739530602928,-0.020248458352508103,0.034551250421580804,-0.008215422421606,-0.7165913674532232,-3.241080827443499,0.9028501610125916,5.10485319778764,8.45988149430299,6.245475177517612,0.5714285714285714,0.4166666666666666,0.1538461538461538,0.35294117647058826,0.41176470588235287,0.3529411764705882,152635.90750115048
857,2016-02-02,0.0044269552385638455,0.0073782587309396686,-0.010329513034923798,-0.024084284555133006,-0.0644270945117007,5.31234659851012,3.3131881466684776,6.579531505207226,11.648864122553926,15.11137569680361,12.88735766852238,0.42857142857142855,0.4166666666666666,0.1538461538461538,0.29411764705882354,0.35294117647058826,0.2941176470588235,187219.8558780128
858,2016-02-03,-0.028517906896582845,0.0009350631573195045,-0.05703595404562656,0.09750892656028176,0.052139629412419675,0.5209439656670867,-1.4693063046575139,0.3873685541284644,5.590067192934334,8.794725187338104,6.969884643618451,0.5714285714285714,0.49999999999999994,0.23076923076923073,0.29411764705882354,0.41176470588235287,0.3529411764705882,192406.67612939113
859,2016-02-04,-0.019222281311589318,0.038881696761978946,-0.022717257436315363,0.11627112758994174,0.07012621325607382,-5.517062206562384,-7.548518474505094,-6.686217119145632,-1.808332168125304,1.3158233435868638,-0.13729629144070277,0.5714285714285714,0.49999999999999994,0.3076923076923077,0.29411764705882354,0.4705882352941176,0.4117647058823529,265455.5428334007
860,2016-02-05,-0.005757263064658846,0.022586359610274664,-0.013728963684676687,0.02899402572813181,-0.013542892052875843,-3.4417373486778424,-5.52322616980867,-5.653979476093641,-1.0233535076408673,2.295533960736962,1.0780637997186648,0.5714285714285714,0.49999999999999994,0.3076923076923077,0.23529411764705893,0.41176470588235287,0.3529411764705882,200123.00354295838
861,2016-02-08,-0.005724306724980588,0.005724394791915222,-0.018493968229589042,0.04912642089420127,0.005757121910250795,-3.4157291164460424,-5.233682746855872,-6.141611377486722,-2.078998833937995,1.4164205803349095,0.2642111485490872,0.5714285714285714,0.5833333333333333,0.3846153846153846,0.29411764705882354,0.41176470588235287,0.4117647058823529,161201.12070462882
862,2016-02-09,-0.010555391897411948,0.01376773686242605,-0.011932078387697276,0.0008634801146947257,-0.04051067093126037,0.5834891643305085,-0.4425382390378263,-2.2159603657893046,1.3144931266446003,5.408770380706174,4.257521091587213,0.42857142857142855,0.5833333333333333,0.3846153846153846,0.23529411764705893,0.41176470588235287,0.4117647058823529,207071.04189664792
863,2016-02-10,-0.007852193995380952,0.015704387990762125,-0.014780600461893778,0.03641894801705514,-0.00642503153298668,1.1811310053056134,0.41570833865103296,-1.528644603747098,1.2520663329441017,5.72858749674221,4.630819746386483,0.42857142857142855,0.49999999999999994,0.3846153846153846,0.23529411764705893,0.35294117647058826,0.3529411764705882,243929.71593533488
864,2016-02-11,-0.0023596978593818374,0.01085412879404779,-0.01746111290886676,0.020957771087884103,-0.02124705047289277,3.9573884276358218,2.4978070584584344,0.7325984425516241,2.6798333549381326,7.581067692245003,6.485537275125686,0.42857142857142855,0.4166666666666666,0.3846153846153846,0.23529411764705893,0.29411764705882354,0.2941176470588235,208710.6465921828
865,2016-02-12,-0.02464784439471146,0.011883847354042354,-0.02684850470283917,0.11843828792491728,0.07220380939506899,-2.20698999964124,-3.7852077121956706,-5.560442634694751,-4.668633624924922,0.2221703270678166,-0.9142318266955107,0.42857142857142855,0.49999999999999994,0.46153846153846145,0.29411764705882354,0.29411764705882354,0.3529411764705882,165513.97207372234
866,2016-02-16,-0.0181347150259068,0.0017271588946459193,-0.03583765112262527,0.06332231291886115,0.019366239700212784,-3.8983481048109225,-5.258450595758335,-7.050333667240983,-6.805145438101611,-1.7343121701295705,-3.142117435476377,0.42857142857142855,0.49999999999999994,0.46153846153846145,0.35294117647058826,0.29411764705882354,0.4117647058823529,215771.88428324697
867,2016-02-17,-0.026948672182890765,0.012023175289254784,-0.026948672182890765,0.0863592024033939,0.04145077230137262,-6.811184023933603,-8.208955334534274,-9.973939953782029,-10.461088235537074,-5.614783026932191,-7.236436969806681,0.5714285714285714,0.5833333333333333,0.5384615384615385,0.411764705882353,0.29411764705882354,0.4117647058823529,225372.1249845305
868,2016-02-18,0.01250525218841192,0.015006252605252346,-0.00666944560233429,0.0374988588161258,-0.005389717914915493,-5.543977158998437,-7.056511907154938,-8.707993832692884,-9.74811004124485,-5.161872887072549,-6.951706231438792,0.42857142857142855,0.49999999999999994,0.5384615384615385,0.411764705882353,0.29411764705882354,0.3529411764705882,108073.19758232597
869,2016-02-19,-0.01793165137614683,0.0004170141784820558,-0.022935779816513846,0.04268617176815459,-0.0004168135797567585,-4.199931475665375,-6.401170549997126,-7.756466449398481,-9.409630108102485,-5.086582529903049,-7.190518623322683,0.42857142857142855,0.4166666666666666,0.5384615384615385,0.411764705882353,0.23529411764705882,0.3529411764705882,101099.91743119266
870,2016-02-22,-0.013839461690808186,0.009885329779148577,-0.02056152548194845,0.10010550833550647,0.05462891450388363,-7.10614639325966,-10.244033842511824,-11.726832984279978,-13.552794724654238,-9.874981088781155,-12.078185856545065,0.5714285714285714,0.49999999999999994,0.5384615384615385,0.4705882352941177,0.29411764705882354,0.3529411764705882,202747.11377033952
871,2016-02-23,0.02075550020755501,0.02822748028227484,-0.010792860107928681,-0.006374751475104579,-0.047449709631685044,-0.7590528839540922,-4.6581230952355,-6.813729350898489,-8.735096074893223,-5.404331872242196,-7.896573735549639,0.5714285714285714,0.49999999999999994,0.46153846153846145,0.4705882352941177,0.29411764705882354,0.2941176470588235,343739.1411374014
872,2016-02-24,-0.024561360726375492,0.0008772368805805009,-0.0403508789627578,-0.01273729163343329,-0.053549088349450824,4.906010784994574,1.1779390773589027,-1.1132047965654368,-3.192361139183486,-0.23392368030143995,-3.0213087840879838,0.42857142857142855,0.4166666666666666,0.46153846153846145,0.4705882352941177,0.29411764705882354,0.23529411764705876,360507.7877416135
873,2016-02-25,-0.011388523872097989,0.0013141042487956334,-0.03372759526938229,0.04449345384430092,0.0013157506456027424,4.5616670061275455,1.0262173288912768,-1.0721074279307574,-3.1396673179738044,-0.6914476900258926,-3.4541037348782777,0.42857142857142855,0.4166666666666666,0.46153846153846145,0.4705882352941177,0.35294117647058826,0.23529411764705876,233481.2601839685
874,2016-02-26,0.010195124565386626,0.024379522357248273,-0.00531906051946196,0.030784405035418683,-0.01182656101247892,4.825229841490453,2.2289765494948988,0.36727498106707834,-1.605242944574914,0.11925874337939124,-2.4506083832063985,0.2857142857142857,0.4166666666666666,0.46153846153846145,0.4705882352941177,0.35294117647058826,0.17647058823529416,198128.44140644686
875,2016-02-29,0.01592206917637906,0.023883192220999883,-0.002211499238766068,0.04543291254776061,0.002216354666683351,3.721486695746057,1.9713113994269005,0.3180182040498858,-1.421625318722164,-0.44018018642776324,-2.647379125189231,0.42857142857142855,0.4166666666666666,0.46153846153846145,0.5294117647058825,0.41176470588235287,0.23529411764705876,140357.24235478803
876,2016-03-01,0.009377707134599511,0.010230264715697546,-0.015771484048230366,0.08233596715603841,0.0375938295590208,-0.35317354063056916,-1.2148231992317071,-3.002060211805546,-4.3721736020287505,-4.336652201401991,-5.991952456036942,0.5714285714285714,0.49999999999999994,0.46153846153846145,0.5882352941176472,0.4705882352941176,0.23529411764705876,174602.58800526804
877,2016-03-02,-0.052755944881889616,0.0,-0.05629925196850383,0.1293808974025039,0.08269406965647885,-7.902138332297581,-7.705287088600543,-9.72253560830547,-11.057368526803623,-11.699475735296827,-12.722160538454109,0.5714285714285714,0.5833333333333333,0.5384615384615385,0.5882352941176472,0.5294117647058822,0.2941176470588235,282058.05511811026
878,2016-03-03,-0.010831721470019429,0.003094777562862694,-0.023210831721470093,0.061601468320087394,0.017716588465447547,-8.53274818332811,-8.024320841375632,-10.277245861687955,-12.001939086568846,-13.228336991251066,-13.665658535498226,0.7142857142857143,0.6666666666666667,0.6153846153846153,0.5882352941176472,0.588235294117647,0.3529411764705882,179995.13152804642
879,2016-03-04,-0.03504338872832369,0.029263005780346685,-0.040462463872832366,0.11696662210771525,0.07079300554532764,-12.061314839212278,-12.825146026301093,-15.126963484573686,-16.925580017054187,-18.775807420849834,-18.619944301454073,0.8571428571428571,0.6666666666666667,0.6153846153846153,0.6470588235294117,0.6470588235294117,0.4117647058823529,342690.4739884393
880,2016-03-07,-0.03702434007541999,0.007884813164209747,-0.03702434007541999,0.09927161290655673,0.05382948808726096,-13.448261193398103,-15.80635872408781,-18.43707903119166,-20.29237700811447,-22.606398902728785,-22.043197610811138,0.8571428571428571,0.6666666666666667,0.6153846153846153,0.6470588235294117,0.6470588235294117,0.47058823529411764,316632.52759684605
881,2016-03-08,0.025930025331453388,0.02856069039606557,-0.0071402101788721195,-0.04842477115081478,-0.08776140916664077,-2.9473355517177113,-7.03817124381464,-9.86918819658824,-11.918184893371864,-14.905784184207905,-13.854084530877952,0.8571428571428571,0.5833333333333333,0.6153846153846153,0.6470588235294117,0.6470588235294117,0.47058823529411764,294508.57179595745
882,2016-03-09,-0.014094918920434685,0.0011127967771809022,-0.0497031917545695,0.05684103695082521,0.025484922864517534,-2.910171805503081,-8.485105741848397,-11.310172675602981,-13.387568043564269,-16.59924275278457,-15.239186867614974,0.8571428571428571,0.6666666666666667,0.6153846153846153,0.6470588235294117,0.7058823529411764,0.5294117647058824,209895.15021869994
883,2016-03-10,-0.016201958696233643,0.004898228903608581,-0.023361001380519886,0.014521960060940087,-0.015578607195957495,0.43602144316610136,-6.270271453493759,-9.007365584731241,-11.35840957413794,-14.844842550296145,-13.101941476913181,0.7142857142857143,0.6666666666666667,0.6153846153846153,0.5882352941176472,0.7058823529411764,0.5294117647058824,218201.7046645552
884,2016-03-11,-0.024246878186880205,0.00036741367991965923,-0.02645110310253873,0.05698196999157412,0.025621639970881294,-0.9575419501442806,-8.02552649397824,-10.26053447246682,-12.818208748675453,-16.440562373874346,-14.593402890515716,0.7142857142857143,0.6666666666666667,0.6923076923076923,0.6470588235294117,0.7058823529411764,0.5882352941176471,161016.6400079956
885,2016-03-14,0.006703947858472947,0.012290502793296021,-0.012662942271880806,0.016568360530796467,-0.01359286304647167,1.1047317761305298,-5.946796627735418,-7.974902689217956,-10.717057223033233,-14.71641014469256,-12.817569254407935,0.5714285714285714,0.6666666666666667,0.6923076923076923,0.6470588235294117,0.6470588235294117,0.5882352941176471,156066.03910614524
886,2016-03-15,0.008796481407437051,0.00919632147141125,-0.007596961215513898,-0.04004741037339887,-0.0685288697776909,7.208094830071499,1.6822343796318862,-0.7165255280074279,-3.5947912372228497,-7.97793913677316,-5.888338472168142,0.42857142857142855,0.6666666666666667,0.6153846153846153,0.5882352941176472,0.6470588235294117,0.5882352941176471,217224.10995601758
887,2016-03-16,-0.0346153846153846,0.003461538461538405,-0.049999961538461535,0.07137138256603492,0.039584123298033846,1.5769247852589485,-1.2432052989138298,-3.925774884541966,-6.800592078886291,-11.062373160238081,-9.004269623469552,0.42857142857142855,0.6666666666666667,0.6153846153846153,0.5882352941176472,0.6470588235294117,0.5882352941176471,191237.46153846153
888,2016-03-17,-0.009160864449950012,0.004397178292518289,-0.026016891681315824,0.08170940839019614,0.04961538077358907,-2.701145138557326,-4.602410627435494,-7.8634548057455955,-10.554202642763222,-14.625828041450683,-12.656871386473313,0.5714285714285714,0.75,0.6153846153846153,0.6470588235294117,0.7058823529411764,0.6470588235294118,173377.52057975373
889,2016-03-18,0.024434719183078046,0.03574033552151712,-0.007293982494529505,0.035486210624239733,0.00476365197180062,-2.922787287526263,-3.730872815679931,-7.654506931299032,-10.329226929495228,-14.371415286790834,-12.457025429149438,0.5714285714285714,0.75,0.6923076923076923,0.6470588235294117,0.7058823529411764,0.7058823529411765,162581.056892779
890,2016-03-21,0.00886262924667669,0.023264364844904017,-0.007385561299852128,0.017798048045254644,-0.01239969681043962,-1.4190759967002586,-1.4929196904909348,-5.899243168058366,-8.47114956921249,-12.598818596947336,-10.784617449298818,0.5714285714285714,0.6666666666666667,0.6923076923076923,0.6470588235294117,0.6470588235294117,0.7058823529411765,113322.4859675037
891,2016-03-22,-0.0029951330211580585,0.006364657669960971,-0.007862186741377286,0.016495852099277064,-0.013663249867895355,-0.32625253073411686,0.3036588804394835,-4.288330864494294,-6.491852996484127,-10.856586392274192,-8.988101342625065,0.42857142857142855,0.5833333333333333,0.6153846153846153,0.6470588235294117,0.6470588235294117,0.6470588235294118,124323.22779199654
892,2016-03-23,0.03918495297805635,0.04036046238244517,-0.0019592868338557112,-0.015337963251270792,-0.04455252319261094,3.5770211987705247,4.97546215824145,0.49559203892164394,-1.4899386907740841,-6.298806599832352,-4.135787682295744,0.42857142857142855,0.49999999999999994,0.6153846153846153,0.6470588235294117,0.6470588235294117,0.5882352941176471,167734.10971786836
893,2016-03-24,-0.028081085338575784,0.0,-0.031201210265257795,0.03542276729183347,0.004702127959440583,3.443281575975088,4.0085864259114645,0.6036314621546524,-1.506189895347343,-6.260078373264255,-4.08218987463016,0.5714285714285714,0.49999999999999994,0.6923076923076923,0.6470588235294117,0.6470588235294117,0.6470588235294118,148013.82636563285
894,2016-03-28,0.003114013113506786,0.008174347677137206,-0.018684390086244007,0.03258664874759787,0.0019500974887967093,3.0695649081252885,2.936105975419201,0.988846055447623,-1.3074487871256868,-6.076930817377091,-3.9268556438529,0.5714285714285714,0.49999999999999994,0.6923076923076923,0.6470588235294117,0.6470588235294117,0.6470588235294118,66919.97832148781
895,2016-03-29,-0.038865137971239805,0.0027205207928486796,-0.049358764088612506,0.03218151824634563,0.0015570576544583492,2.0431925624062375,2.6206171445050552,1.4687330845438051,-1.197144241849979,-5.79388110134188,-3.696276053378744,0.5714285714285714,0.5833333333333333,0.7692307692307692,0.6470588235294117,0.7058823529411764,0.7058823529411765,160920.10376991838
896,2016-03-30,-0.0003801521057091861,0.01863125546126443,-0.006844030678480273,0.05340731216905792,0.022153036456706188,-0.776746570135256,0.21727847950121504,-0.013045391142918472,-2.985626049071066,-7.403587604972128,-5.363784312572317,0.5714285714285714,0.5833333333333333,0.7692307692307692,0.7058823529411764,0.7058823529411764,0.7058823529411765,180044.63422226746
897,2016-03-31,0.011583050193050282,0.015057953667953816,-0.004633166023165991,0.014902769571694563,-0.015209042932581518,0.10479596704182637,1.5885242328125493,2.0316283222726605,-1.1828236978243645,-5.582518400751779,-3.4199305901654875,0.5714285714285714,0.5833333333333333,0.6923076923076923,0.7058823529411764,0.7058823529411764,0.6470588235294118,89095.5250965251
898,2016-04-01,-0.025730994152046827,0.0003898635477583845,-0.0292397660818714,0.020629204176613625,-0.009652526091102342,0.4901137773514641,2.1414638408055575,3.1292090678068485,-0.1272209986325934,-4.274139414116851,-2.00404366107948,0.5714285714285714,0.49999999999999994,0.6153846153846153,0.6470588235294117,0.7058823529411764,0.6470588235294118,104498.0253411306
899,2016-04-04,0.036886907174705996,0.042156424807458404,-0.002026712606404635,-0.008797992588926773,-0.03820663873917174,3.9898083829399855,5.567780398477762,7.058187096677293,3.966066890891118,-0.029032083131397268,2.3213306027690894,0.5714285714285714,0.49999999999999994,0.5384615384615385,0.6470588235294117,0.7058823529411764,0.6470588235294118,131993.32509120388
900,2016-04-05,-0.010386373078520972,0.004154549231408344,-0.01661819692563349,0.005512186895431759,-0.024321071445713827,5.650190423384283,7.920354612900593,9.078527792109181,6.786783916785599,2.753521423255112,5.064606817686235,0.42857142857142855,0.49999999999999994,0.46153846153846145,0.6470588235294117,0.6470588235294117,0.5882352941176471,158141.91649356045
901,2016-04-06,-0.020156273967761207,0.0012341012436898335,-0.03743311548470252,0.04085267716653429,0.00997094946234034,3.7962038893755157,6.358347518376051,7.118372084586877,5.990293427654403,1.9051226500758522,4.195247597354457,0.42857142857142855,0.49999999999999994,0.46153846153846145,0.6470588235294117,0.6470588235294117,0.5882352941176471,220607.81203656158
902,2016-04-07,0.002090259197324418,0.015886245819398015,-0.006270903010033524,0.014043570806906436,-0.016042830622928883,4.407553050646862,7.086125556326284,8.393061536924362,7.961965623636313,3.7270335440156677,5.904845201114517,0.2857142857142857,0.4166666666666666,0.46153846153846145,0.6470588235294117,0.588235294117647,0.5882352941176471,176048.3311036789
903,2016-04-08,0.0,0.012111425111021479,-0.004440855874041194,0.06719861440825836,0.035535171884895966,-0.05767402832242974,2.6472110939453453,4.252455600010818,4.607808880606878,0.3918254634145635,2.393887758378699,0.2857142857142857,0.4166666666666666,0.46153846153846145,0.6470588235294117,0.6470588235294117,0.5882352941176471,195372.43560758984
904,2016-04-11,-0.0039047636116843476,0.011714134646070518,-0.005466692484705438,0.06552584259958016,0.0339120540549851,-3.4975237613723564,-1.1295871052332984,0.6600781225943431,1.515869598246411,-2.521495496452475,-0.7505853066418933,0.42857142857142855,0.49999999999999994,0.5384615384615385,0.6470588235294117,0.7058823529411764,0.6470588235294118,120506.60950770756
905,2016-04-12,-0.01347806115604866,0.007113478364413117,-0.022463422780360287,0.07484209056029867,0.04295187463775396,-6.904848828856858,-5.201366142510522,-3.576328271918383,-2.44885363103553,-6.061690711826262,-4.653544975700774,0.5714285714285714,0.5833333333333333,0.5384615384615385,0.6470588235294117,0.7058823529411764,0.7058823529411765,158565.0860563866
906,2016-04-13,-0.00911960715538418,0.010522588565415658,-0.013328691687127359,0.1000280042204651,0.0673905475994192,-10.858347780533395,-10.437442569365206,-9.386850435471604,-8.235664955696652,-11.35996507409759,-10.201334450641063,0.7142857142857143,0.6666666666666667,0.6153846153846153,0.6470588235294117,0.7647058823529411,0.7647058823529412,254790.30129779023
907,2016-04-14,0.00903084372939067,0.012504306616731187,-0.010420319193458982,0.040698315413489894,0.009821097495318787,-9.38321868188945,-10.526969045925538,-9.642899033108232,-8.949137453735146,-11.697452293737133,-10.453016294958228,0.8571428571428571,0.6666666666666667,0.6923076923076923,0.6470588235294117,0.8235294117647058,0.7647058823529412,177487.70519316758
908,2016-04-15,0.0,0.010722898650985968,-0.01141473538567972,0.03487244508034659,0.004168126859396715,-7.486288723975543,-10.102783453835507,-9.538635429039955,-9.315858544578159,-11.567488220323552,-10.196697845729208,0.8571428571428571,0.6666666666666667,0.6923076923076923,0.6470588235294117,0.8235294117647058,0.7647058823529412,158784.88723625042
909,2016-04-18,-0.03578595317725752,0.0033444816053511683,-0.03879598662207362,0.06586815674322022,0.03424420501029335,-7.692307995318282,-12.083135656330413,-12.118172972117225,-11.887244559914356,-14.012159398837188,-12.442808363039216,1.0,0.6666666666666667,0.6923076923076923,0.7058823529411764,0.8823529411764706,0.7647058823529412,150273.24749163882
910,2016-04-19,-0.01938967003781522,0.0022251113231122055,-0.02638270903950124,0.08434606468017636,0.05217383301904177,-9.231671704663281,-15.271087552570684,-15.864433659467425,-15.745613086820375,-17.688835723685013,-15.956046187929928,1.0,0.6666666666666667,0.6923076923076923,0.7058823529411764,0.8823529411764706,0.823529411764706,160978.02609596396
911,2016-04-20,-0.020596311730596617,0.014140885771315226,-0.023977836580935552,0.06562832599383017,0.034011528965403715,-9.17834307553047,-16.602259271052887,-17.834089106294883,-17.859340600435235,-19.749377278157866,-17.899080334043592,1.0,0.75,0.7692307692307692,0.7647058823529413,0.8823529411764706,0.8823529411764707,221247.08549794302
912,2016-04-21,0.03149606299212593,0.033700787401574894,-0.0069291023622047865,0.005865829346989315,-0.023977908842007345,-4.679413166462321,-13.181100917573286,-15.059615794405767,-15.331831807121976,-17.27061649861865,-15.283193747313462,0.8571428571428571,0.75,0.7692307692307692,0.7058823529411764,0.8235294117647058,0.823529411764706,278417.89763779525
913,2016-04-22,0.003771244500314186,0.015084820867379056,-0.011313670647391638,0.032849046580031294,0.00220472048368503,-3.4030691611310337,-11.767081058154583,-14.303670648704692,-14.960265717096044,-16.852531402544667,-14.905596536032695,0.8571428571428571,0.8333333333333333,0.8461538461538463,0.7647058823529413,0.8235294117647058,0.8823529411764707,155002.1426775613
914,2016-04-25,0.014734740840381733,0.01735425614426145,-0.007203699829610333,-0.010879323070963731,-0.040226247582662356,1.4641210765188983,-6.555805540699112,-9.947921945372284,-10.74936898015445,-12.742836769142386,-11.040395470791498,0.7142857142857143,0.8333333333333333,0.7692307692307692,0.7647058823529413,0.7647058823529411,0.8823529411764707,152988.51692896147
915,2016-04-26,-0.009661803853842299,0.0006441546101176865,-0.024798648141663437,0.04778687831984785,0.016699394962955916,0.7821488357691031,-6.540141774001085,-10.605014058741114,-11.634459664666252,-13.52467287556176,-12.296295273525404,0.7142857142857143,0.8333333333333333,0.7692307692307692,0.7647058823529413,0.7647058823529411,0.8823529411764707,118807.37741733906
916,2016-04-27,-0.0236092820181113,0.0009702781371281333,-0.029107373868046627,0.02626208662581364,-0.0041867311083139125,1.677133333687264,-4.530128457136151,-9.429869934432611,-10.84365646127845,-12.49646048709897,-11.499727416617322,0.5714285714285714,0.8333333333333333,0.6923076923076923,0.7058823529411764,0.7647058823529411,0.8823529411764707,185303.01034928847
917,2016-04-28,0.004824702476680542,0.023158539723383775,-0.004503023480218693,0.03624300748451437,0.00549802075585748,0.9511547854675895,-3.600147916644081,-9.191442207326483,-10.909572407910684,-12.304683315165764,-11.604099842503523,0.5714285714285714,0.8333333333333333,0.6923076923076923,0.7058823529411764,0.7647058823529411,0.8823529411764707,119301.02637504021
918,2016-04-29,-0.002233567326100805,0.01850670070197835,-0.011167836630504246,0.03886391910253284,0.00804115147491169,-0.3965715133551484,-3.0631774828729363,-9.089251009396627,-11.134788380632132,-12.384139411889883,-11.871637753452491,0.5714285714285714,0.8333333333333333,0.7692307692307692,0.7647058823529413,0.8235294117647058,0.8823529411764707,127692.04403318443
919,2016-05-02,0.015720243824189906,0.01604106512672443,-0.012832852101379633,0.024986655772059274,-0.00542440563927471,-0.11915895117509123,-1.5124400043425967,-7.750123142346599,-10.139095884250615,-11.44220405446692,-11.02891673017341,0.5714285714285714,0.75,0.7692307692307692,0.7647058823529413,0.7647058823529411,0.823529411764706,128292.23067051651
920,2016-05-03,0.015556340886033082,0.01690902942171113,-0.01589448765640844,-0.022324041885000256,-0.05133139330065484,4.198272282302229,4.072662039896313,-1.969497907568074,-4.787669392023708,-6.325879693365888,-5.951976808967552,0.42857142857142855,0.6666666666666667,0.7692307692307692,0.7647058823529413,0.7647058823529411,0.7647058823529412,223800.14981400067
921,2016-05-04,0.014115128994394821,0.03691643275122791,-0.003619182179485536,-0.03703622253030714,-0.06560704168768972,10.00982610142862,11.080091230860933,5.527120953950981,2.154751378394626,0.27568762825973536,0.9223951658275054,0.42857142857142855,0.5833333333333333,0.7692307692307692,0.7058823529411764,0.7647058823529411,0.7058823529411765,249810.8078107784
922,2016-05-05,0.0166305495300072,0.026753434562545086,-0.013376681127982626,0.031695890963395756,0.001085779731957448,8.139656872073342,10.636815999152471,5.989396984159279,2.298318248792963,0.0671438972650984,0.9844043831784832,0.42857142857142855,0.5833333333333333,0.7692307692307692,0.7058823529411764,0.7647058823529411,0.7058823529411765,207569.4989154013
923,2016-05-06,-0.023988542785535194,0.01969208736126027,-0.02470461868958118,0.0406367728322341,0.009761493354381034,5.564923924444898,9.063465714405483,5.648466483160619,1.5907030196348648,-0.7604125700478748,0.07364531045437328,0.5714285714285714,0.5833333333333333,0.8461538461538463,0.7058823529411764,0.7647058823529411,0.7647058823529412,132276.12137486573
924,2016-05-09,0.022467631378522368,0.026275742574257466,-0.010281797410510385,-0.031043792392756453,-0.059792383605703714,9.65074169772986,14.584916558567373,12.637359251931946,8.045911043927179,5.487248583029247,6.311605749129767,0.42857142857142855,0.49999999999999994,0.7692307692307692,0.6470588235294117,0.7058823529411764,0.7058823529411765,212066.78370144704
925,2016-05-10,-0.022819322782480778,0.0022083179977916423,-0.02613179977916824,0.06628991351356661,0.034653480306308104,3.785683865301137,9.338025637808322,9.138225278226852,4.594085347259691,2.0093893954418185,2.760392830163294,0.42857142857142855,0.49999999999999994,0.7692307692307692,0.7058823529411764,0.7647058823529411,0.7647058823529412,137547.7670224512
926,2016-05-11,0.005484460694698212,0.018281535648994485,-0.012431444241316258,0.037404363455510126,0.006624898402647572,1.1073407445942651,7.469314512356151,8.531384517895301,4.1277105100939515,1.3493524440455484,2.150954317435705,0.5714285714285714,0.5833333333333333,0.7692307692307692,0.7647058823529413,0.8235294117647058,0.7647058823529412,114562.07129798902
927,2016-05-12,0.023952171555096102,0.033682710841418606,-0.013472979546144459,0.006837792924055286,-0.02303476898912349,1.967498863232997,8.639868213542211,10.771319300373229,6.856826587275955,3.727371150448633,4.687771803026131,0.5714285714285714,0.49999999999999994,0.6923076923076923,0.7647058823529413,0.8235294117647058,0.7647058823529412,166316.37149391358
928,2016-05-13,0.0003759774436089547,0.018796992481203034,-0.006390977443609058,0.025948592647304203,-0.004490954971077654,1.8743281913211618,8.071963976036155,10.87898102079421,7.678569346108777,4.33762764898773,5.263155838127465,0.5714285714285714,0.49999999999999994,0.6153846153846153,0.7647058823529413,0.7647058823529411,0.7647058823529412,187912.53383458644
929,2016-05-16,-0.0014560976139824655,0.022934147176343123,-0.0036402622366313864,0.06428366558524545,0.032706751638375,-1.4509320903054346,3.7183421858042243,7.117720942690342,4.679130029754086,1.1605729000594867,2.114514054407146,0.5714285714285714,0.49999999999999994,0.6153846153846153,0.7647058823529413,0.7647058823529411,0.7647058823529412,139128.96502111267
930,2016-05-17,-0.015188979695831106,0.015189015019039687,-0.02719879997169905,0.06209066270332886,0.030578795537373304,-4.183275295494926,-0.017660271960484586,3.67193261455816,2.1269631321137794,-1.755225822374451,-0.6549920753436411,0.5714285714285714,0.5833333333333333,0.6153846153846153,0.8235294117647061,0.7647058823529411,0.7647058823529412,158497.76928642773
931,2016-05-18,0.012070226773957637,0.032918800292611516,-0.002926115581565414,-0.004734283165327979,-0.03426349663493533,-0.21945881121885336,2.5499004675866965,6.632528533633031,6.08605905563111,1.723446967313902,2.9783674114507885,0.5714285714285714,0.49999999999999994,0.5384615384615385,0.7647058823529413,0.7058823529411764,0.7058823529411765,202266.73957571323
932,2016-05-19,-0.01829491401390415,0.0073180021953895835,-0.031833186974021155,0.030199936062014876,-0.00036571532307627663,-0.0993202195398557,1.5393815212731088,5.765506278954513,6.349636601671826,1.7824421867594031,3.165537601178392,0.42857142857142855,0.4166666666666666,0.46153846153846145,0.7058823529411764,0.7058823529411764,0.7058823529411765,191005.22027076475
933,2016-05-20,0.026453017883755647,0.03614005216095384,-0.0007451564828613311,0.012099605533801627,-0.017929020217820835,1.4530513584851912,2.2407882444950067,6.825274131583181,8.30849012160999,3.6521492739025385,5.175639272084287,0.2857142857142857,0.4166666666666666,0.46153846153846145,0.6470588235294117,0.7058823529411764,0.7058823529411765,138005.70640834575
934,2016-05-23,-0.02040819961379603,0.008163227897468373,-0.024860852509801412,0.0348005524721231,0.0040983091973954,1.1608819081033062,1.12907660627386,5.528758128423705,7.6596880395403355,3.3554206929591324,4.988073769791912,0.42857142857142855,0.49999999999999994,0.46153846153846145,0.6470588235294117,0.7647058823529411,0.7647058823529412,135438.6981283971
935,2016-05-24,-0.005535018450184559,0.008856088560885489,-0.01070114391143917,0.036312940810623084,0.005565880019741121,0.8645230696670447,0.4296258765825067,4.340185678986419,6.841063815232329,2.9116137252572116,4.72640905772439,0.5714285714285714,0.5833333333333333,0.5384615384615385,0.6470588235294117,0.8235294117647058,0.7647058823529412,145006.38007380074
936,2016-05-25,-0.02441613588110403,0.003892462845010547,-0.02689313517338998,0.07469012721045432,0.04280442099985571,-2.8763514306756166,-3.5410969621399446,-0.41283299004648555,2.373369402655867,-1.0961147003275884,0.8270141384447482,0.5714285714285714,0.5833333333333333,0.5384615384615385,0.6470588235294117,0.8235294117647058,0.7647058823529412,180430.70559094124
937,2016-05-26,0.027887058558707878,0.036110155027177404,-0.0017875939144652575,0.02000121437403135,-0.010261861708325104,-2.043003538043786,-2.530771594690162,0.11747351843138798,3.1883654738414036,0.12002684430227895,2.286123463532319,0.42857142857142855,0.49999999999999994,0.5384615384615385,0.5882352941176472,0.8235294117647058,0.7058823529411765,192805.58537027476
938,2016-05-27,0.017818181818181733,0.022181854545454627,-0.007636327272727228,0.01325936466279698,-0.0168037090745925,-0.2857133863017336,-0.5428570400671462,1.2069261604640058,4.437662032115153,1.9350644162479558,4.317921713718409,0.42857142857142855,0.49999999999999994,0.46153846153846145,0.5294117647058825,0.7647058823529411,0.6470588235294118,142424.45454545456
939,2016-05-31,0.00704490200388963,0.03337048696219824,-0.0022246571088119227,0.0107148141191582,-0.019272799471025448,1.4831361085041905,1.3586592365774752,2.4242173432918346,5.753754699069824,4.032706378730544,6.512004572947094,0.42857142857142855,0.4166666666666666,0.3846153846153846,0.4705882352941177,0.7058823529411764,0.6470588235294118,163684.58263572794
940,2016-06-01,-0.012762763241845443,0.0033784160427334786,-0.023648611998821734,0.017966964754459136,-0.012235818170153068,2.632995353682932,2.423858915385413,2.8832473802604452,6.378707237812464,5.4098810356741245,7.823902494952306,0.42857142857142855,0.3333333333333333,0.3846153846153846,0.4705882352941177,0.6470588235294117,0.6470588235294118,208902.91174564234
941,2016-06-02,-0.019431988041853643,0.0022421524663676085,-0.020179409566517204,0.03521919373755833,0.00450459616431953,2.071318097462238,1.9752272033559448,1.9218428231277285,5.226348255534652,5.12313775993567,7.153531414768777,0.42857142857142855,0.4166666666666666,0.46153846153846145,0.4705882352941177,0.6470588235294117,0.7058823529411765,83765.81614349775
942,2016-06-03,-0.013664114119529502,0.0014383675454285871,-0.025889932610209776,0.07101425554300933,0.039237635003258164,-1.4177846496315483,-1.5641848551815274,-1.8955143295857457,0.9028107967019583,1.4742905308090526,3.0071410026656142,0.42857142857142855,0.49999999999999994,0.5384615384615385,0.5294117647058825,0.6470588235294117,0.7647058823529412,151498.4660733357
943,2016-06-06,-0.022275496915695747,0.00274160383824551,-0.023646333104866413,0.08134605423198749,0.04926290961540469,-5.595814281839406,-5.767163448498003,-6.253471246774966,-4.063452448560967,-2.8925594969006485,-1.8026088639497395,0.42857142857142855,0.49999999999999994,0.5384615384615385,0.5294117647058825,0.6470588235294117,0.7647058823529412,192130.59698423577
944,2016-06-07,0.0034770862308761696,0.01425591098748269,-0.00486783727399176,0.01574331502452475,-0.014393464207409501,-3.8247573931298517,-4.279256543103582,-4.747002725237337,-2.930657461162689,-1.0737464138582786,-0.4818199828100833,0.42857142857142855,0.4166666666666666,0.46153846153846145,0.5294117647058825,0.588235294117647,0.7647058823529412,155767.4283727399
945,2016-06-08,-0.001686340640809303,0.009106239460371146,-0.009106273187183711,0.0624688694829556,0.03094568687806154,-5.675736127887965,-6.595994675936645,-7.0617458618838835,-6.017820644394489,-3.6513223266489425,-3.6434527671808214,0.5714285714285714,0.49999999999999994,0.5384615384615385,0.5294117647058825,0.588235294117647,0.7647058823529412,164025.98145025296
946,2016-06-09,0.020729056468906437,0.02716225875625433,-0.005718370264474637,-0.027469029511414056,-0.05632375924443178,0.4697265077906021,-0.8551986416000412,-1.3768294259992153,-0.8373281081093475,2.3009681363371115,1.6430151469395637,0.5714285714285714,0.49999999999999994,0.46153846153846145,0.4705882352941177,0.5294117647058822,0.7058823529411765,291425.0185847033
947,2016-06-10,0.01122338196782624,0.024691320613542844,-0.0041151889263001395,-0.015463847467835912,-0.04467469993654838,5.216180172441365,3.751800452647469,3.1247190414447346,3.206667646699679,7.086738043840524,5.859652406268379,0.5714285714285714,0.49999999999999994,0.3846153846153846,0.4705882352941177,0.5294117647058822,0.6470588235294118,236497.3164983165
948,2016-06-13,-0.010800782122905028,0.010428268156424503,-0.011918026070763643,0.03520347242329769,0.004489351669607844,4.7938240399829635,3.261501295225888,2.6868811798170356,2.3836092440796763,6.4609343929677765,4.857671332784519,0.5714285714285714,0.49999999999999994,0.46153846153846145,0.5294117647058825,0.5294117647058822,0.6470588235294118,163447.7895716946
949,2016-06-14,0.009538344507376673,0.01755059204695142,-0.011827509035769235,0.006011851825694636,-0.02383614864411021,6.480622048494289,5.5404131786982225,5.12345204745337,4.690139090860979,8.826146371709376,6.946093521601782,0.42857142857142855,0.4166666666666666,0.46153846153846145,0.5294117647058825,0.5294117647058822,0.5882352941176471,256351.5469802574
950,2016-06-15,-0.013744465081723667,0.019316530460623982,-0.013744465081723667,0.05849406492311893,0.027088876304745213,2.472935543485799,2.4012947532829454,2.253591583813064,1.8308226703115826,5.7799130011676025,3.6871162421828085,0.42857142857142855,0.4166666666666666,0.46153846153846145,0.5294117647058825,0.5294117647058822,0.5882352941176471,180002.7147102526
951,2016-06-16,-0.020468960905509426,0.00148861177935955,-0.03944927281543453,0.02866278589895166,-0.0018572971045996978,1.6587750291643832,2.2994254560171123,2.1886636047720565,1.8794145764702064,5.708254902914933,3.449407457769893,0.42857142857142855,0.4166666666666666,0.3846153846153846,0.4705882352941177,0.5294117647058822,0.5294117647058824,200579.56566503292
952,2016-06-17,-0.020209275359410972,0.005413280599541048,-0.02201367816722033,0.06279430840834488,0.031261533821272725,-2.4230506985618794,-0.7475348771949886,-0.8454873262184637,-1.0220610036086097,2.181613289082951,-0.03505268582152388,0.42857142857142855,0.49999999999999994,0.46153846153846145,0.5294117647058825,0.5294117647058822,0.5294117647058824,259739.17537857
953,2016-06-20,-0.0028198800556967774,0.013041910009097268,-0.005992245118355721,0.055123369468115246,0.023818154012451576,-4.496700345411664,-2.704063501014753,-2.9776588584150443,-3.173623633266731,-0.5446726973534988,-2.659750666609506,0.5714285714285714,0.5833333333333333,0.5384615384615385,0.5294117647058825,0.5294117647058822,0.5294117647058824,196266.17672657114
954,2016-06-21,-0.0003532862315648311,0.007067173394599724,-0.01413424078212866,0.028034016375383608,-0.0024673907053588406,-3.467944813684487,-2.0444218592672425,-2.4920077487728842,-2.8142352227811585,-0.5889279577471651,-2.7087327100567937,0.5714285714285714,0.5833333333333333,0.5384615384615385,0.4705882352941177,0.5294117647058822,0.5294117647058824,151946.0018355831
955,2016-06-22,0.017825312578442443,0.018894866983774072,-0.0007129412018874737,0.021472816003642814,-0.008833973990424293,-1.9964303984916332,-0.8428778352255639,-1.4362062882727566,-1.77870638874984,-0.022912906998451277,-1.9964296636774126,0.42857142857142855,0.49999999999999994,0.46153846153846145,0.4705882352941177,0.5294117647058822,0.47058823529411764,201521.28882432403
956,2016-06-23,-0.04591840136054415,0.0017007142857143887,-0.04591840136054415,0.08017690211436901,0.04812842083574553,-4.9465526212347015,-5.009720523178107,-5.589571825391926,-5.948738796257381,-4.706027264864099,-6.324588826872224,0.5714285714285714,0.49999999999999994,0.46153846153846145,0.5294117647058825,0.588235294117647,0.5294117647058824,142124.85034013606
957,2016-06-24,-0.01689313257436653,0.017260411311053936,-0.01799485861182526,-0.045489522608753274,-0.07380956453850906,2.7910408182312274,2.0486872517695653,1.754019265269502,1.514875337716548,2.554083102176641,1.09543291415779,0.42857142857142855,0.4166666666666666,0.3846153846153846,0.4705882352941177,0.5294117647058822,0.47058823529411764,448515.3422695556
958,2016-06-27,0.003429878048780477,0.009146341463414753,-0.01867378048780477,-0.006891732350963631,-0.036356921597508585,6.326216428010256,5.212867706045632,5.2791060781016474,5.06315141990803,5.998655264009889,4.7256080106165665,0.42857142857142855,0.4166666666666666,0.3846153846153846,0.411764705882353,0.4705882352941176,0.47058823529411764,308447.93292682926
959,2016-06-28,-0.0010977314306622743,0.009879253567508295,-0.01609956092206366,0.07338665626035379,0.04153967084694399,1.8869845127374107,0.4103237542767202,1.0506450070886908,0.8716167811221309,1.4435506068809723,0.6607025872854777,0.42857142857142855,0.4166666666666666,0.46153846153846145,0.4705882352941177,0.5294117647058822,0.47058823529411764,212157.7998536407
960,2016-06-29,0.004322730547550391,0.012247838616714635,-0.0010806916426513435,0.046791544322590806,0.015733548413298104,-0.005143868605939073,-1.201623404719887,-0.37909765364865233,-0.635547400086256,-0.4348472929984415,-0.8377910390011567,0.42857142857142855,0.49999999999999994,0.5384615384615385,0.5294117647058825,0.5294117647058822,0.47058823529411764,178727.38616714696
961,2016-06-30,-0.005952381160797771,0.00035017508228896155,-0.01750700341411071,0.06027649829121362,0.028818509280148286,-2.676073824912606,-3.511407857308202,-2.849476764797332,-3.203785539906767,-3.4413801468089145,-3.4944015351017432,0.5714285714285714,0.5833333333333333,0.6153846153846153,0.5882352941176472,0.5294117647058822,0.5294117647058824,258178.28074857424
962,2016-07-01,-0.012928056850871505,0.002795247980599269,-0.020265547859344868,0.032741960481202925,0.002100846779817367,-2.5955901301150774,-3.271941547558188,-2.7436732639651407,-3.1983173417907795,-3.7228418923707096,-3.5070421850533773,0.7142857142857143,0.5833333333333333,0.6153846153846153,0.5882352941176472,0.588235294117647,0.5882352941176471,163304.37514656273
963,2016-07-05,0.02589004048507859,0.028407084804282112,-0.003236246071062432,0.0014095352843834785,-0.028301937408841127,-0.5753305228500372,-0.043662536555777454,0.08904049544800063,-0.28766579082188937,-0.9032369170688948,-0.5722496448038017,0.5714285714285714,0.5833333333333333,0.5384615384615385,0.5294117647058825,0.588235294117647,0.5882352941176471,236155.06746336093
964,2016-07-06,-0.03675183759187961,0.0021000700035003206,-0.039201925096254864,0.058740807724738886,0.02732833483157937,-2.5501281416348776,-2.2901165736557094,-2.675136322677163,-2.901397859836252,-3.4635087244015983,-3.1071578450562076,0.7142857142857143,0.5833333333333333,0.5384615384615385,0.5294117647058825,0.588235294117647,0.5882352941176471,164930.74658732937
965,2016-07-07,0.03923685963870205,0.04787616818300333,-0.00971925810945784,0.002080019369217645,-0.02765134744407205,1.013058181016735,0.7225079641817178,-0.07542847894552729,-0.1645645058255818,-0.73109027470315,-0.4062591489131351,0.7142857142857143,0.5833333333333333,0.5384615384615385,0.5294117647058825,0.5294117647058822,0.5294117647058824,217500.79202657338
966,2016-07-08,-0.021813190184049036,0.0006816973415133543,-0.023517382413087984,0.08844938550836856,0.05615545579875314,-3.3791013903584965,-4.236050546418502,-5.43869958360037,-5.248808343431522,-5.759244049066714,-5.506866287402867,0.7142857142857143,0.5833333333333333,0.5384615384615385,0.5882352941176472,0.588235294117647,0.5882352941176471,180994.22835719155
967,2016-07-11,-0.011725293132328396,0.012060268006700126,-0.011725293132328396,0.048490784450948565,0.017382431692142708,-4.0296723864989055,-5.518068271161636,-6.756004140990457,-6.523094265496043,-7.155622091182046,-6.880117554515652,0.7142857142857143,0.5833333333333333,0.6153846153846153,0.6470588235294117,0.6470588235294117,0.5882352941176471,138528.3132328308
968,2016-07-12,-0.012321692607003887,0.0042152723735409126,-0.012321692607003887,0.06475678852366196,0.03316582748019181,-6.054289574222816,-7.96275841447287,-9.1146332448384,-9.03743028592502,-9.8665949578421,-9.498798128173014,0.7142857142857143,0.6666666666666667,0.6923076923076923,0.7058823529411764,0.7058823529411764,0.5882352941176471,149895.23865110247
969,2016-07-13,0.02167583306373344,0.02361692009058558,-0.010352636687156247,0.032916036591225994,0.0022697419293868926,-5.208667648454258,-7.510280882096076,-8.694980786808493,-8.763921683014875,-9.747961546023154,-9.337707668721896,0.7142857142857143,0.75,0.6923076923076923,0.7058823529411764,0.7058823529411764,0.6470588235294118,179238.72824328695
970,2016-07-14,0.010339224221672882,0.013893311344319592,-0.00452348935303748,0.03191057486586013,0.0012941391815599612,-3.881839240717233,-7.272100705884476,-8.083702437053786,-8.51950550388204,-9.529968090490337,-9.09947359239035,0.8571428571428571,0.75,0.7692307692307692,0.7058823529411764,0.7058823529411764,0.7058823529411765,78503.03623573389
971,2016-07-15,0.014426262295081926,0.01836062295081975,-0.007213081967213153,0.015592677410305233,-0.014539591049132272,-1.5597198862212336,-5.13817472300363,-6.168620752992826,-7.015225510583479,-7.958629269789263,-7.54848108612971,0.7142857142857143,0.75,0.6923076923076923,0.6470588235294117,0.6470588235294117,0.6470588235294118,100028.5081967213
972,2016-07-18,-0.00132234710743806,0.0006611570247934129,-0.010909090909090868,0.022129492081723434,-0.008196802738401399,0.4203128303975623,-3.407313880106455,-4.861073436176633,-6.0708337448137755,-7.045253436760712,-6.569063106578776,0.7142857142857143,0.75,0.6923076923076923,0.6470588235294117,0.6470588235294117,0.5882352941176471,129341.14876033057
973,2016-07-19,0.02123958987603025,0.026810620710676192,-0.006963753724364752,-0.02154815412429556,-0.05057846708819369,5.461600710113834,2.084163600716682,0.3747187236556204,-1.1826001683278964,-1.978876601724755,-1.4703544416041159,0.5714285714285714,0.6666666666666667,0.6153846153846153,0.5882352941176472,0.6470588235294117,0.5882352941176471,203975.33022201707
974,2016-07-20,-0.005649717514124353,0.007768396892655405,-0.017302259887005733,0.016223440262980837,-0.01392764367101107,6.179385444777674,3.6672800516074577,1.7840400877104257,0.2560099170365371,-0.511158507276599,0.05751257766295481,0.42857142857142855,0.5833333333333333,0.5384615384615385,0.5882352941176472,0.6470588235294117,0.5882352941176471,207234.16949152542
975,2016-07-21,-0.0037969625059358636,0.014497756800060602,-0.006558439991661835,0.05423069122928448,0.022951989415625373,2.8748995366626895,1.442384889704229,-0.3895598438208081,-1.717288200253364,-2.5683334322966545,-1.9576849449820632,0.42857142857142855,0.5833333333333333,0.6153846153846153,0.6470588235294117,0.7058823529411764,0.6470588235294118,166512.64054241078
976,2016-07-22,0.006655026502802919,0.008756567732279175,-0.009106760389028357,0.01563584782722227,-0.014497730880894677,3.2074069937213068,2.917190914978507,1.1592060753828237,-0.058791228426535724,-1.0015821259270807,-0.3362495282216438,0.2857142857142857,0.49999999999999994,0.6153846153846153,0.5882352941176472,0.6470588235294117,0.5882352941176471,106272.20862603183
977,2016-07-25,0.015210505836575905,0.015210505836575905,-0.008843296781040011,0.02046967595124416,-0.009807265874042903,2.8753270254748164,4.05275075320799,1.9707862103138352,1.1913123504442291,0.07747761832339606,0.6973509035683279,0.14285714285714285,0.49999999999999994,0.5384615384615385,0.5882352941176472,0.588235294117647,0.5294117647058824,80727.6876547577
978,2016-07-26,-0.02749487533926942,0.0023761711600871482,-0.02749487533926942,0.07395797638021473,0.0420939775234368,-1.7844997771381155,0.06546902119828335,-1.7877294712401959,-2.5882504584798127,-3.8680331131267898,-3.3430272465210242,0.2857142857142857,0.49999999999999994,0.6153846153846153,0.5882352941176472,0.588235294117647,0.5294117647058824,151163.29569464683
979,2016-07-27,0.0020167731092437524,0.014789949579831818,-0.01243700840336126,0.040721781659718514,0.009843898729199996,-2.9819941416813656,-0.43697449764869,-2.1832722279182093,-3.1920763122365248,-4.662664867743771,-4.190155683126262,0.42857142857142855,0.5833333333333333,0.6923076923076923,0.6470588235294117,0.6470588235294117,0.5882352941176471,123232.61344537816
980,2016-07-28,0.006427638918391043,0.008457375116961208,-0.006765832434568075,0.023995016926922297,-0.006386562912458094,-1.9524461578358188,0.25613860149580336,-1.1953073309598494,-2.3463159675050194,-3.8839477444985615,-3.583025898479064,0.42857142857142855,0.49999999999999994,0.6153846153846153,0.5882352941176472,0.588235294117647,0.5882352941176471,84873.83372377651
981,2016-07-29,-0.014819837830251315,0.003368137306563268,-0.02088248498206513,0.03510923766455942,0.004397906715637889,-1.722567777335382,-0.22134070760149172,-1.3183902223094401,-2.6151233972560584,-4.086679006712101,-3.8406441914901723,0.5714285714285714,0.49999999999999994,0.6153846153846153,0.5882352941176472,0.6470588235294117,0.6470588235294118,130167.40248674966
982,2016-08-01,0.022579507355456663,0.023947998631542955,-0.00136842285323302,0.014609650024233645,-0.015493502419668737,-0.048871939878303294,0.9554771490186242,0.34374523577704874,-0.9689147918508945,-2.3662889521671504,-2.0829855411235165,0.42857142857142855,0.4166666666666666,0.5384615384615385,0.5882352941176472,0.6470588235294117,0.6470588235294118,104473.85460143688
983,2016-08-02,0.00684700468493693,0.008901061585109948,-0.015063300755333797,0.029871710276381913,-0.0006842424158020055,0.34235142984115896,0.6088934367044052,0.508635008384295,-0.759276920990426,-2.099734888999938,-1.7851001330440597,0.42857142857142855,0.3333333333333333,0.46153846153846145,0.5882352941176472,0.588235294117647,0.5882352941176471,91337.58580412823
984,2016-08-03,-0.02208835415289001,0.0016733936303008345,-0.030455154968378695,0.05421557820198242,0.02293733965373468,-1.1378823673309668,-1.902847007175501,-1.4151807774364644,-2.9271810193825853,-4.130008595745338,-3.6364469332238802,0.5714285714285714,0.3333333333333333,0.5384615384615385,0.5882352941176472,0.6470588235294117,0.5882352941176471,126762.7257953054
985,2016-08-04,-0.018524644392987066,0.00496192523982808,-0.02348660271253722,0.04264860475992016,0.01171350002995486,-1.918619555019463,-3.1024016139202137,-2.2950972680670367,-3.696653215383505,-5.157281012213277,-4.439293285940993,0.5714285714285714,0.4166666666666666,0.5384615384615385,0.6470588235294117,0.6470588235294117,0.5882352941176471,162962.94310287794
986,2016-08-05,-0.01611863313990969,0.0019342359767891004,-0.025145067698259194,0.057508988826405094,0.026133085767592545,-3.831634272172968,-5.392839525185522,-4.28602591726559,-5.59892629688844,-7.399224481992361,-6.490747570963529,0.5714285714285714,0.49999999999999994,0.6153846153846153,0.7058823529411764,0.7058823529411764,0.6470588235294118,146330.39909735654
987,2016-08-08,-0.00349425031766204,0.009847554002541337,-0.003811912325285882,0.04585940672794586,0.014829077070934504,-4.365582405543655,-6.149028332381123,-5.360923143485041,-6.507531222724683,-8.613933024954079,-7.514973694052207,0.7142857142857143,0.5833333333333333,0.6153846153846153,0.7058823529411764,0.7058823529411764,0.6470588235294118,86552.36721728081
988,2016-08-09,0.0035211267605634866,0.009603104993598066,-0.004161299615876968,0.02271989934655272,-0.007623846501921494,-2.922081263822407,-4.760383339906015,-4.421989083086341,-5.391441419236475,-7.663406613562518,-6.5419811619523145,0.5714285714285714,0.5833333333333333,0.5384615384615385,0.6470588235294117,0.6470588235294117,0.6470588235294118,80629.60179257362
989,2016-08-10,0.026213559870550185,0.026213559870550185,-0.0006472815533979936,0.019360593696722717,-0.010883538217115296,-1.0818289411746007,-3.2662941857709127,-3.3610700984696984,-4.079978257542849,-6.3260871372302185,-5.273228429465293,0.5714285714285714,0.49999999999999994,0.46153846153846145,0.5882352941176472,0.6470588235294117,0.6470588235294118,86102.55987055016
990,2016-08-11,-0.011727385474719076,0.005388272753986456,-0.01838351880771849,0.052255686066393414,0.02103564241929301,-2.060223729956223,-4.580032948034929,-5.255453944870481,-5.724474566086057,-7.901291336231497,-6.907856684102276,0.7142857142857143,0.5833333333333333,0.46153846153846145,0.5882352941176472,0.7058823529411764,0.6470588235294118,84601.22138200385
991,2016-08-12,0.011301291937400482,0.014207330132622875,-0.004843364702724062,0.011631211446870626,-0.018383531518764484,0.2767654422883403,-2.1703034604213522,-3.4780207060750246,-3.5944920017507376,-5.810538255173459,-5.019603684025952,0.5714285714285714,0.5833333333333333,0.3846153846153846,0.5882352941176472,0.6470588235294117,0.6470588235294118,88294.12716484105
992,2016-08-15,-0.00608977544584044,0.004807660102318589,-0.008333333066239401,0.03823054241221535,0.00742650941911327,-0.018311615363963973,-2.4931290743090417,-4.082720596605882,-4.004117636108518,-6.178262863035644,-5.3562235603521025,0.5714285714285714,0.5833333333333333,0.46153846153846145,0.5882352941176472,0.7058823529411764,0.6470588235294118,76777.84369298579
993,2016-08-16,0.015873015873015817,0.01841276190476182,-0.0009524126984126191,0.04048631339348674,0.009615414788217258,-0.7528347816755598,-3.024943442711492,-4.807256688371941,-4.496598476984969,-6.721843893525403,-5.780498199563477,0.5714285714285714,0.5833333333333333,0.5384615384615385,0.6470588235294117,0.7647058823529411,0.7058823529411765,100478.36507936507
994,2016-08-17,-0.00846132873707306,0.0006267627702913892,-0.02068317141961773,0.04399074705537198,0.013015924375940902,-1.8355239231270248,-3.7449121583770673,-5.554317015794474,-5.43605232202199,-7.606964136009131,-6.5810131528585725,0.5714285714285714,0.6666666666666667,0.6153846153846153,0.6470588235294117,0.7647058823529411,0.7058823529411765,112499.78345346286
995,2016-08-18,-0.0009227315240070144,0.00461402673725142,-0.009227899675662843,0.049954588088676255,0.018802779114667656,-3.0891549499581505,-4.901784097287076,-6.683653230252029,-6.889084307185223,-9.00894447828351,-7.887677610643252,0.7142857142857143,0.6666666666666667,0.6923076923076923,0.6470588235294117,0.7647058823529411,0.7058823529411765,80798.75889263357
996,2016-08-19,-0.003443988621039784,0.003130870283942544,-0.01001878490861663,0.012507799463992164,-0.01753296364225354,-0.8945391246385936,-2.5986277425567916,-4.5755483405036435,-5.1044419189058665,-7.113789142006944,-5.941501862874333,0.7142857142857143,0.6666666666666667,0.6153846153846153,0.5882352941176472,0.7058823529411764,0.7058823529411765,151207.51123329645
997,2016-08-22,-0.011690331753554495,0.0012638546603476186,-0.01674562401263824,0.021219686714967656,-0.009079562596604585,0.05867659555733873,-1.1554966995606986,-3.2347862901194735,-4.151434375313768,-5.991876049256229,-4.806139419258415,0.5714285714285714,0.6666666666666667,0.6153846153846153,0.5294117647058825,0.6470588235294117,0.7058823529411765,79408.16271721959
998,2016-08-23,-0.004588498151988474,0.015601162912241229,-0.0058121445644584435,0.06444097879730548,0.03285938193716231,-2.372939885440639,-3.6861420073256324,-5.669419522510388,-7.010662789071009,-8.743025215958244,-7.408118798552077,0.7142857142857143,0.6666666666666667,0.6923076923076923,0.5294117647058825,0.7058823529411764,0.7058823529411765,119836.87457442259
999,2016-08-24,0.01813636647904948,0.02564099437148215,-0.000625422138836762,0.008193606463636982,-0.021719226718656448,0.14295169297422472,-1.1569678616243029,-3.199911783915166,-4.780885489974784,-6.363346794364166,-5.047792648840255,0.5714285714285714,0.5833333333333333,0.6153846153846153,0.5294117647058825,0.6470588235294117,0.7058823529411765,77212.8836772983
1000,2016-08-25,-0.010819104223746767,0.00030921176563891706,-0.015455889672697953,0.04250037430116227,0.01156972465291517,-0.6270649995006705,-1.9938125516289706,-3.924334313888589,-5.638105120468795,-6.984611965380805,-5.7301779435252715,0.5714285714285714,0.5833333333333333,0.6153846153846153,0.5882352941176472,0.7058823529411764,0.7647058823529412,90283.39507167821
1001,2016-08-26,0.018074104082268505,0.04767837332502323,-0.0037395138672484673,0.022294103150207745,-0.008037066619297262,0.2582034929753618,-1.0639696201541704,-2.770479457326569,-4.498506558106019,-5.877810938153982,-4.7215394975749785,0.42857142857142855,0.49999999999999994,0.6153846153846153,0.5882352941176472,0.6470588235294117,0.7058823529411765,202594.82424431285
1002,2016-08-29,-0.013660323305194844,0.004657001075970113,-0.018006830736008506,0.03443071094809591,0.003739494434097823,-0.24836962865951717,-1.2174561015123708,-2.760159385961014,-4.422981992082075,-5.899526538729627,-4.867165026727516,0.42857142857142855,0.5833333333333333,0.6153846153846153,0.6470588235294117,0.6470588235294117,0.7058823529411765,108384.59790082576
1003,2016-08-30,0.014925341378215329,0.02254687202286454,-0.0025404890441409478,0.0075401050714909434,-0.02235328029173811,1.8282418870859019,1.1749745245117182,-0.1950749611628111,-1.9518680997739901,-3.5264414883380946,-2.6330367312223824,0.42857142857142855,0.5833333333333333,0.6153846153846153,0.5882352941176472,0.588235294117647,0.6470588235294118,144543.2997777072
1004,2016-08-31,0.018999999999999906,0.01966666666666672,-0.004666633333333281,-0.01818652374604257,-0.03876962146050522,5.2836104029541975,4.953444152815845,3.9970134264727175,2.2055798951585492,0.49437894464234855,1.233605958104067,0.42857142857142855,0.49999999999999994,0.6153846153846153,0.5882352941176472,0.5294117647058822,0.5882352941176471,135105.66666666666
1005,2016-09-01,-0.009923916639100305,0.003307972213033361,-0.01620906384386378,0.029244117740488074,0.007666660004782333,3.4574234071927057,4.045140781339129,3.3027541826985196,1.689221175335387,-0.0601372097714159,0.42134743831347965,0.42857142857142855,0.5833333333333333,0.6153846153846153,0.6470588235294117,0.5294117647058822,0.6470588235294118,142916.63149189547
1006,2016-09-02,0.007184813612514329,0.01045068548495487,-0.0078380794305003,0.03459066955347412,0.0129010951962929,1.6378705621185707,2.6493575444340056,2.08946383635209,0.5598805635530724,-1.1538915514991754,-0.8211944562505513,0.5714285714285714,0.5833333333333333,0.6153846153846153,0.6470588235294117,0.588235294117647,0.6470588235294118,125374.56742731655
1007,2016-09-06,-0.01898734177215189,0.004746835443038,-0.026898734177215222,0.054103848109506414,0.032005261445941624,-1.723212348919434,-0.4481598397589215,-0.9476389228494253,-2.3197681342052356,-3.912940038653956,-3.750614954730269,0.5714285714285714,0.5833333333333333,0.6153846153846153,0.6470588235294117,0.6470588235294117,0.7058823529411765,108654.06329113923
1008,2016-09-07,0.002899420009683684,0.008054123451864514,-0.007409858008702974,0.0033122880183669157,-0.017721519887481607,-0.30210243072237297,1.2129684282470965,0.8148290362797184,-0.3569664908337433,-2.0289990949138526,-1.7771013881785591,0.5714285714285714,0.49999999999999994,0.5384615384615385,0.6470588235294117,0.6470588235294117,0.6470588235294118,78777.99230737782
1009,2016-09-08,-0.00832536023054753,0.009606179955171212,-0.009606147934678178,0.027665458334352078,0.006121042669439802,-1.2259216849061727,0.3705652194753606,0.24232133327384275,-0.7568726140944615,-2.49959015678618,-2.0854049667488828,0.5714285714285714,0.49999999999999994,0.6153846153846153,0.6470588235294117,0.7058823529411764,0.6470588235294118,70069.4450848543
1010,2016-09-09,0.020819746258946115,0.021470396877033116,-0.0039036759921925457,0.005387325794323772,-0.015690027509477344,0.13012743154212636,1.757639540853284,1.8579732186798648,1.0307062298969605,-0.9319270848033523,-0.3361781800537367,0.5714285714285714,0.49999999999999994,0.6153846153846153,0.6470588235294117,0.6470588235294117,0.5882352941176471,137695.8119713728
1011,2016-09-12,-0.03417153449387489,0.0051579626047710825,-0.03868471953578334,0.03071702883422578,0.009108720842952556,-0.30395393993488673,0.7588586855985291,0.9002564189140694,0.3570467086347673,-1.7966262868333915,-0.9849086261308759,0.7142857142857143,0.5833333333333333,0.6153846153846153,0.7058823529411764,0.7058823529411764,0.5882352941176471,150302.0303030303
1012,2016-09-13,0.02519577714689225,0.026217159475071306,-0.0023834524214009223,-0.03291719907805446,-0.05319152789396642,4.878643341354061,5.6827324444843175,6.354046595497986,5.965378356745488,3.614644255742294,4.709203498737269,0.5714285714285714,0.49999999999999994,0.6153846153846153,0.6470588235294117,0.7058823529411764,0.5294117647058824,137530.49003978583
1013,2016-09-14,-0.009339526350900629,0.010006704469646355,-0.012675116744496284,0.04262753824857213,0.020769502247248273,2.4397220143854925,3.1236571622633047,4.04035539380978,3.8115500067906094,1.4866471895004674,2.6532162769494327,0.5714285714285714,0.5833333333333333,0.6153846153846153,0.6470588235294117,0.7058823529411764,0.5882352941176471,135152.43562374916
1014,2016-09-15,-0.017004610856769076,0.006867266187050358,-0.022890810987573507,0.04185518635375485,0.02001336354736094,-0.04671799054426495,0.7540535997183184,1.8993655190964853,1.7555214936014751,-0.45795445267905466,0.7413533568380037,0.5714285714285714,0.5833333333333333,0.6153846153846153,0.6470588235294117,0.7058823529411764,0.6470588235294118,95447.0052321779
1015,2016-09-16,-0.000333667011467087,0.011344678389879181,-0.007340640885573624,0.0010384145581787685,-0.019947753608932306,1.4776723978639383,2.3675155460874286,3.7102383486723456,3.680043628990326,1.6876942595534405,2.855963160995989,0.5714285714285714,0.5833333333333333,0.5384615384615385,0.5882352941176472,0.7058823529411764,0.6470588235294118,90359.36337538749
1016,2016-09-19,0.008855362413906276,0.01672679567071178,-0.0022958346999014667,0.039135570077476034,0.017350735281287166,-0.5997284437095463,0.28580860241429473,1.6711435992080803,1.8564853106668888,0.14254736727798978,1.201477221196079,0.5714285714285714,0.5833333333333333,0.5384615384615385,0.6470588235294117,0.7058823529411764,0.7058823529411765,90490.96457855035
1017,2016-09-20,0.0,0.006437077566784577,-0.007402639201802397,0.040843265955119,0.019022608308334465,-2.303552147627985,-1.6184627269752894,-0.3166155867644571,0.006202494700002781,-1.5461971905580962,-0.49459820805716204,0.7142857142857143,0.6666666666666667,0.6153846153846153,0.7058823529411764,0.7647058823529411,0.7058823529411765,94681.97392983585
1018,2016-09-21,-0.022995618396519646,0.003418303293971414,-0.023617153511497735,0.05790410852084227,0.03572582938958879,-5.1584861715783354,-4.52810287393709,-3.6349743204070695,-3.342309785776232,-4.654854142636655,-3.640134166891096,0.7142857142857143,0.75,0.6923076923076923,0.7058823529411764,0.8235294117647058,0.7647058823529412,97447.72591671845
1019,2016-09-22,0.02279735128765714,0.029266821604029936,-0.0009241836390692093,0.030300615130114394,0.008700993706881821,-4.616668254617807,-4.8609241363248294,-4.457313029765175,-3.9818368506395085,-5.151519871539811,-4.220850223435846,0.8571428571428571,0.75,0.6923076923076923,0.7647058823529413,0.8235294117647058,0.823529411764706,140541.21012144824
1020,2016-09-23,0.00030725260272745913,0.013214504818239048,-0.0030732021182173774,0.023930713814048765,0.002464671008774788,-3.727286576549871,-4.673374508929184,-4.568651626057097,-4.04038775910005,-5.140184676577009,-4.229904935611084,0.8571428571428571,0.75,0.7692307692307692,0.7647058823529413,0.8235294117647058,0.823529411764706,105137.28810269551
1021,2016-09-26,-0.0033711614045000005,0.007968065952557168,-0.0033711614045000005,0.024238318119748303,0.0027657572688351006,-3.0953107179432227,-4.710826270909408,-4.749023026364252,-4.15071929748586,-5.1723697223349685,-4.328925421329299,0.8571428571428571,0.75,0.7692307692307692,0.7647058823529413,0.8235294117647058,0.823529411764706,96768.84073644374
1022,2016-09-27,-0.012568976473604332,0.0024525445264422796,-0.017167321188452545,0.02110024525188381,-0.0003065179003072238,-1.9050486376875897,-4.335634890664409,-4.600794555873666,-4.0125312800571855,-4.900758647905301,-4.175223519722248,0.8571428571428571,0.75,0.7692307692307692,0.7058823529411764,0.7647058823529411,0.823529411764706,132969.57427868102
1023,2016-09-28,-0.03372425417737557,0.0014663930478824305,-0.03782982626567899,0.06775577762372031,0.045370949651397874,-4.650185163155108,-7.886464673212701,-8.43736476765784,-7.981754900326809,-8.701883581064006,-8.071283149468423,0.8571428571428571,0.75,0.7692307692307692,0.7058823529411764,0.8235294117647058,0.823529411764706,122925.69342678554
1024,2016-09-29,-0.0026163079874239603,0.017441801311523175,-0.006104738017166378,0.030399447801779278,0.008797693750504987,-4.098837431870894,-7.929817071366707,-8.794296175854189,-8.499359548830554,-9.12226769024328,-8.559472860808793,0.8571428571428571,0.8333333333333333,0.8461538461538463,0.7647058823529413,0.8823529411764706,0.8823529411764707,130786.78309373354
1025,2016-09-30,0.004328917499052398,0.006926319946532811,-0.00519483375498786,0.02883642763665284,0.007267444752006469,-3.77241895869761,-7.8458053168640856,-8.81330283520806,-8.821316399150003,-9.386298362589883,-8.940467829948972,0.8571428571428571,0.8333333333333333,0.9230769230769231,0.8235294117647061,0.8823529411764706,0.9411764705882352,83340.98653148707
1026,2016-10-03,-0.0014346916174858837,0.0031564133805690453,-0.008321291725755575,0.027308848027378207,0.005771943200341134,-3.3449430845820083,-7.2514809687828645,-8.70533020444908,-9.093429880252868,-9.548612066992446,-9.122367762380346,0.8571428571428571,0.9166666666666665,0.9230769230769231,0.8235294117647061,0.9411764705882353,0.9411764705882352,68085.08712115277
1027,2016-10-04,0.029437112298002166,0.029437112298002166,-0.0040405192473004226,0.0155516559807094,-0.005738819062674261,-1.917132761848328,-5.753453745588066,-7.624544932404276,-8.264212084936029,-8.704344081658588,-8.29047434543304,0.7142857142857143,0.8333333333333333,0.8461538461538463,0.8235294117647061,0.8823529411764706,0.8823529411764707,112238.53176106598
1028,2016-10-05,-0.007648725429142411,0.005099178614707434,-0.011897960676996,0.04057398534305823,0.01875898489970873,-2.6426542408131137,-6.533790147186547,-8.826383591791275,-9.62583050080934,-10.078136866455111,-9.64893589563598,0.7142857142857143,0.8333333333333333,0.8461538461538463,0.8235294117647061,0.8823529411764706,0.8823529411764707,52013.165779438124
1029,2016-10-06,-0.002281094952951368,0.005702879954377016,-0.003992015968063867,0.014758236382014012,-0.006515575424922426,-1.006150590018584,-4.882071134155252,-7.681234489192878,-8.700596624548684,-9.225667977371565,-8.775826073493187,0.7142857142857143,0.8333333333333333,0.8461538461538463,0.8235294117647061,0.8235294117647058,0.823529411764706,39562.729683490164
1030,2016-10-07,0.00989813320423849,0.01102938317224611,-0.012160661420795749,0.029859607654955544,0.008269166615843648,-1.3089837834373452,-4.678407770109827,-7.88218881847359,-9.10229164927826,-9.674017368136889,-9.27034558855202,0.7142857142857143,0.8333333333333333,0.8461538461538463,0.8235294117647061,0.8235294117647058,0.8823529411764707,101206.57632331515
1031,2016-10-10,-0.006404901141743191,0.006961849067112169,-0.00696184906711228,0.037300709576079116,0.015554340027461588,-2.219837845467998,-5.175639182681979,-8.607498678698677,-10.027052377283274,-10.707063079808176,-10.321505612208348,0.7142857142857143,0.8333333333333333,0.9230769230769231,0.8823529411764706,0.8823529411764706,0.9411764705882352,58289.16986911724
1032,2016-10-11,0.017438536306461083,0.020583218982275664,-0.005717581475128686,-0.005039342047137185,-0.025898075012809052,0.5145768892406366,-2.082825063488347,-5.638597818265745,-7.126522288955906,-8.08050441214585,-7.642279272215447,0.5714285714285714,0.75,0.8461538461538463,0.8823529411764706,0.8823529411764706,0.8823529411764707,80127.6449399657
1033,2016-10-12,0.001142559334050608,0.013710483502455295,-0.00457012308312621,0.022289235395936302,0.0008575725298340942,0.49373980558553576,-1.6464648175988361,-4.952322685931609,-6.718484212074117,-7.865785470671794,-7.508359953869492,0.5714285714285714,0.75,0.9230769230769231,0.8823529411764706,0.8823529411764706,0.9411764705882352,97454.01842073798
1034,2016-10-13,-0.012334743387217073,0.0038179443118337986,-0.021732687862927702,-0.006594578398580797,-0.02742067453251229,3.0753063658140345,1.4432524822967752,-1.703379685812756,-3.7287618939742417,-5.049489348849168,-4.703117495212972,0.5714285714285714,0.6666666666666667,0.8461538461538463,0.8235294117647061,0.8823529411764706,0.8823529411764707,91305.90429682538
1035,2016-10-14,0.015886936399709617,0.02294786566944018,-0.0005884377411921049,0.019613505009559606,-0.0017620204220862856,2.7066676967372416,1.908112152637087,-1.0521414500971327,-3.307706127905641,-4.687848191156929,-4.372870843093423,0.42857142857142855,0.5833333333333333,0.7692307692307692,0.7647058823529413,0.8235294117647058,0.823529411764706,77721.8550913295
1036,2016-10-17,0.0017708972322638683,0.00974020042089152,-0.0017709857800771722,0.018107681652281604,-0.0032363382454123624,2.538370088398456,2.504636015157513,-0.1813140667464075,-2.694385305010205,-4.220000851694561,-3.8873685721234508,0.42857142857142855,0.5833333333333333,0.7692307692307692,0.7647058823529413,0.8235294117647058,0.7647058823529412,84942.91720944755
1037,2016-10-18,0.015076717014977481,0.016236502392780405,-0.0023195707556061818,0.039803613698719875,0.018004790934818438,0.364489211927288,0.7724725705620106,-1.3944771772909093,-4.077794292521619,-5.757358386487588,-5.374650058723763,0.42857142857142855,0.5833333333333333,0.7692307692307692,0.7647058823529413,0.8235294117647058,0.7647058823529412,147444.6278663017
1038,2016-10-19,-0.012589498924477804,0.0011445207111724365,-0.016595192658220514,0.03503604309315422,0.013337186806468448,-1.3488691740571213,-0.4414532133933835,-2.1636415835729617,-4.910081838767944,-6.773344501063027,-6.314332526867094,0.42857142857142855,0.5833333333333333,0.7692307692307692,0.8235294117647061,0.8823529411764706,0.823529411764706,111581.25717933456
1039,2016-10-20,-0.010279840091376502,0.003997715591090634,-0.01884634494574544,0.02345898333231866,0.0020028174639277196,-1.5297370097055896,-0.5649850011330892,-1.9730244283578613,-4.69221881247428,-6.711433018191604,-6.0920308780975985,0.5714285714285714,0.5833333333333333,0.7692307692307692,0.8235294117647061,0.9411764705882353,0.8823529411764707,100401.62707024557
1040,2016-10-21,-0.0082952233494058,0.001430177386446685,-0.010297511736198972,0.01966325561686899,-0.0017133318174494816,-1.38116598928264,-0.3718523335706547,-1.464258078486247,-3.957583905094053,-6.376929891300154,-5.5442950266684115,0.42857142857142855,0.49999999999999994,0.6923076923076923,0.8235294117647061,0.8823529411764706,0.823529411764706,85402.32052068994
1041,2016-10-24,0.012296282176257112,0.012582184369968719,-0.006863053850070133,0.021705500190857707,0.0002860892185236885,-1.0335388609522544,-0.3349842418662763,-1.1615442500508277,-3.4754321446183067,-6.1807701288487005,-5.215903308003222,0.5714285714285714,0.5833333333333333,0.6923076923076923,0.8235294117647061,0.8823529411764706,0.8823529411764707,56864.883418190344
1042,2016-10-25,-0.008680957958021818,0.001960235283120282,-0.00952114280372851,0.043027347383349346,0.021160925396320307,-2.396282570349584,-2.3182746150610334,-2.7990003565582455,-4.96259335719631,-7.881725894072433,-6.85121987752626,0.7142857142857143,0.5833333333333333,0.6923076923076923,0.8235294117647061,0.8823529411764706,0.8823529411764707,90424.65361035154
1043,2016-10-26,-0.003687971631205711,0.0031205957446807098,-0.007659574468085184,0.008255942896502333,-0.0128815351324566,-0.5673722255925551,-1.0070895190844475,-1.175277277494502,-3.1874354282061534,-6.446901778832825,-5.294426434201405,0.7142857142857143,0.5833333333333333,0.6923076923076923,0.8235294117647061,0.8823529411764706,0.8823529411764707,114858.5744680851
1044,2016-10-27,0.006926319946532811,0.009235179842125296,-0.004906262343073009,0.004027613800293706,-0.017021266114968236,1.2203684442237073,0.5607110549235683,0.6115582486522664,-1.0822508780743312,-4.639592747208388,-3.3725002978121754,0.5714285714285714,0.49999999999999994,0.6153846153846153,0.7647058823529413,0.8235294117647058,0.823529411764706,99981.67821167802
1045,2016-10-28,-0.006595927920732048,0.00573561817423629,-0.0068826500396516055,0.027898437853736358,0.006349122781366567,0.5489855302894364,-0.2867698954654663,0.040976911863088716,-1.3171289677787357,-4.99132021797366,-3.643729922164396,0.5714285714285714,0.49999999999999994,0.6153846153846153,0.7647058823529413,0.8823529411764706,0.8823529411764707,85092.20576694023
1046,2016-10-31,0.0011422330097086153,0.007995402627070103,-0.0031410622501429897,0.02580719411883825,0.0043017995065990355,0.11829669098264439,-0.7057201593614781,-0.33722443709450767,-1.4501941485227432,-5.056976283250892,-3.7301157117828776,0.5714285714285714,0.5833333333333333,0.6153846153846153,0.7647058823529413,0.8823529411764706,0.9411764705882352,65378.78298115362
1047,2016-11-01,0.018359121676445156,0.019793401612352213,-0.006884738758326403,0.016746656956921013,-0.004568855679962014,0.5368418137127628,-0.28071160403343454,0.12157659229530271,-0.7519861501678382,-4.304973478491025,-2.8382906195643653,0.5714285714285714,0.49999999999999994,0.5384615384615385,0.7058823529411764,0.8823529411764706,0.8823529411764707,90257.1729702188
1048,2016-11-02,0.009924110328319191,0.020140193820209706,-0.0002918272207722561,0.0038329955822848927,-0.017211722719042255,2.001502493823115,1.5094702014371242,1.8208137276907843,1.1654604297032467,-2.376084319818994,-0.7797483557308804,0.42857142857142855,0.49999999999999994,0.5384615384615385,0.6470588235294117,0.8235294117647058,0.823529411764706,102240.68722952055
1049,2016-11-03,0.0049446769940466595,0.013961605178545389,-0.002617800970977413,0.024990997043416785,0.0035026785566016905,1.0928247838850158,1.2361827655798407,1.337985900696692,0.9941389908520781,-2.5243099382255108,-0.8102737556098694,0.42857142857142855,0.5833333333333333,0.5384615384615385,0.6470588235294117,0.8235294117647058,0.823529411764706,97186.31538140443
1050,2016-11-04,-0.006768687463213574,0.0064744261330196284,-0.009711536197763326,0.00952947696836337,-0.01163463411018284,1.7489217661866174,2.4489149092427276,2.378144847191055,2.3259424184015165,-1.1708623164602194,0.6945206422524386,0.42857142857142855,0.5833333333333333,0.5384615384615385,0.6470588235294117,0.8235294117647058,0.823529411764706,70413.94997057093
1051,2016-11-07,-0.015466900577421172,0.001124774996491107,-0.01687294665711614,0.06890688823298285,0.04649789921927727,-2.4063975071409893,-1.8881578795381326,-2.1439289251296456,-2.073960863498636,-5.272110313915157,-3.372169292202576,0.5714285714285714,0.5833333333333333,0.5384615384615385,0.6470588235294117,0.8235294117647058,0.823529411764706,103283.58652180577
1052,2016-11-08,-0.023426887045134626,0.00572048503733269,-0.02642323689521231,0.054445464357717466,0.032339622100637566,-4.747629671690746,-4.619210302422749,-5.105647307225791,-4.916910047474843,-7.852402104465828,-5.96022267264612,0.5714285714285714,0.5833333333333333,0.5384615384615385,0.6470588235294117,0.8235294117647058,0.8823529411764707,143690.09625963215
1053,2016-11-09,-0.030375118056652828,0.01980982515029517,-0.030375118056652828,0.05341082088830662,0.031326672953928325,-6.569315183959845,-6.98060497144235,-7.625838053268508,-7.5022631461928775,-10.221240466731995,-8.388045531523714,0.5714285714285714,0.5833333333333333,0.6153846153846153,0.6470588235294117,0.8235294117647058,0.8823529411764707,294206.59920212365
1054,2016-11-10,0.013637581598804571,0.025963754892112334,-0.01416210295929432,0.028697586335054703,0.007131520696110671,-6.005768017619584,-7.045444405283019,-7.8902969760816895,-7.850021894508075,-10.30996504622893,-8.611889489177738,0.7142857142857143,0.6666666666666667,0.6153846153846153,0.6470588235294117,0.8235294117647058,0.9411764705882352,215750.3712102971
1055,2016-11-11,0.008533333333333282,0.012266639999999995,-0.014133306666666567,0.0045371056853666936,-0.016522358437751405,-3.192384541944915,-5.001909381312708,-5.904764773798277,-6.030479734384608,-8.325718097589663,-6.698670663519646,0.7142857142857143,0.5833333333333333,0.6153846153846153,0.6470588235294117,0.7647058823529411,0.8823529411764707,109287.0
1056,2016-11-14,-0.003709697736634876,0.003179623572886925,-0.009538976706996438,0.027950361058692863,0.006400039309429895,-2.5361561161404422,-5.221826048595912,-6.029986170814539,-6.397160246221589,-8.45699365044389,-6.905147824819213,0.7142857142857143,0.5833333333333333,0.6923076923076923,0.6470588235294117,0.7647058823529411,0.8823529411764707,114286.22234831892
1057,2016-11-15,-0.01831106859797771,0.0002732440557529081,-0.024596911724514947,-0.009710922466319327,-0.030471701021361985,1.5460882304071166,-1.981417935060048,-2.7238786724209874,-3.3069160107171203,-5.149080132395268,-3.6692326513215856,0.7142857142857143,0.5833333333333333,0.6923076923076923,0.6470588235294117,0.7647058823529411,0.8823529411764707,130704.11068597976
1058,2016-11-16,0.00925152841331811,0.012896075856241973,-0.003364143726613089,-0.00426866446431462,-0.02514354359893778,4.209223561699038,0.7509349568737278,-0.057400247250838365,-0.7819649534178907,-2.3569187528621915,-1.0589090174009996,0.5714285714285714,0.5833333333333333,0.6153846153846153,0.5882352941176472,0.7058823529411764,0.823529411764706,82202.53698926476
1059,2016-11-17,-0.006959911300663202,0.011692706664404806,-0.006959911300663202,0.02857205527063167,0.007008693811062727,3.1697465233456734,0.2585147845721725,-0.6243999728110516,-1.4715197999212948,-2.7150246303037417,-1.6266269848288606,0.5714285714285714,0.5833333333333333,0.6153846153846153,0.5882352941176472,0.7058823529411764,0.823529411764706,89573.05843953555
1060,2016-11-18,0.00394585682074422,0.00394585682074422,-0.009864684329199513,0.008901594502430221,-0.012249424587705393,3.4909025142868755,1.5944613143015651,0.6697281621299567,-0.19930514530048793,-1.287108548893745,-0.33982753455009673,0.42857142857142855,0.49999999999999994,0.5384615384615385,0.5882352941176472,0.6470588235294117,0.7647058823529412,59784.794813979715
1061,2016-11-21,-0.010153650113986057,0.000823326037961758,-0.012623463573640747,0.049050179174839226,0.02705746339486992,0.10193391332269375,-0.7723020968781746,-1.7889768447285403,-2.688366813865317,-3.6276154489936374,-2.8406725067527394,0.42857142857142855,0.5833333333333333,0.6153846153846153,0.5882352941176472,0.6470588235294117,0.7647058823529412,84598.34370470207
1062,2016-11-22,-0.023753562418335594,0.0010440354726171108,-0.024797702302331026,0.07382948944804868,0.0513173036840171,-4.482233219196107,-4.860724221517065,-6.167731586285063,-7.041243432129196,-7.97317799512599,-7.3102896600025336,0.5714285714285714,0.6666666666666667,0.6153846153846153,0.6470588235294117,0.7058823529411764,0.7647058823529412,124086.70232086394
1063,2016-11-23,-0.028401729925122576,0.0,-0.028401729925122576,0.032611238665571696,0.010963169265991501,-5.1528905704736445,-5.090184096760886,-6.813962069067625,-7.612222762681853,-8.596141240333989,-8.062409088008293,0.5714285714285714,0.6666666666666667,0.6153846153846153,0.7058823529411764,0.7058823529411764,0.7647058823529412,67613.25251742835
1064,2016-11-25,-0.0049045686678074185,0.0038718893199851667,-0.008260299005663385,0.021677091033876605,0.0002582411347165081,-4.384546207852214,-4.237041672294051,-6.409030769771473,-7.188032965772317,-8.243605271388898,-7.815475934193794,0.7142857142857143,0.75,0.6923076923076923,0.7647058823529413,0.7647058823529411,0.823529411764706,60308.75424317222
1065,2016-11-28,0.001043322900365018,0.011215440792905484,-0.00104332290036524,0.01086692490616592,-0.010325317489070951,-2.392128125164039,-2.7200207229916673,-4.974287034864022,-5.86108891583158,-7.022998700693828,-6.631637748112307,0.7142857142857143,0.6666666666666667,0.6923076923076923,0.7058823529411764,0.7058823529411764,0.7647058823529412,57445.53103808033
1066,2016-11-29,-0.0002671833387057898,0.010155024594068696,-0.0058791291223478925,-0.003096368990125331,-0.023995887279445016,0.5802933666662957,-0.19278310403321175,-2.3134977233881804,-3.310863648707607,-4.544924667797812,-4.2208042319971995,0.5714285714285714,0.5833333333333333,0.6153846153846153,0.6470588235294117,0.6470588235294117,0.7058823529411765,70856.8338245769
1067,2016-11-30,0.010655247451911487,0.015982897816118946,-0.008524240582731824,0.02468894317805148,0.0032069705923833958,1.0426927815327058,-0.5727258727884599,-2.306114948642757,-3.3802073390428733,-4.666771090930544,-4.332143539886002,0.7142857142857143,0.5833333333333333,0.6153846153846153,0.6470588235294117,0.7058823529411764,0.7058823529411765,111821.05349435128
1068,2016-12-01,-0.0015872222642122624,0.015079365478290141,-0.007142857331821739,0.028487499169455477,0.00692588397822691,0.8616798856248886,-1.3189694541632324,-2.6077072352987174,-3.7764525932675097,-5.136681362318585,-4.779286185328657,0.7142857142857143,0.5833333333333333,0.6923076923076923,0.7058823529411764,0.7058823529411764,0.7058823529411765,77567.78512086734
1069,2016-12-02,-0.02156756970015783,0.0005260652288268108,-0.022882640715413016,0.027358069820627273,0.00582016450969669,0.16908008846849842,-1.792293035002679,-2.7003360517738106,-4.046745546222286,-5.474564782374591,-5.031940273229019,0.7142857142857143,0.6666666666666667,0.7692307692307692,0.7058823529411764,0.7647058823529411,0.7647058823529412,58460.33613887427
1070,2016-12-05,-0.006195198441135807,0.00438817736767283,-0.011874108834583952,0.040756243428950345,0.018937410497049667,-1.6889191542133086,-3.4331484131368772,-3.972764643109683,-5.55074503186197,-7.019940714212957,-6.44664377284222,0.7142857142857143,0.6666666666666667,0.7692307692307692,0.7058823529411764,0.8235294117647058,0.7647058823529412,88987.12137387088
1071,2016-12-06,-0.024517423056859777,0.0005216744913927318,-0.024517423056859777,0.01086692490616592,-0.010325317489070951,-0.8122789792144536,-2.0996325728295906,-2.4293881329900624,-4.277513940362532,-5.846805602020733,-5.138233251317814,0.5714285714285714,0.6666666666666667,0.7692307692307692,0.7058823529411764,0.8235294117647058,0.7647058823529412,91816.94470526864
1072,2016-12-07,-0.0077080939212792465,0.0061665470794729504,-0.008478880189048188,0.03686502936470126,0.015127813602135332,-2.0775203755444838,-2.962118721079088,-3.4723223162173245,-5.312176854171769,-7.032126674798667,-6.226689762065318,0.7142857142857143,0.75,0.7692307692307692,0.7647058823529413,0.8235294117647058,0.7647058823529412,78220.99785313453
1073,2016-12-08,0.020565525934934437,0.02313616847628941,-0.002570771076052969,0.020888506252548122,-0.0005137772046105438,-1.4836636750524823,-2.3650459548179903,-3.1546158260399526,-4.8935065861235305,-6.801328266823603,-5.888365212779389,0.7142857142857143,0.6666666666666667,0.6923076923076923,0.7058823529411764,0.7647058823529411,0.7058823529411765,80171.23238189037
1074,2016-12-09,0.010654859667359906,0.010654859667359906,-0.00883578482328462,0.010385120577175666,-0.010796994303822527,-0.059398657700004964,-0.7425002852532447,-2.0208387124443727,-3.534302798765754,-5.567516831964403,-4.604246441671844,0.5714285714285714,0.6666666666666667,0.6153846153846153,0.6470588235294117,0.7058823529411764,0.7058823529411765,53525.507276507284
1075,2016-12-12,0.011119484457922768,0.015921177659843355,-0.0007581248420521769,0.050346279817876205,0.028326434988821036,-2.1733645771705223,-2.9116595327407735,-4.546495796615824,-5.766455727990117,-7.89438995726921,-6.89916819294184,0.5714285714285714,0.6666666666666667,0.6153846153846153,0.7058823529411764,0.7647058823529411,0.7058823529411765,94009.61410159212
1076,2016-12-13,0.020118622646375872,0.02218212535465569,-0.007737915914366789,0.000763026955811652,-0.020217349105998705,0.12159631915149571,-0.8235389806996785,-2.4208712027766865,-3.4065374485571787,-5.703968746230991,-4.698037105894992,0.42857142857142855,0.5833333333333333,0.6153846153846153,0.7058823529411764,0.7058823529411764,0.7058823529411765,95750.87000257931
1077,2016-12-14,0.031940377961139355,0.0431194836305564,-0.0007984828320469761,-0.010201250033886833,-0.030951773564185325,2.874634312365565,2.123654735877789,0.6742962901604033,-0.018061643013289608,-2.465239336308922,-1.5126054029862335,0.2857142857142857,0.49999999999999994,0.5384615384615385,0.6470588235294117,0.6470588235294117,0.7058823529411765,83440.57572531275
1078,2016-12-15,-0.003510586106145852,0.001350337600603435,-0.011882230944699534,0.006732328924554221,-0.014373163794130894,3.869449770240707,3.2830513173037756,2.1989879101551146,1.7341142658810371,-0.8403744460191098,0.06095348176644588,0.2857142857142857,0.4166666666666666,0.5384615384615385,0.6470588235294117,0.6470588235294117,0.7058823529411765,91090.00975131002
1079,2016-12-16,0.006868131490761931,0.01620879031819822,-0.0013737361882563137,0.004035809983364613,-0.017013192781567654,4.678176134025036,4.689948242488917,4.0633124796931375,3.577310516757093,1.0007802800879206,1.9301363274820238,0.14285714285714285,0.4166666666666666,0.5384615384615385,0.5882352941176472,0.6470588235294117,0.6470588235294118,98259.98361203386
1080,2016-12-19,0.0016708716235034338,0.008632720690615603,-0.002784711779448501,0.007663461617787082,-0.013461581308227166,4.917055262815473,5.8181173721435275,5.481958404990972,4.91108696168665,2.4426140579776323,3.4037471642188732,0.14285714285714285,0.4166666666666666,0.46153846153846145,0.5294117647058825,0.588235294117647,0.5882352941176471,72402.23029796715
1081,2016-12-20,-0.014234903209277228,0.001916205910654556,-0.014508596071957092,0.039048365925026474,0.017265411785573503,2.373781464070479,3.824643077355261,3.828552882743197,3.000466500384813,0.8023382144779267,1.7668423663132593,0.2857142857142857,0.4166666666666666,0.5384615384615385,0.5294117647058825,0.588235294117647,0.5882352941176471,67026.10284771703
1082,2016-12-21,0.006907985822270923,0.006907985822270923,-0.001934236030235903,0.011906524775688876,-0.009307499136286479,2.001348049518392,4.482302145795791,4.771120988370936,3.7766999771819965,1.8302923918741554,2.8279372813895476,0.14285714285714285,0.3333333333333333,0.46153846153846145,0.4705882352941177,0.588235294117647,0.5882352941176471,44118.923849680126
1083,2016-12-22,0.003928170705055134,0.011784568231890225,-0.0022446128575930313,0.005890329106496006,-0.0151974961571405,2.3208259609291293,5.617683387348382,6.031209468153409,5.191796771510293,3.4464996444965035,4.525410766952098,0.14285714285714285,0.24999999999999994,0.3846153846153846,0.4705882352941177,0.588235294117647,0.5294117647058824,68649.39474327707
1084,2016-12-23,0.0,0.005648150240045169,-0.003953685399604501,0.014821669666805537,-0.0064534175072643585,2.114009830918384,5.631982435466276,6.273447238777097,5.640050269340446,4.098247526184329,5.287446390328698,0.14285714285714285,0.16666666666666663,0.3076923076923077,0.411764705882353,0.5294117647058822,0.47058823529411764,41651.075684834796
1085,2016-12-27,-0.0019640572941656,0.0036476151416278135,-0.003928142646693167,0.028047673952652064,0.0064953346133738155,0.8978668192208827,4.409170062404555,5.173425382261998,4.863112892493149,3.4525123410877434,4.741059245859813,0.2857142857142857,0.24999999999999994,0.3076923076923077,0.4705882352941177,0.588235294117647,0.5294117647058824,35717.295053824215
1086,2016-12-28,0.009110932934540683,0.01849801163727194,-0.0005521811001607535,0.03803563654768061,0.016273830468895856,-0.7888296687972529,2.2047814824544654,3.2105389408818796,3.238147563000293,1.8991083575664147,3.11587892405063,0.42857142857142855,0.24999999999999994,0.3846153846153846,0.5294117647058825,0.588235294117647,0.5882352941176471,72674.31549764451
1087,2016-12-29,0.00606567411083514,0.006892748828232653,-0.00496277915632759,0.02282331382909586,0.0013804307702025564,-0.7838016632168543,1.5459478271697469,2.917276714279504,3.1302947043965412,1.8505410661736166,2.939070271365929,0.5714285714285714,0.3333333333333333,0.46153846153846145,0.5294117647058825,0.588235294117647,0.5882352941176471,72381.13399503722
1088,2016-12-30,0.022358944168779926,0.024315344447047194,-0.0036332309567699284,0.007614218129784911,-0.013509831603102929,0.2754985860158099,2.397595377766426,4.092476899715369,4.572593009584924,3.295942015954356,4.182710501729692,0.42857142857142855,0.3333333333333333,0.3846153846153846,0.5294117647058825,0.5294117647058822,0.5294117647058824,52930.80695728919
1089,2017-01-03,-0.001620772555375516,0.0021609400324147376,-0.0094544030253918,0.05681170812630554,0.03465634435869802,-2.7629890823007264,-1.5242764004031462,0.5055145568666708,1.1258350666299544,-0.025087308616389414,0.6073894602165675,0.5714285714285714,0.3333333333333333,0.3846153846153846,0.5294117647058825,0.5294117647058822,0.5882352941176471,101303.70016207454
1090,2017-01-04,-0.013720689465735347,0.0018833468863785896,-0.015065833471392787,0.02555183079083667,0.004051743879659897,-2.5673481861209435,-2.229132930743083,-0.008960021318671352,0.608216847658416,-0.24212326970245446,0.17603264082128867,0.7142857142857143,0.4166666666666666,0.3846153846153846,0.5294117647058825,0.588235294117647,0.6470588235294118,102121.68507520501
1091,2017-01-05,-0.012260101279317759,0.0021321428571428047,-0.014125746268656925,0.031031209001430193,0.009416321196558997,-2.67286550122523,-3.1507050143200543,-1.0965625490170994,-0.44548147256148196,-0.9734538750311161,-0.7752106581221829,0.8571428571428571,0.49999999999999994,0.3846153846153846,0.5294117647058825,0.588235294117647,0.6470588235294118,48183.96801705757
1092,2017-01-06,0.008928625782700816,0.013528138894159492,-0.0010822781678107019,0.006168252570452504,-0.014925482839631243,-0.6879980194561042,-1.6968091389081619,0.22418704801265843,0.8909305930903555,0.7189300025403522,0.7568085598230301,0.7142857142857143,0.49999999999999994,0.3846153846153846,0.4705882352941177,0.588235294117647,0.6470588235294118,44993.58996197483
1093,2017-01-09,0.00488469497338917,0.010854871688188439,-0.0010854003302794846,0.018373391474304723,-0.002976165308015477,-0.14731397771353683,-1.3161436562448614,0.25586744086696367,1.0476871656002418,1.1029303362139808,1.1490632020125569,0.5714285714285714,0.49999999999999994,0.3076923076923077,0.4705882352941177,0.588235294117647,0.5882352941176471,65841.60872958528
1094,2017-01-10,-0.0049274376315499024,0.007261384666457982,-0.008039444812255048,0.06881138337312587,0.04640440190622064,-3.727033839060301,-5.201543738727876,-4.232120159595465,-3.327839648316555,-3.2664020038731922,-3.1409328807580517,0.5714285714285714,0.5833333333333333,0.3846153846153846,0.5294117647058825,0.588235294117647,0.5882352941176471,122478.2499357041
1095,2017-01-11,-0.006094514827462705,0.001015667825909894,-0.018283417514387668,0.043134235267398235,0.021265580857019906,-4.425745945894189,-6.658569195586994,-6.117442980763766,-5.173949779963727,-5.188762946287739,-4.874849789333768,0.7142857142857143,0.5833333333333333,0.46153846153846145,0.5294117647058825,0.6470588235294117,0.5882352941176471,111923.83209942021
1096,2017-01-12,0.009813763975150325,0.011323527361674524,-0.0035229993194262343,0.03075076416651945,0.00914167463635307,-4.313756042211447,-6.866059760600818,-6.947541562967896,-5.858618116022174,-5.951184383375896,-5.499318717559609,0.7142857142857143,0.6666666666666667,0.46153846153846145,0.5294117647058825,0.6470588235294117,0.5882352941176471,59213.893849275606
1097,2017-01-13,-0.005522113453815369,0.003263077309237028,-0.008534136546184845,0.023983524146220514,0.0025163675438757416,-3.5965309892787345,-6.346818628017237,-7.053215382466305,-5.931765194639505,-6.047406668276711,-5.626795631568382,0.7142857142857143,0.75,0.5384615384615385,0.5294117647058825,0.6470588235294117,0.6470588235294118,42827.815261044176
1098,2017-01-17,0.007026424442982515,0.011543363189127298,-0.0017565621960634603,0.0216696004951189,0.00025094360229704904,-2.785442680209671,-5.574473214357123,-6.8040838098268885,-5.855885129150429,-5.944909811515464,-5.57017097525504,0.7142857142857143,0.8333333333333333,0.6153846153846153,0.5294117647058825,0.6470588235294117,0.6470588235294118,46990.219422394955
1099,2017-01-18,-0.00971115537848588,0.006723107569721165,-0.010209163346613481,0.029359084534781976,0.007779171103470928,-2.3975494393103203,-5.499428628748637,-7.1523401813528675,-6.420742494464093,-6.459279332263012,-6.198062124712022,0.8571428571428571,0.8333333333333333,0.6923076923076923,0.5882352941176472,0.6470588235294117,0.7058823529411765,57197.70517928287
1100,2017-01-19,0.000749138595484089,0.00724097396356993,-0.0069912361296188275,0.018615614108617562,-0.0027389951424114933,-0.9880514902616655,-4.556806297913008,-6.463351221928793,-6.062958337351809,-5.941979156618227,-5.818442908620858,0.8571428571428571,0.75,0.6923076923076923,0.5294117647058825,0.6470588235294117,0.7058823529411765,48653.18348699584
1101,2017-01-20,-0.0007512647132481565,0.0045079138492361,-0.004758276984723309,0.018352871231000822,-0.002996273154935558,-0.20034990357984395,-3.615255683821006,-5.702837231893721,-5.688526172116259,-5.42019968623404,-5.355800888670137,0.7142857142857143,0.6666666666666667,0.6923076923076923,0.5294117647058825,0.6470588235294117,0.6470588235294118,39217.63260706236
1102,2017-01-23,-0.0004960565476190837,0.002728174603174649,-0.005456398809523866,0.0313895426309212,0.009767095256089098,-0.832624826773376,-3.7432684035740182,-6.167328546635864,-6.437783491589933,-6.0492255225803255,-6.074263044005901,0.7142857142857143,0.75,0.6923076923076923,0.5882352941176472,0.6470588235294117,0.7058823529411765,49812.98809523809
1103,2017-01-24,-0.0009627196380918024,0.005776221558994488,-0.006257473074788855,0.05257246182594444,0.030505906616275613,-3.145948192145087,-5.813990125656354,-8.330751090823341,-9.037300677427595,-8.537615827138067,-8.596867224651117,0.7142857142857143,0.75,0.7692307692307692,0.5882352941176472,0.6470588235294117,0.7058823529411765,75527.28099947728
1104,2017-01-25,-0.011996161228406965,0.0014395873320536268,-0.014155470249520019,0.02460910474336986,0.003128843513280577,-2.8173886799753856,-5.334867971518142,-7.926610243456366,-9.07167212331801,-8.63038484648052,-8.631070129731865,0.7142857142857143,0.75,0.8461538461538463,0.6470588235294117,0.6470588235294117,0.7058823529411765,65627.59884836852
1105,2017-01-26,-0.0004861448829884818,0.007049125110576648,-0.0072921489375825654,0.008179956744814643,-0.012955945965670068,-1.0938216973131132,-3.463777693436765,-6.054814221014027,-7.5682291833090165,-7.291589571351431,-7.265083023388231,0.5714285714285714,0.6666666666666667,0.8461538461538463,0.6470588235294117,0.588235294117647,0.6470588235294118,61418.54451676092
1106,2017-01-27,0.00339473795369849,0.00678947590739698,-0.005092216047904219,0.02389618150053563,0.0024308346866315222,-0.9595453517971642,-2.9565662274734783,-5.636004114435211,-7.427779974835258,-7.37206672613776,-7.2890448790857265,0.5714285714285714,0.75,0.8461538461538463,0.7058823529411764,0.6470588235294117,0.6470588235294118,38114.90503802594
1107,2017-01-30,0.003692786895440392,0.006400837183673902,-0.006893131632031757,0.006057347102994326,-0.015034043847110823,0.7526236491099958,-0.812403487009028,-3.6798635145967262,-5.643767996487526,-5.824595948742184,-5.754374589532141,0.5714285714285714,0.75,0.7692307692307692,0.7058823529411764,0.588235294117647,0.6470588235294118,62709.488988441386
1108,2017-01-31,0.004601574119603491,0.00920312402026835,-0.009687623887439378,0.03826090673694016,0.016494392221970022,-0.4117235939511521,-1.9496257539655004,-4.663877404649841,-6.709512579973531,-7.129595462038929,-7.1182934307462915,0.7142857142857143,0.75,0.7692307692307692,0.7647058823529413,0.6470588235294117,0.7058823529411765,73755.35568524206
1109,2017-02-01,0.0021733880705143704,0.006520164211543111,-0.009659550833131969,0.02438179572867183,0.0029062906368313435,-0.3242862928058532,-1.883605949464684,-4.292731910878544,-6.558977823073054,-7.17620814610801,-7.185292711630842,0.7142857142857143,0.75,0.8461538461538463,0.7647058823529413,0.7058823529411764,0.7058823529411765,47919.792079207924
1110,2017-02-02,0.0,0.006352284387979523,-0.006352357683850451,0.009573658992410472,-0.01159137569050217,0.6282459709683996,-0.5252925355550886,-2.71544314484099,-5.049567383310116,-5.905558187132842,-6.001890029825285,0.5714285714285714,0.6666666666666667,0.7692307692307692,0.7647058823529413,0.6470588235294117,0.6470588235294118,47802.56706572197
1111,2017-02-03,0.015232369008183921,0.01700944445314656,-0.003807997050215839,-0.017017672969582454,-0.03762526536655453,3.731912204272314,3.282196038665597,1.3563992976745487,-0.9973528714673607,-2.144005771311741,-2.2819427357245847,0.42857142857142855,0.5833333333333333,0.6923076923076923,0.7647058823529413,0.6470588235294117,0.5882352941176471,112715.42835025204
1112,2017-02-06,0.003053409746906155,0.007379160493108605,-0.003307913570175902,0.01907950254294044,-0.0022849163290328267,3.300625840505611,3.418763751278764,1.8041991852017158,-0.4171145344007865,-1.8859741363455806,-1.9323815510705389,0.42857142857142855,0.49999999999999994,0.6153846153846153,0.7647058823529413,0.6470588235294117,0.5294117647058824,48960.83330691688
1113,2017-02-07,0.0035732516590096797,0.009188386932108106,-0.0033180449208779494,0.018294553109167833,-0.0030533502397607215,2.8658921672997106,3.5568423532277516,2.3858124053475205,0.21056463187159036,-1.5344335577448076,-1.4752441239575198,0.2857142857142857,0.4166666666666666,0.6153846153846153,0.7058823529411764,0.6470588235294117,0.5294117647058824,60560.510974987235
1114,2017-02-08,-0.003359198879607228,0.004651162670512576,-0.009819147033096942,0.00889982579142079,-0.012251119800568366,3.432997854315767,4.592096033508075,3.883347593152209,1.6823502994260053,-0.32669306630949135,-0.08343019603744839,0.2857142857142857,0.4166666666666666,0.6153846153846153,0.6470588235294117,0.6470588235294117,0.47058823529411764,84125.61281326582
1115,2017-02-09,-0.01657735313892772,0.001275159430633943,-0.024228539256019865,0.0348737142597737,0.013178210483975716,1.3298402016747257,3.100524998716603,2.611096997692175,0.6275766641939962,-1.6043003336293271,-1.1425621100679573,0.2857142857142857,0.49999999999999994,0.6153846153846153,0.6470588235294117,0.7058823529411764,0.5294117647058824,112901.32371594806
1116,2017-02-10,-0.010226989274133347,0.0037416313295084436,-0.01222254926415578,0.04433717997962128,0.022443298339311024,-1.3647865831476147,0.7964219313140175,0.44305028628919274,-1.1973066318094805,-3.6685319891991197,-3.0588326561048595,0.2857142857142857,0.49999999999999994,0.6153846153846153,0.7058823529411764,0.7058823529411764,0.5882352941176471,109936.64030930406
1117,2017-02-13,0.002473386099431041,0.005194138016324512,-0.007420207766509979,0.030075818981614377,0.008480889634930211,-2.3709395757089857,-0.24910524557222313,-0.32036345091722707,-1.7269688086514745,-4.427992182563923,-3.5744299588089223,0.42857142857142855,0.49999999999999994,0.6153846153846153,0.7058823529411764,0.7647058823529411,0.5882352941176471,76288.88374969082
1118,2017-02-14,-0.0027180626953778875,0.0009883123057001786,-0.01359038760587139,0.022423900475587732,0.0009894546842765806,-2.0862079547153467,-0.5612685366094605,-0.34476527502776966,-1.5328879196686462,-4.422447441674793,-3.328750933230773,0.5714285714285714,0.49999999999999994,0.6153846153846153,0.7058823529411764,0.8235294117647058,0.6470588235294118,54192.2282136588
1119,2017-02-15,-0.0002455080880948701,0.0056455323688988646,-0.004663794567314916,0.028227752890382263,0.006671617841330413,-2.230175795896261,-1.2904192191759756,-0.9011922402098138,-1.9031911330186002,-4.870615058071214,-3.5956310648559198,0.7142857142857143,0.5833333333333333,0.6153846153846153,0.7058823529411764,0.8823529411764706,0.7058823529411765,55077.54417876563
1120,2017-02-16,0.00195164664788261,0.005855037528419649,-0.004879262996864475,0.027681150794237608,0.006136452081805022,-2.195660074810457,-1.9360161367700912,-1.4091749596228498,-2.1503547745937768,-5.220790258099117,-3.810690450721288,0.8571428571428571,0.5833333333333333,0.6153846153846153,0.7647058823529413,0.8823529411764706,0.7647058823529412,66925.07626610997
1121,2017-02-17,-0.0002482373447921793,0.0019861470205100318,-0.00521348076498207,0.0037210191745604693,-0.017321339647639045,0.08866617954279565,-0.26776779047666954,0.35584228737843837,-0.12147132925388604,-3.320802762887465,-1.8272103508043425,0.8571428571428571,0.5833333333333333,0.6153846153846153,0.7647058823529413,0.8235294117647058,0.7647058823529412,56498.50487833925
1122,2017-02-21,-0.003926380368098115,0.005398797546012357,-0.00785276073619634,0.033331469533014024,0.011668328238311876,-0.5258532789894521,-1.512708060632706,-0.7058143040786113,-1.081508282342225,-4.153083421653514,-2.645400105648321,0.8571428571428571,0.5833333333333333,0.6923076923076923,0.7647058823529413,0.8235294117647058,0.823529411764706,63157.28220858896
1123,2017-02-22,-0.007787013117633412,0.0015071087287839013,-0.008289399440105538,-0.0021481261314815203,-0.023067447215241454,1.7224655237751296,0.5257078391588177,1.5777279889575446,1.2927430214515923,-1.6937647047080118,-0.057420453416279216,0.7142857142857143,0.49999999999999994,0.6153846153846153,0.7058823529411764,0.8235294117647058,0.7647058823529412,101370.51214841718
1124,2017-02-23,0.032728150531113664,0.03477371427323672,-0.0038353872708924985,0.003453228586947521,-0.017583522533823226,3.06096287254074,1.9925449182396582,3.098704335102731,3.04817459365041,0.2435085815483129,1.8840584225095602,0.5714285714285714,0.49999999999999994,0.5384615384615385,0.6470588235294117,0.7647058823529411,0.7647058823529412,102272.07332464657
1125,2017-02-24,0.0042138529308966,0.009481195431098266,-0.003687094977953831,-0.008359448666671598,-0.029148538061484985,5.214640599563691,4.787609245705404,5.728827886081134,5.966169909260066,3.3992935036231797,5.003191575275778,0.42857142857142855,0.49999999999999994,0.46153846153846145,0.5882352941176472,0.7058823529411764,0.7647058823529412,86301.34168284587
1126,2017-02-27,-0.009326321726752518,0.004922357767997765,-0.012435207898197298,0.03836050937234736,0.01659187197713674,2.705416016594553,2.9478289440410643,3.689871416338275,4.121032808323943,1.9084734559486227,3.369367011402269,0.42857142857142855,0.5833333333333333,0.5384615384615385,0.5882352941176472,0.7058823529411764,0.823529411764706,87141.49156178713
1127,2017-02-28,-0.005023770491803248,0.0015864886303542658,-0.007932310946589083,0.0007734428069752219,-0.02020718233031016,3.6262032790307597,4.814162074428507,5.39775288501938,6.047446616762597,4.147468547145405,5.566219517781934,0.2857142857142857,0.5833333333333333,0.46153846153846145,0.5294117647058825,0.7058823529411764,0.7647058823529412,120916.50396615548
1128,2017-03-01,-0.006439979392065975,0.004379237506439981,-0.007470401854714148,0.048420555243742,0.02644102056422093,0.41952333540269393,2.1362387986065157,2.4619177626791444,3.2025148877459886,1.624105979378787,2.991835530485254,0.42857142857142855,0.6666666666666667,0.5384615384615385,0.5882352941176472,0.7647058823529411,0.7647058823529412,129226.20247295209
1129,2017-03-02,0.0163029980621352,0.023402551233304036,-0.001577649265780745,0.0006272140982614971,-0.02035033214746418,1.4837946256499812,4.036292599005287,4.18216716055313,5.167917364364838,3.845339411325277,5.091473893619236,0.2857142857142857,0.5833333333333333,0.46153846153846145,0.5882352941176472,0.7058823529411764,0.7058823529411765,128671.10435635301
1130,2017-03-03,-0.014080977622094704,0.0015360470676895055,-0.015104966331157987,0.04907720555383488,0.027083917552847447,-1.4666089691302786,1.1045294958158092,1.1484176677773794,2.279461216772072,1.3069034042354488,2.2968335922311844,0.42857142857142855,0.5833333333333333,0.46153846153846145,0.5882352941176472,0.7058823529411764,0.7647058823529412,81609.34097259752
1131,2017-03-06,0.0013040949400104918,0.004433959311423985,-0.006259833072509213,0.0025854099346591664,-0.018433215272843362,0.09687898890873292,2.6138364370374534,2.726238526283309,3.901189745214051,3.2913573349966363,4.11357481547121,0.42857142857142855,0.49999999999999994,0.46153846153846145,0.5294117647058825,0.6470588235294117,0.7058823529411765,64213.919144496605
1132,2017-03-07,0.007599606918239132,0.009171855345912139,-0.0031446278825996155,0.016617974146786896,-0.004694745001521783,0.6401536995982005,2.665464520272831,3.0572980215620715,4.061840285894469,3.840341553677029,4.478880959956544,0.42857142857142855,0.4166666666666666,0.46153846153846145,0.4705882352941177,0.588235294117647,0.6470588235294118,85213.88469601677
1133,2017-03-08,0.027716850376422908,0.030186663836077487,-0.0016464874216928216,-0.024625320540007434,-0.024625320540007434,2.651470983849369,4.582005575011894,5.393116294568312,6.3129835510070675,6.442830792038379,6.914799468416177,0.2857142857142857,0.3333333333333333,0.46153846153846145,0.4705882352941177,0.5294117647058822,0.5882352941176471,92696.58761519176
1134,2017-03-09,0.005606980970394249,0.012615672139931089,-0.007849706075116591,-0.02113065370830558,-0.02113065370830558,4.323862231303099,5.94635361147402,7.309288593843211,8.136812803537886,8.706204180731557,8.93053948907665,0.2857142857142857,0.24999999999999994,0.46153846153846145,0.411764705882353,0.4705882352941176,0.5882352941176471,124955.55312344004
1135,2017-03-10,0.011503928493376225,0.011503928493376225,-0.007295118049806981,-0.0008410149055796401,-0.0008410149055796401,3.4632364287424,5.274837609924088,7.099164193632701,7.814130911090733,8.768479750064206,8.736003211287557,0.14285714285714285,0.24999999999999994,0.46153846153846145,0.411764705882353,0.4705882352941176,0.5882352941176471,105652.76278489793
1136,2017-03-13,0.0002748213228471741,0.006322154856455153,-0.004672952043074385,0.02076324412915942,0.02076324412915942,1.0238537376620505,2.443179073657986,4.657838689737148,5.224057128844728,6.4662632715627,6.31115509236595,0.2857142857142857,0.24999999999999994,0.46153846153846145,0.411764705882353,0.5294117647058822,0.5882352941176471,71365.13327745648
1137,2017-03-14,-0.004979280499071592,0.0030427660833878267,-0.013001437731594012,-0.006322127368825536,-0.006322127368825536,0.8402331090169302,2.536687865980536,4.915418288286144,5.459636627405984,6.985276238712235,6.724772676756285,0.14285714285714285,0.24999999999999994,0.3846153846153846,0.35294117647058826,0.4705882352941176,0.5294117647058824,108660.12815152817
1138,2017-03-15,-0.03240250348794815,0.002107534302095093,-0.04135932669545117,0.050069070535597726,0.050069070535597726,-3.808518089190227,-2.414546578736365,-0.2906501908069292,0.23244374389246314,1.8246465431250636,1.431308708486978,0.2857142857142857,0.3333333333333333,0.3846153846153846,0.411764705882353,0.4705882352941176,0.5294117647058824,89361.48918236273
1139,2017-03-16,0.010023766816143587,0.01239781060406231,-0.001582748615141072,-0.00131714966588925,-0.00131714966588925,-3.474394995666419,-2.1471652786675177,-0.37413699111930043,0.30300683950712504,1.8901836429639385,1.346808305384939,0.2857142857142857,0.3333333333333333,0.3076923076923077,0.411764705882353,0.41176470588235287,0.47058823529411764,126116.11949353734
1140,2017-03-17,0.000785725510738633,0.004452540597171373,-0.0018333944473547525,0.00712213136375639,0.00712213136375639,-3.5059496370575483,-2.766339145401475,-1.2914335603282812,-0.43400995285490795,1.1175954750679562,0.4731424829753861,0.42857142857142855,0.3333333333333333,0.3076923076923077,0.4705882352941177,0.4705882352941176,0.47058823529411764,51895.280775275016
1141,2017-03-20,-0.00884265256586092,0.0023407021497865443,-0.010663198682361652,0.007071791513881598,0.007071791513881598,-3.150661259317733,-3.184799285552309,-2.192723702957222,-1.1246872269262131,0.35378065833253647,-0.3754680935230237,0.5714285714285714,0.4166666666666666,0.3076923076923077,0.5294117647058825,0.4705882352941176,0.47058823529411764,62006.80072801559
1142,2017-03-21,0.033008685958027195,0.035714286680581075,-0.0010822781678107019,-0.03875167649540501,-0.03875167649540501,1.2639181696328938,0.5160194558292197,1.4313206427253755,2.771624997686195,4.254465045021338,3.423684539138039,0.5714285714285714,0.3333333333333333,0.3076923076923077,0.5294117647058825,0.4705882352941176,0.47058823529411764,99422.70398873657
1143,2017-03-22,-0.009711383868357126,0.00350690585379021,-0.01537631507957915,0.0029762176129928264,0.0029762176129928264,1.2293348491271283,0.18639523681065473,0.767353269875537,2.339683513815549,3.815174380515618,2.8582501059771115,0.5714285714285714,0.4166666666666666,0.3076923076923077,0.5294117647058825,0.4705882352941176,0.5294117647058824,78612.43404370111
1144,2017-03-23,0.004345464421509959,0.008147718631178691,-0.0046170016295491445,-0.006743997841920701,-0.006743997841920701,2.1766117017149256,0.5909488243966754,1.1727845891208233,2.798890451617919,4.348391143529673,3.267828043765042,0.5714285714285714,0.3333333333333333,0.3076923076923077,0.4705882352941177,0.41176470588235287,0.47058823529411764,63934.36121673004
1145,2017-03-24,0.0030129007402299735,0.007395261977280576,-0.005477869377040312,-0.008419391634980955,-0.008419391634980955,2.476821358827297,1.2442824565479293,1.799658378768565,3.3711984865077094,4.9625293897643585,3.865918590299544,0.42857142857142855,0.3333333333333333,0.3076923076923077,0.411764705882353,0.41176470588235287,0.4117647058823529,79032.1459344369
1146,2017-03-27,-0.01144303592280016,0.003069969128106642,-0.01814127724581205,-0.01862492569843477,-0.01862492569843477,3.59235496872945,2.8607250905061443,3.553033705158737,4.955085445671248,6.623874409310204,5.619096771789978,0.42857142857142855,0.3333333333333333,0.3076923076923077,0.35294117647058826,0.41176470588235287,0.3529411764705882,90894.89221904034
1147,2017-03-28,-0.013687380610111655,0.005201259381365064,-0.01697232458177733,0.019536616269236973,0.019536616269236973,0.962029669290243,0.9072801468498204,1.4043753073037069,2.61581202655623,4.336464863928913,3.4429858202686736,0.42857142857142855,0.4166666666666666,0.3076923076923077,0.35294117647058826,0.4705882352941176,0.4117647058823529,120212.5264224891
1148,2017-03-29,-0.012469477161005216,0.007048061996423494,-0.014095961347139196,0.009854914039280516,0.009854914039280516,-0.6273461812780212,0.15877570813394026,0.39709523595115037,1.3006717232881604,3.0933156036086817,2.319767479527446,0.42857142857142855,0.49999999999999994,0.3846153846153846,0.35294117647058826,0.5294117647058822,0.4117647058823529,59562.56897705526
1149,2017-03-30,-0.00027108399614717005,0.010298021122058465,-0.0035230892399409353,0.00027115750260664484,0.00027115750260664484,-0.6775121584004284,0.37552727349057236,0.22713058518584184,1.0278029833943325,2.880285235550417,2.21547754155369,0.5714285714285714,0.5833333333333333,0.3846153846153846,0.411764705882353,0.588235294117647,0.47058823529411764,56245.60941752794
1150,2017-03-31,0.0019272852422909104,0.007433920704845942,-0.0024779735682820547,-0.0157182105301783,-0.0157182105301783,0.6135934550031585,1.9666458857772184,1.7080126389763084,2.289531053335425,4.254140838053289,3.6850990402768957,0.42857142857142855,0.49999999999999994,0.3846153846153846,0.35294117647058826,0.5294117647058822,0.4117647058823529,51582.149779735686
1151,2017-04-03,0.0013722009158121384,0.004390752041458557,-0.012623463573640747,0.0033039372246697063,0.0033039372246697063,0.13329387224814138,1.6877082163005985,1.1377140817155462,1.7041940251268706,3.6428141844376816,3.1233711849756762,0.5714285714285714,0.5833333333333333,0.3846153846153846,0.411764705882353,0.5294117647058822,0.4117647058823529,50155.422891230046
1152,2017-04-04,-0.005968583668784833,0.0016276993589880995,-0.008952848373498412,0.011525851029798195,0.011525851029798195,-0.8720273385621424,0.3158642655179955,-0.1020621112790776,0.40676031762143516,2.254381252949389,1.7373069058168156,0.7142857142857143,0.5833333333333333,0.46153846153846145,0.4705882352941177,0.5294117647058822,0.47058823529411764,38599.10747151092
1153,2017-04-05,0.014547441124661553,0.026939655898158943,-0.002963389088453283,0.007053662315418929,0.007053662315418929,-1.0698868822706653,-0.5387906164237011,-0.8325613422154432,-0.3017085595441893,1.4455304935808488,0.8321653549305585,0.8571428571428571,0.6666666666666667,0.5384615384615385,0.5294117647058825,0.5294117647058822,0.5294117647058824,88665.48945761017
1154,2017-04-06,0.006458611410118609,0.011571582346609377,-0.0043057050592033574,0.0010776131755820817,0.0010776131755820817,-0.9341842226664565,-0.841919306473915,-0.8470452099031078,-0.4696521797631914,1.2520028576554543,0.5140352914039692,0.8571428571428571,0.6666666666666667,0.6153846153846153,0.5294117647058825,0.5294117647058822,0.5882352941176471,65058.20344456405
1155,2017-04-07,-0.0035163915738060103,0.019745739254916295,-0.004327833261351666,-0.005112997847147249,-0.005112997847147249,-0.3941438897986371,-0.6182647925814355,-0.17002459707290418,0.03634317301901557,1.682934766488109,0.7863392499540822,0.7142857142857143,0.5833333333333333,0.6153846153846153,0.5294117647058825,0.4705882352941176,0.5882352941176471,90956.53067466781
1156,2017-04-10,-0.006534239756102456,0.005488839806003121,-0.009931966018398741,0.034893074522773126,0.034893074522773126,-3.2447122896944847,-3.72637873261632,-3.209862264225005,-3.312847327980961,-1.722360506234466,-2.699620408463499,0.7142857142857143,0.6666666666666667,0.6923076923076923,0.5294117647058825,0.5294117647058822,0.6470588235294118,109630.4746278868
1157,2017-04-11,0.0013024225397868516,0.002865355635982114,-0.015889554985401455,0.0033978308101323407,0.0033978308101323407,-2.802067575687406,-3.8067929767705566,-3.288304455592861,-3.532599820370641,-2.0550355910588736,-3.141171741108928,0.8571428571428571,0.6666666666666667,0.6923076923076923,0.5882352941176472,0.5294117647058822,0.6470588235294118,103781.23766038648
1158,2017-04-12,0.01640235011468838,0.02323668544359281,-0.006014242426777394,-0.0471476177949367,-0.0471476177949367,2.0620111346240755,0.9060319351540835,1.5530156145348029,1.0784743220392023,2.61757360262167,1.46435468053987,0.7142857142857143,0.6666666666666667,0.6923076923076923,0.5294117647058825,0.5294117647058822,0.5882352941176471,211595.48925114874
1159,2017-04-13,0.01357722360764746,0.018287614297589183,-0.0002770296481020562,-0.013395351919335496,-0.013395351919335496,3.1429359141827984,2.1929305703993984,2.6850860942880805,2.3077225586826566,3.780431922838412,2.667784427819342,0.5714285714285714,0.6666666666666667,0.6153846153846153,0.5294117647058825,0.5294117647058822,0.5294117647058824,65388.304516486554
1160,2017-04-17,0.002758565517241296,0.0066207448275861225,-0.0066207448275861225,0.004433361041839667,0.004433361041839667,2.34482758620691,1.8246303448275825,2.013792972085393,1.7467977339901575,3.1009167159277595,2.141803665024633,0.5714285714285714,0.75,0.6923076923076923,0.5882352941176472,0.588235294117647,0.5294117647058824,50346.58620689655
1161,2017-04-18,-0.0014056789429293115,0.010120888389091975,-0.009839724486927048,-0.01875862068965517,-0.01875862068965517,3.6627977027189784,3.5784569661432286,3.6146028622300763,3.6045622314149206,4.783026292889958,3.916090043776843,0.42857142857142855,0.6666666666666667,0.6153846153846153,0.5882352941176472,0.5294117647058822,0.47058823529411764,95003.21703682879
1162,2017-04-19,0.012979768989271223,0.017776552420331715,-0.0039503387119169675,-0.0036547933651953635,-0.0036547933651953635,3.426316204386559,3.66615900380165,3.590242227500662,3.9614265669541515,4.852259623102029,4.169322191169211,0.42857142857142855,0.5833333333333333,0.5384615384615385,0.5882352941176472,0.5294117647058822,0.4117647058823529,66186.92511816944
1163,2017-04-20,-0.008335731684593894,0.0011113364205981302,-0.011392052715084477,0.015519272446931964,0.015519272446931964,0.9447020472916234,1.9013161329797024,1.878823113681638,2.407409265654259,3.021952557030394,2.4173385708620154,0.42857142857142855,0.5833333333333333,0.6153846153846153,0.6470588235294117,0.5294117647058822,0.47058823529411764,100040.67268454167
1164,2017-04-21,0.006991051845137042,0.008389346106786544,-0.005313143473889559,-0.00639077486019568,-0.00639077486019568,0.5433105928665194,2.444875895766452,2.359651777864835,3.0041603429939334,3.4092161941875476,2.958407164500243,0.2857142857142857,0.5833333333333333,0.5384615384615385,0.5882352941176472,0.5294117647058822,0.4117647058823529,98707.05921186012
1165,2017-04-24,0.005254369469026576,0.00857303650442498,-0.0002764933628317534,0.01118573888063401,0.01118573888063401,-0.7348297250316049,1.2563209149810683,1.1404337863464065,1.865715569690285,2.079922763906472,1.6550427465233941,0.42857142857142855,0.5833333333333333,0.6153846153846153,0.6470588235294117,0.5294117647058822,0.47058823529411764,86425.99115044248
1166,2017-04-25,-0.006604347826087098,0.0005503852504125106,-0.011007182168409568,0.004977876106194934,0.004977876106194934,-1.1282337447912738,0.6525666325969182,0.6171868857614671,1.2019417800141374,1.4465313048719564,1.0574728359147745,0.5714285714285714,0.5833333333333333,0.6923076923076923,0.6470588235294117,0.588235294117647,0.5294117647058824,70929.10456796917
1167,2017-04-26,-0.011650430281565316,0.0069348129524220425,-0.011650430281565316,-0.007980214639515815,-0.007980214639515815,-0.4121240455116526,1.2502500842153763,1.4556526392823788,1.8317837837229511,2.188374276409566,1.7665964429014247,0.42857142857142855,0.49999999999999994,0.6923076923076923,0.6470588235294117,0.588235294117647,0.5294117647058824,78254.20328031077
1168,2017-04-27,0.01628117773671378,0.016852328869027433,-0.010853956632616901,-0.028848849621327166,-0.028848849621327166,2.317709358338149,3.8193220446015586,4.262733068150304,4.533404082375037,5.0348503984762205,4.672956075494272,0.42857142857142855,0.4166666666666666,0.6153846153846153,0.5882352941176472,0.588235294117647,0.47058823529411764,130538.85321564427
1169,2017-04-28,-0.006460646430373362,0.004775337346929254,-0.008988736460041502,0.016852328869027433,0.016852328869027433,0.686199476752769,1.8238405920295575,2.3622308710723683,2.5150531107975382,3.198656881144446,2.93258957085174,0.5714285714285714,0.49999999999999994,0.6153846153846153,0.5882352941176472,0.6470588235294117,0.5294117647058824,59872.59886930331
1170,2017-05-01,-0.0011160993303572786,0.006138420758928564,-0.0044642857142858094,0.006741629592226461,0.006741629592226461,-0.047834422831649626,0.6596769371810973,1.5359259406887649,1.7169556162308641,2.363684497236407,2.259247050382651,0.5714285714285714,0.49999999999999994,0.6153846153846153,0.6470588235294117,0.7058823529411764,0.5294117647058824,50389.62499999999
1171,2017-05-02,-0.007914160318989283,0.004239626788026252,-0.007914160318989283,-0.012834793526785848,-0.012834793526785848,1.0982754272473194,1.360733022994709,2.729544863495059,2.868848945804947,3.569901242337714,3.5080318801735233,0.5714285714285714,0.4166666666666666,0.6153846153846153,0.5882352941176472,0.6470588235294117,0.5294117647058824,96904.02835203425
1172,2017-05-03,0.004973610298420139,0.014335810415447625,-0.0011703042715036638,-0.033917494801653625,-0.033917494801653625,3.8201103402156766,4.417787135333939,6.021342890579295,6.20454672740951,6.923167056758328,6.977346234222193,0.42857142857142855,0.4166666666666666,0.5384615384615385,0.5882352941176472,0.6470588235294117,0.47058823529411764,102676.00409596255
1173,2017-05-04,-0.007392075694855116,0.0053222945002957545,-0.01330576581904197,-0.010532475131655894,-0.010532475131655894,3.8607738447241635,5.04984265438877,6.721859987046264,7.050983779673925,7.799695376080651,7.766325420292297,0.2857142857142857,0.4166666666666666,0.46153846153846145,0.5882352941176472,0.588235294117647,0.47058823529411764,149942.8202247191
1174,2017-05-05,-0.01333728539650414,0.0,-0.01420707369051466,0.01981082199881712,0.01981082199881712,1.1970280546808931,2.6446523339057615,4.285569757978269,4.832657218832792,5.507455948151785,5.3895474652956965,0.42857142857142855,0.4166666666666666,0.46153846153846145,0.6470588235294117,0.6470588235294117,0.5294117647058824,97876.64001869297
1175,2017-05-08,-0.0023508081795711178,0.0023509257229188396,-0.004407816761910488,-0.01333728539650414,-0.01333728539650414,2.15356498499204,3.708914512247219,5.257268531131709,5.987366785238102,6.765041968663343,6.465726230049484,0.42857142857142855,0.4166666666666666,0.3846153846153846,0.5882352941176472,0.588235294117647,0.5294117647058824,57277.87326708414
1176,2017-05-09,0.004941802038267218,0.009302295970796903,-0.0026163079874239603,0.010872847807018804,0.010872847807018804,0.5564742201385142,2.377485534531587,3.769373396575748,4.588864247325164,5.528786638691829,4.984212833143764,0.42857142857142855,0.49999999999999994,0.46153846153846145,0.5882352941176472,0.588235294117647,0.5882352941176471,75693.76304100215
1177,2017-05-10,-0.0034187466335469097,0.0031339318025034313,-0.009686610238553217,0.020348719747167454,0.020348719747167454,-1.7500953378157824,0.15466484397763658,1.2712033013031476,2.319907641345975,3.387605741798194,2.7391181861931235,0.42857142857142855,0.49999999999999994,0.46153846153846145,0.5882352941176472,0.6470588235294117,0.6470588235294118,76944.87333024919
1178,2017-05-11,-0.0017055429221147778,0.00028422399090399786,-0.009380386583285993,0.0022792593891316493,0.0022792593891316493,-2.0547384877771635,-0.19085580281005265,0.6064048837272296,1.9714930358158078,3.0712794065892446,2.35198530008931,0.5714285714285714,0.5833333333333333,0.46153846153846145,0.6470588235294117,0.6470588235294117,0.6470588235294118,60226.40193291643
1179,2017-05-12,-0.0068182384426636045,0.002840852192021126,-0.007954630455834333,0.0005685332575326996,0.0005685332575326996,-1.696430552455308,-0.44237336405594796,0.3625508555011203,1.7877403104132217,2.9484545293323228,2.1623344353232987,0.7142857142857143,0.5833333333333333,0.5384615384615385,0.6470588235294117,0.7058823529411764,0.7058823529411765,62606.95276681952
1180,2017-05-15,0.0011204761590901668,0.005322072680054024,-0.003081260417891807,0.014204545051007322,0.014204545051007322,-2.320929906976754,-1.96478886053012,-1.095107745768642,0.2460953312418468,1.35587264442667,0.6666637668401476,0.8571428571428571,0.5833333333333333,0.6153846153846153,0.6470588235294117,0.7647058823529411,0.7058823529411765,50676.86972891121
1181,2017-05-16,-0.0027707952341370357,0.004987531172069737,-0.004710501523968014,0.010924341430690765,0.010924341430690765,-2.7431417488026133,-3.016268851680337,-2.185013920225909,-0.9391206507540661,0.14052151367611732,-0.4005860744963008,0.8571428571428571,0.6666666666666667,0.6153846153846153,0.6470588235294117,0.8235294117647058,0.7647058823529412,53614.96009975062
1182,2017-05-17,0.006493619790718164,0.014963383114815487,0.0,-0.01856475477971753,-0.01856475477971753,-0.3428192498163507,-1.099050638810628,-0.3549194898048058,0.7592615577545425,1.8492431336455173,1.3938910200632204,0.8571428571428571,0.6666666666666667,0.6153846153846153,0.5882352941176472,0.7647058823529411,0.7058823529411765,67537.11787341151
1183,2017-05-18,-0.012534846098337327,0.005570918909698186,-0.01754880125076308,0.013551779421331345,0.013551779421331345,-1.0783978706821906,-2.3617237044801898,-1.6262159858057124,-0.6943950070770866,0.3183387539856364,-0.040594585880115996,0.8571428571428571,0.6666666666666667,0.6923076923076923,0.6470588235294117,0.7647058823529411,0.7058823529411765,78079.77559438576
1184,2017-05-19,-0.01089615938153532,0.0059929448649671535,-0.011168619209169783,0.022562589272279165,0.022562589272279165,-2.6345457385757887,-4.3468077224098405,-3.7034133397824687,-3.0363442084850756,-1.9113750504454408,-2.260961963757391,0.8571428571428571,0.6666666666666667,0.6923076923076923,0.6470588235294117,0.7647058823529411,0.7647058823529412,70475.71126332638
1185,2017-05-22,0.0,0.001897533258268691,-0.005692572667188256,0.004903296238172095,0.004903296238172095,-2.447427940719482,-4.521160522201628,-4.027415204243923,-3.6546852634581573,-2.4016034806615183,-2.693720399860766,0.8571428571428571,0.75,0.7692307692307692,0.6470588235294117,0.8235294117647058,0.7647058823529412,45255.16820970908
1186,2017-05-23,-0.001909438079650605,0.003273295144571753,-0.009001582105837347,-0.006234725026693755,-0.006234725026693755,-1.2664644221027088,-3.4389367547346006,-3.3603516223728813,-3.0424366767983657,-1.7996781882420043,-2.0660902501753453,0.7142857142857143,0.75,0.6923076923076923,0.6470588235294117,0.7647058823529411,0.7647058823529412,73482.3606110202
1187,2017-05-24,-0.004384762708426138,0.004932748427912026,-0.006029103533619851,-0.004637152209492679,-0.004637152209492679,-0.4972062523552756,-2.466433917198141,-2.8905560278701836,-2.5515852260024396,-1.3434916201090386,-1.6388107781256878,0.5714285714285714,0.75,0.6153846153846153,0.6470588235294117,0.7058823529411764,0.7647058823529412,68034.07437461911
1188,2017-05-25,0.01242753417364062,0.022369539419208495,-0.0008284728204495106,-0.0076734169540465524,-0.0076734169540465524,0.31956682146592197,-1.3729408198626447,-2.1185913447882343,-1.8019859849840336,-0.5556188262490158,-0.9500113096227558,0.42857142857142855,0.6666666666666667,0.6153846153846153,0.5882352941176472,0.6470588235294117,0.7647058823529412,68714.82625561519
1189,2017-05-26,0.005859347098214229,0.008928571428571175,-0.001953125,-0.010218144441263344,-0.010218144441263344,1.5226407047193913,0.005979153380097912,-0.9978208705357372,-0.761320452008929,0.4251698687287364,-0.03268518813775989,0.42857142857142855,0.6666666666666667,0.6153846153846153,0.5882352941176472,0.588235294117647,0.7058823529411765,37471.09821428571
1190,2017-05-30,0.0011119543755364614,0.0036140393768684387,-0.0036141505806464025,0.003627260044642755,0.003627260044642755,1.1835231411705838,-0.04368997853040346,-1.3066466401371768,-1.0673605684438536,0.0013210082108638943,-0.4734133868942614,0.42857142857142855,0.6666666666666667,0.6153846153846153,0.6470588235294117,0.6470588235294117,0.7058823529411765,25714.873624801952
1191,2017-05-31,0.013679110857794052,0.013679110857794052,-0.0017099173553720703,-0.024464858925080324,-0.024464858925080324,3.0615156943370136,2.461019012335619,1.066645496614127,1.3221101860521722,2.386380395988552,1.7644423726743463,0.2857142857142857,0.5833333333333333,0.5384615384615385,0.5882352941176472,0.588235294117647,0.6470588235294118,76958.24764890282
1192,2017-06-01,-0.0031241409578002255,0.009940414937245512,-0.0065322069449649245,0.003419749216300838,0.003419749216300838,2.0286477632187827,2.1179079191193884,0.6992092542478012,0.9210072481318221,1.962378032769263,1.1595759650952608,0.2857142857142857,0.5833333333333333,0.6153846153846153,0.6470588235294117,0.588235294117647,0.7058823529411765,66775.4858499428
1193,2017-06-02,-0.007612066320494382,0.0050747390731678,-0.01043143472141439,0.007384322845337188,0.007384322845337188,0.8014801014524897,1.4237357124082584,0.13424919406173075,0.1117615458442689,1.1498620911741364,0.3286449623403298,0.42857142857142855,0.5833333333333333,0.6923076923076923,0.6470588235294117,0.6470588235294117,0.7058823529411765,58851.54979271074
1194,2017-06-05,0.003421699458226346,0.006558283433133694,-0.0037069004847447573,-0.011277163482459551,-0.011277163482459551,1.3727646747321742,2.452238380382088,1.4460878243512942,1.1242819463114673,2.1820302931551794,1.3898731516558627,0.42857142857142855,0.49999999999999994,0.6923076923076923,0.5882352941176472,0.6470588235294117,0.6470588235294118,44772.31052181352
1195,2017-06-06,-0.005678619940981844,0.004258886875102563,-0.00681433825058686,0.004277188480182659,0.004277188480182659,0.5394641689938862,1.8394554113888573,1.1127309654047401,0.6094318193152315,1.618395684288787,0.874500177977211,0.5714285714285714,0.49999999999999994,0.6923076923076923,0.6470588235294117,0.6470588235294117,0.6470588235294118,72858.16885692308
1196,2017-06-07,0.010607769191290917,0.016054988071817933,-0.008314248614843645,-0.009653605631641082,-0.009653605631641082,1.126308945428578,2.721573889863138,2.214392547916333,1.5768323597729728,2.4533063680654443,1.8012749319752608,0.5714285714285714,0.49999999999999994,0.6923076923076923,0.6470588235294117,0.6470588235294117,0.5882352941176471,105985.23549351389
1197,2017-06-08,-0.017982551278449055,0.0028097499297554673,-0.019387412194436737,0.02035547533384552,0.02035547533384552,-1.0436310360052992,0.6101236302332058,0.3344976518283582,-0.45056737446314,0.31710345335096424,-0.21755701842413044,0.5714285714285714,0.49999999999999994,0.6923076923076923,0.6470588235294117,0.7058823529411764,0.6470588235294118,91080.76454060129
1198,2017-06-09,-0.003673382415184556,0.00960726220986885,-0.004521023015570225,-0.005619584152851909,-0.005619584152851909,-0.36329553361753586,0.9122867895935194,0.9405433600444324,0.0666081034442989,0.6909432507297142,0.2979076498015987,0.5714285714285714,0.4166666666666666,0.6153846153846153,0.5882352941176472,0.6470588235294117,0.5882352941176471,58874.39019144928
1199,2017-06-12,0.008551852420076722,0.01197257628434567,0.0,-0.008759452070060902,-0.008759452070060902,0.46424089224885723,1.4354896151781649,1.8189664760865032,0.9203401902396102,1.356078477825795,1.128842743916758,0.42857142857142855,0.3333333333333333,0.5384615384615385,0.5882352941176472,0.6470588235294117,0.5294117647058824,58741.87008307468
1200,2017-06-13,-0.0019706925675676557,0.0005630912162160051,-0.00591213400900914,0.012542701679435497,0.012542701679435497,-0.7601339285714492,-0.05027248230373704,0.6006011368511199,-0.19506052927930062,0.02949384652508602,-0.1753537644787695,0.42857142857142855,0.4166666666666666,0.5384615384615385,0.6470588235294117,0.6470588235294117,0.5882352941176471,71693.81981981981
1201,2017-06-14,0.021962378152812878,0.022532714702432566,-0.005989817284945298,-0.01295042229729737,-0.01295042229729737,0.5378522379391848,0.9697640502471572,1.833589033078864,1.2407280022610268,1.2719663886245458,1.0300682617126578,0.42857142857142855,0.4166666666666666,0.46153846153846145,0.6470588235294117,0.588235294117647,0.5882352941176471,99206.07075849769
1202,2017-06-15,0.0011587775202779316,0.0028968424101969426,-0.010139107763615374,-0.01540219579571589,-0.01540219579571589,1.8208918225459447,2.1995540887270293,3.210009932130431,2.82755390249958,2.7368538597362324,2.4838606191027957,0.2857142857142857,0.4166666666666666,0.3846153846153846,0.5882352941176472,0.588235294117647,0.5294117647058824,68553.46118192351
1203,2017-06-16,0.002593659867617726,0.004610950875765019,-0.0066282418839122,0.005214397450753028,0.005214397450753028,1.218606798969768,1.4347451212712636,2.5758179578809104,2.3631101624463913,2.144226711913322,1.9267164533264047,0.42857142857142855,0.49999999999999994,0.46153846153846145,0.6470588235294117,0.6470588235294117,0.5882352941176471,116690.63928842537
1204,2017-06-19,-0.0020051561157259368,0.009166427957605361,-0.002864480091664179,0.006051844205998691,0.006051844205998691,0.33146581004215303,0.6076860907640036,1.8237379110911167,1.799525821500203,1.4936369712594377,1.2571108564881195,0.42857142857142855,0.49999999999999994,0.46153846153846145,0.6470588235294117,0.6470588235294117,0.6470588235294118,115493.12775708966
1205,2017-06-20,0.013060315021083957,0.013653992687859606,-0.005639626169178569,-0.034947035233457324,-0.034947035233457324,3.2438664406863715,3.954123426531231,5.084174626874849,5.336474949562509,5.006434373821711,4.741554904765666,0.42857142857142855,0.49999999999999994,0.3846153846153846,0.5882352941176472,0.588235294117647,0.5882352941176471,151984.75696009965
1206,2017-06-21,0.008316097910074038,0.016038046690706853,-0.007425007866053379,-0.0005936776667758714,-0.0005936776667758714,2.7069512406013185,3.6891747704546063,4.6911971898543126,5.238879771497795,4.921018366898311,4.658668442536218,0.42857142857142855,0.4166666666666666,0.3076923076923077,0.5294117647058825,0.588235294117647,0.5882352941176471,141246.40963750577
1207,2017-06-22,-0.012964025131526946,0.0035357101807811375,-0.015321184894554696,0.008019038195369088,0.008019038195369088,1.2248527172908918,2.5423047722709535,3.476727099659449,4.269091589711427,3.930608893204801,3.8058793107212274,0.42857142857142855,0.4166666666666666,0.3846153846153846,0.5294117647058825,0.6470588235294117,0.5882352941176471,132665.47415045594
1208,2017-06-23,-0.006440310304449581,0.002927341920374804,-0.008782172131147514,0.00648205676140412,0.00648205676140412,0.19655277684846872,1.69161947975911,2.4855025370804196,3.436559154399488,3.1093174974908377,3.1657748410840014,0.5714285714285714,0.49999999999999994,0.46153846153846145,0.5294117647058825,0.7058823529411764,0.5882352941176471,52452.16159250586
1209,2017-06-26,0.010005885815185467,0.011771659799882483,-0.00706291936433201,-0.005269320843091285,-0.005269320843091285,0.5002930295131769,1.9696460102581526,2.7158835729701014,3.7627176700580245,3.510468412791856,3.6693855208946635,0.5714285714285714,0.4166666666666666,0.46153846153846145,0.4705882352941177,0.6470588235294117,0.5882352941176471,54616.422012948795
1210,2017-06-27,0.006974774774774817,0.018017988956698705,-0.000290555071200127,0.012654502648616894,0.012654502648616894,-0.8759928592186772,0.597832648316543,1.234414414414431,2.3612325113131716,2.1754475443185317,2.405447170672992,0.5714285714285714,0.49999999999999994,0.5384615384615385,0.5294117647058825,0.7058823529411764,0.6470588235294118,140376.7971519907
1211,2017-06-28,-0.010998280061993326,0.0053582347816760745,-0.011562324071131669,0.03051435629177579,0.03051435629177579,-3.5895569459628685,-2.4071364791312555,-1.8317056622698002,-0.7140814801328332,-0.8594495716816364,-0.5414523559349349,0.5714285714285714,0.49999999999999994,0.5384615384615385,0.5294117647058825,0.7058823529411764,0.6470588235294118,114401.14648624214
1212,2017-06-29,0.005897191634451238,0.013198567447386678,-0.007301403894933833,0.004230174964189759,0.004230174964189759,-3.2254221423438145,-2.7741031033870045,-2.1756889508170896,-1.242631047866094,-1.2924430307948431,-0.919487437572053,0.7142857142857143,0.5833333333333333,0.6153846153846153,0.5294117647058825,0.7058823529411764,0.6470588235294118,61433.98844608289
1213,2017-06-30,0.006181539758358889,0.008148384377633988,-0.0064624613655522856,-0.0005616680549936914,-0.0005616680549936914,-2.400353630634622,-2.6171079356159477,-2.0698695460201533,-1.3175848954361302,-1.2229221691486547,-0.8308912615903274,0.7142857142857143,0.5833333333333333,0.5384615384615385,0.4705882352941177,0.6470588235294117,0.6470588235294118,58043.39449283506
1214,2017-07-03,-0.0066335268103924205,0.004975152017689277,-0.007186346047540093,0.01657769036246126,0.01657769036246126,-3.107478480612824,-4.07486417120746,-3.573402695517136,-2.974215924346524,-2.7020977124957213,-2.370686093342822,0.7142857142857143,0.5833333333333333,0.5384615384615385,0.5294117647058825,0.6470588235294117,0.7058823529411765,37414.69928137092
1215,2017-07-05,0.017032911152037977,0.017032911152037977,-0.00274733501388269,0.006080762852404664,0.006080762852404664,-2.8139762975052385,-4.391685198259054,-3.982213151160452,-3.569471252069867,-3.121407337651616,-2.905813576603633,0.7142857142857143,0.6666666666666667,0.6153846153846153,0.5882352941176472,0.6470588235294117,0.7647058823529412,134062.17944707806
1216,2017-07-06,-0.014884952235860505,0.014073071337670662,-0.014884952235860505,0.015109861807150349,0.015109861807150349,-3.1123154000146647,-5.345063454802068,-5.188480818405705,-4.933309648044959,-4.404925262576942,-4.28455669827218,0.8571428571428571,0.75,0.6153846153846153,0.6470588235294117,0.6470588235294117,0.7647058823529412,114155.96578736222
1217,2017-07-07,-0.003761391623820831,0.0018807092455477292,-0.011821654706565043,0.007307171656098177,0.007307171656098177,-2.736625012833449,-5.548094961093664,-5.5768809432787165,-5.4905216533597585,-4.894324156520047,-4.840717456494136,0.8571428571428571,0.75,0.6923076923076923,0.7058823529411764,0.7058823529411764,0.823529411764706,66895.82786413681
1218,2017-07-10,-0.023113682866994778,0.0055791446753226115,-0.023379410823044955,0.01128420173873712,0.01128420173873712,-2.994530594207212,-6.083950935887572,-6.371132323508155,-6.386629894893003,-5.750591848543129,-5.770454153610083,0.8571428571428571,0.75,0.6923076923076923,0.7058823529411764,0.7058823529411764,0.823529411764706,57576.04722574514
1219,2017-07-11,-0.009431412597925681,0.0023578727984214787,-0.015195127859320201,0.01408073895007278,0.01408073895007278,-3.3833547189900948,-6.549641796829919,-7.32437093157624,-7.398288310101564,-6.867766868079162,-6.969567115438224,0.8571428571428571,0.8333333333333333,0.7692307692307692,0.7647058823529413,0.7058823529411764,0.823529411764706,69873.25045188633
1220,2017-07-12,0.0,0.00909797220956654,-0.0012997920119628414,0.007859654590498089,0.007859654590498089,-3.067326965459949,-6.38716849972083,-7.627467216041195,-7.817782113244187,-7.390423824131487,-7.577706364722269,1.0,0.9166666666666665,0.8461538461538463,0.7647058823529413,0.7058823529411764,0.823529411764706,75026.29204504049
1221,2017-07-13,-0.0028467909639440236,0.004140786856645429,-0.00983439466445124,0.004418975710450246,0.004418975710450246,-2.5842916965766127,-5.930195546847727,-7.649361826674306,-7.930343483852431,-7.5858941009856355,-7.837915094888393,1.0,0.9166666666666665,0.8461538461538463,0.7647058823529413,0.7647058823529411,0.823529411764706,54463.287123816954
1222,2017-07-14,-0.003807157167149411,0.0038070302636024067,-0.00406091349944615,0.019668815208820245,0.019668815208820245,-3.3756390599748,-6.794783012592598,-8.906216855135229,-9.313818599008494,-9.144916142027448,-9.404645352918662,1.0,0.9166666666666665,0.9230769230769231,0.8235294117647061,0.8235294117647058,0.823529411764706,56816.25599912406
1223,2017-07-17,0.0,0.007063547100492951,-0.0010091069881208448,0.006091294107041012,0.006091294107041012,-2.991204486587984,-6.33919289453061,-8.842677172764656,-9.464643636487347,-9.481761987791316,-9.705922185171756,1.0,1.0,1.0,0.8235294117647061,0.8823529411764706,0.823529411764706,56366.30717374639
1224,2017-07-18,-0.004565051990869873,0.004057823991884479,-0.006340349987319249,-0.005297654018608933,-0.005297654018608933,-1.6738531212637353,-4.930980399260887,-7.78595002596526,-8.570341563711459,-8.757532637706355,-8.96489228651135,0.8571428571428571,0.9166666666666665,0.9230769230769231,0.8235294117647061,0.8823529411764706,0.823529411764706,59370.03728125792
1225,2017-07-19,-0.0067822153533732,0.0015071087287839013,-0.008289399440105538,0.009637357342125341,0.009637357342125341,-1.8337125889547279,-5.0579555194111725,-8.080049317973426,-9.064486979397103,-9.394626502928016,-9.558260857258304,0.8571428571428571,0.9166666666666665,0.9230769230769231,0.8235294117647061,0.8823529411764706,0.823529411764706,56195.93403172735
1226,2017-07-20,0.00841627157399305,0.011476689912692795,-0.004590665763597901,-0.015071639912794699,-0.015071639912794699,0.04736692655507024,-2.949317669126783,-6.003082457177767,-7.325023868820524,-7.856350864069395,-7.874082031255059,0.7142857142857143,0.8333333333333333,0.9230769230769231,0.8235294117647061,0.8823529411764706,0.7647058823529412,62860.516522864484
1227,2017-07-21,0.009280767999980233,0.0095385148353051,-0.0020624387197101246,-0.010711502440997389,-0.010711502440997389,1.248478588961266,-1.309249588757233,-4.3567952080277195,-5.980004541450179,-6.742044044755113,-6.612899324972188,0.5714285714285714,0.8333333333333333,0.9230769230769231,0.8235294117647061,0.8235294117647058,0.7058823529411765,63775.74494001689
1228,2017-07-24,-0.003856955614732871,0.0007713808375258147,-0.009771175360534179,0.0025779323903603046,0.0025779323903603046,1.0799721102002113,-1.0652727747012092,-3.9966177912414524,-5.91227763797505,-6.845311922212294,-6.601767939655345,0.5714285714285714,0.8333333333333333,0.9230769230769231,0.8235294117647061,0.8235294117647058,0.7647058823529412,49932.14605125086
1229,2017-07-25,-0.006714747742222138,0.005968714398624897,-0.008455608267983417,0.033941888247412955,0.033941888247412955,-1.9504725677809587,-3.636264523586352,-6.431707269058695,-8.54353717911238,-9.683089972104653,-9.302587576360233,0.5714285714285714,0.8333333333333333,0.9230769230769231,0.8823529411764706,0.8823529411764706,0.823529411764706,124413.32788894125
1230,2017-07-26,-0.007605422355516422,0.003925417268175524,-0.011285550112146825,0.013678164975831075,0.013678164975831075,-2.8809720325725707,-4.268887073336691,-6.902187239931601,-9.230859488406107,-10.636006585251955,-10.138086225757782,0.5714285714285714,0.8333333333333333,1.0,0.9411764705882353,0.8823529411764706,0.8823529411764707,69709.50391121216
1231,2017-07-27,0.008578505112218249,0.009558823763696767,-0.008578382563195652,0.0009813788509016597,0.0009813788509016597,-2.4964976102082814,-3.735993088767331,-6.247663668535175,-8.785887645312362,-10.434171474226883,-9.81162264944453,0.7142857142857143,0.8333333333333333,1.0,0.9411764705882353,0.9411764705882353,0.9411764705882352,51734.29538566901
1232,2017-07-28,-0.008021341954821182,0.00194462814644214,-0.009965945794019215,0.0083333335375817,0.0083333335375817,-2.840474754786193,-3.9238823094214004,-6.36502330447194,-8.998887207417926,-10.875174466257686,-10.171537784571028,0.7142857142857143,0.8333333333333333,1.0,0.9411764705882353,0.9411764705882353,0.9411764705882352,48270.75615633826
1233,2017-07-31,-0.002880436869899139,0.002640422467594883,-0.0064810609697549815,0.012639791264943634,0.012639791264943634,-3.2130872368150265,-4.524724641656929,-6.842237958073294,-9.451512756326718,-11.612143771574868,-10.862766819834025,0.8571428571428571,0.8333333333333333,1.0,1.0,1.0,1.0,48770.00336053769
1234,2017-08-01,0.005556897935658167,0.006040106451802529,-0.005556873775232618,-0.0064810609697549815,-0.0064810609697549815,-1.6843268277026646,-3.397989934718304,-5.5672504480174245,-8.194696725789107,-10.680056402260952,-9.84571666351436,0.8571428571428571,0.75,1.0,1.0,1.0,0.9411764705882352,34028.95974945542
1235,2017-08-02,-0.0065597910592807285,0.0009718415937804981,-0.010204033041788185,-0.005556873775232618,-0.005556873775232618,-0.3470796890184591,-2.420867173399943,-4.463418483039449,-7.055220394280138,-9.851798035540737,-8.950437734277372,0.7142857142857143,0.6666666666666667,0.9230769230769231,0.9411764705882353,0.9411764705882353,0.8823529411764707,40300.26336248786
1236,2017-08-03,0.0029411520328712637,0.007107867821271263,-0.002450931432620873,-0.008746379980563601,-0.008746379980563601,0.7387958864550681,-1.3147748921688684,-3.1069078726016275,-5.653884679892118,-8.721986791738711,-7.745096338290159,0.5714285714285714,0.5833333333333333,0.8461538461538463,0.8823529411764706,0.9411764705882353,0.8823529411764707,36114.19696360777
1237,2017-08-04,-0.006309099886170899,0.0021839359908744083,-0.01091970422032773,0.010049019854142749,0.010049019854142749,-0.10746282369827886,-2.0244729579204535,-3.578649282018509,-5.965956570047837,-9.284036924653948,-8.199117888840535,0.5714285714285714,0.5833333333333333,0.8461538461538463,0.9411764705882353,1.0,0.8823529411764707,42656.123092868795
1238,2017-08-07,-0.01166949218054325,0.0002381042992092297,-0.012145796039733425,0.018927518052111347,0.018927518052111347,-1.5581994971088586,-3.408980547321694,-4.828819557025554,-7.068014156594426,-10.566012322919827,-9.408367394559436,0.5714285714285714,0.6666666666666667,0.8461538461538463,0.9411764705882353,1.0,0.9411764705882352,45971.848489028416
1239,2017-08-08,-0.0033759102151939002,0.005063877379698933,-0.006751916885654352,-0.012383924154135362,-0.012383924154135362,-0.21013709920784107,-1.9118846209542517,-3.195657943081265,-5.385134563037153,-9.106987390486832,-7.820458111739271,0.42857142857142855,0.5833333333333333,0.7692307692307692,0.8823529411764706,0.9411764705882353,0.8823529411764707,43485.85692098247
1240,2017-08-09,-0.0033849128775406134,0.0002417311353546392,-0.007011629424283572,-0.0026525198299369723,-0.0026525198299369723,-0.04835797064621783,-1.2797074158678035,-2.570924686850151,-4.636987833452222,-8.521578268682484,-7.045457138304078,0.2857142857142857,0.5833333333333333,0.6923076923076923,0.8235294117647061,0.9411764705882353,0.8823529411764707,33076.85219831112
1241,2017-08-10,0.01132454483812273,0.013293968815705659,0.0,-0.01789173070861383,-0.01789173070861383,1.501726139523396,0.84054443934658,-0.5439478692444544,-2.457443174376117,-6.530325534145542,-4.863189892531228,0.2857142857142857,0.5833333333333333,0.6153846153846153,0.8235294117647061,0.9411764705882353,0.8823529411764707,49870.985471983884
1242,2017-08-11,-0.01115231777706649,0.0034697399489338476,-0.014869839646584393,-0.006646996717060483,-0.006646996717060483,1.894145252320878,1.7737690735803557,0.32336533142309776,-1.4356478849320897,-5.619869458942017,-3.7726987177120863,0.2857142857142857,0.49999999999999994,0.5384615384615385,0.7647058823529413,0.8823529411764706,0.823529411764706,57659.47373781778
1243,2017-08-14,0.003707414822229582,0.00963912530002764,-0.0012357637477946604,0.0027261711388437693,0.0027261711388437693,1.4970715714974103,1.5412059910614895,0.17536568001632613,-1.3452422477815862,-5.55869226129575,-3.5894338151473804,0.42857142857142855,0.49999999999999994,0.5384615384615385,0.7647058823529413,0.8823529411764706,0.8823529411764707,43081.057416758704
1244,2017-08-15,-0.005240803593711041,0.0009982780134762947,-0.009982580484152792,-0.009639125300027862,-0.009639125300027862,2.0785054725658725,2.406502014332035,1.2014679073526047,-0.10695648686228632,-4.309720429724173,-2.216835252593685,0.2857142857142857,0.4166666666666666,0.46153846153846145,0.7058823529411764,0.8823529411764706,0.8823529411764707,51276.76391315198
1245,2017-08-16,-0.01748839045365025,0.00024294390298496005,-0.01845999603886317,0.027451909158971777,0.027451909158971777,-0.9334085605597675,-0.2654460727861685,-1.3012212483098806,-2.4332868387730744,-6.492240851144626,-4.36031375496857,0.2857142857142857,0.4166666666666666,0.5384615384615385,0.7058823529411764,0.8823529411764706,0.8823529411764707,58298.73564730317
1246,2017-08-17,0.009886357140048263,0.01038067252547381,-0.0004943153854255478,-0.01724554370879483,-0.01724554370879483,0.4484150241469642,1.3646649585221882,0.5072628000053037,-0.47224632196076755,-4.524749482169044,-2.3289297235453477,0.2857142857142857,0.3333333333333333,0.46153846153846145,0.6470588235294117,0.8235294117647058,0.823529411764706,44670.28138090166
1247,2017-08-18,-0.002227747414467962,0.006188118505538798,-0.004455470076461854,-0.001482872008968683,-0.001482872008968683,0.2581262248452232,1.2924270930198878,0.7967879143504497,-0.1273040955365623,-3.987511235884633,-1.8451255805100542,0.2857142857142857,0.24999999999999994,0.46153846153846145,0.5882352941176472,0.7647058823529411,0.823529411764706,45323.255181967565
1248,2017-08-21,-0.00733314593009049,0.001955560987533689,-0.010021999511121926,0.012623712246350838,0.012623712246350838,-0.8904577993504748,-0.054126305129709174,-0.2130123034302822,-1.1593401019659666,-4.763069222800342,-2.6972103921499957,0.42857142857142855,0.3333333333333333,0.5384615384615385,0.5882352941176472,0.8235294117647058,0.8823529411764707,45163.99633341482
1249,2017-08-22,0.0026563631972955637,0.010383965225791103,-0.0007244385414150178,0.012221950623319433,0.012221950623319433,-1.7214620347052012,-1.2177878014282273,-1.1280929382136873,-2.1138793252147514,-5.483493002610363,-3.511229654672776,0.5714285714285714,0.4166666666666666,0.5384615384615385,0.5882352941176472,0.8235294117647058,0.8823529411764707,70798.32383482251
1250,2017-08-23,-0.011257508982036035,0.002395161676646662,-0.012694586826347276,0.00821057715527651,0.00821057715527651,-2.080410949529521,-1.8597094952951254,-1.7576285143997783,-2.7100094097519345,-5.82035968063872,-3.930881710863998,0.5714285714285714,0.49999999999999994,0.5384615384615385,0.5882352941176472,0.8235294117647058,0.8823529411764707,74933.13173652695
1251,2017-08-24,0.003116782620877112,0.004075809256192997,-0.002876984005681704,-0.0009581077844310615,-0.0009581077844310615,-1.4248022398657967,-1.6799651051812137,-1.5549527150666265,-2.4394614757551336,-5.28878356345338,-3.512688100108985,0.5714285714285714,0.4166666666666666,0.46153846153846145,0.5294117647058825,0.7647058823529411,0.8823529411764707,71255.29516318136
1252,2017-08-25,0.0007048637052429196,0.02443601916268756,-0.0032895440956404176,0.020378854480432862,0.020378854480432862,-2.9269622029782005,-3.5479351005788584,-3.324161441765816,-4.1252715363960135,-6.724402869660229,-5.081232829052674,0.5714285714285714,0.4166666666666666,0.46153846153846145,0.5882352941176472,0.7647058823529411,0.8823529411764707,123220.33169122812
1253,2017-08-28,0.0,0.002101237352265306,-0.008638874217190007,0.006344008309586258,0.006344008309586258,-2.748410531744294,-3.9291599512750075,-3.745710330631813,-4.477841090391344,-6.90270961618602,-5.333382760190252,0.7142857142857143,0.49999999999999994,0.46153846153846145,0.5882352941176472,0.7647058823529411,0.8823529411764707,52978.21769884578
1254,2017-08-29,-0.009302372093023314,0.002093023255814064,-0.010930255813953571,0.003969133599386776,0.003969133599386776,-2.2691023255813847,-4.036545348837195,-3.977851827242529,-4.5406982558139575,-6.861572812846061,-5.386711362126251,0.8571428571428571,0.5833333333333333,0.46153846153846145,0.6470588235294117,0.7647058823529411,0.8823529411764707,43822.25581395349
1255,2017-08-30,0.00420364315740307,0.007239631013544967,-0.0009341662774405846,-0.0041860465116279055,-0.0041860465116279055,-1.221057583238816,-3.266164342430089,-3.4151821578701558,-3.803296857276317,-6.068037020973726,-4.698739374124228,0.7142857142857143,0.5833333333333333,0.46153846153846145,0.6470588235294117,0.7058823529411764,0.8823529411764707,60176.4871555348
1256,2017-08-31,-0.0011494022988505215,0.0029885287356321566,-0.0036781609195400966,0.01588042970574488,0.01588042970574488,-2.0788170771756986,-4.261083743842342,-4.668856157635459,-4.928572003284081,-7.135741926655703,-5.869294318555007,0.7142857142857143,0.6666666666666667,0.5384615384615385,0.6470588235294117,0.7058823529411764,0.8823529411764707,89249.57471264368
1257,2017-09-01,-0.0063405570652173004,0.0018116394927536472,-0.010869565217391242,0.015172413793103301,0.015172413793103301,-2.7626805124223552,-5.093491039078668,-5.731323326432014,-6.030021189182177,-8.10526694056245,-6.968168219461679,0.7142857142857143,0.6666666666666667,0.6153846153846153,0.6470588235294117,0.7058823529411764,0.8823529411764707,54955.97463768117
