,Date,Open,High,Low,Close,Adj Close,gm_week,gm_2_weeks,gm_3_weeks,gm_4_weeks,gm_6_weeks,gm_5_weeks,pr_week,pr_2_weeks,pr_3_weeks,pr_4_weeks,pr_5_weeks,pr_6_weeks,Volume
0,2012-09-04,0.028671605193728356,0.029881355921540953,-0.005444047643646477,0.17274312435040517,0.0,,,,,,,,,,,,,136553.55424367025
1,2012-09-05,-0.0018127129909365491,0.003987939577039246,-0.011722066465256753,0.1740199473011883,0.001089022321871802,,,,,,,,,,,,,75342.80664652569
2,2012-09-06,-0.01462434232074128,0.001651126292592009,-0.016983169984866597,0.20165394008065163,0.024652541816925888,,,,,,,,,,,,,82350.69144531558
3,2012-09-07,-0.009534574563781484,0.0038592963418684345,-0.015323473673631627,0.2185238983731128,0.0390374817268091,,,,,,,,,,,,,121429.19571918719
4,2012-09-10,0.009644133401702337,0.017566004995775097,-0.0002295752061900469,0.1594314680410096,-0.011350807709764155,,,,,,,,,,,,,64196.47564173308
5,2012-09-11,-0.01015802506000063,0.005869131057993915,-0.01343108382462943,0.19293954272472003,0.01722190037239213,,,,,,,,,,,,,66339.85928534671
6,2012-09-12,0.0041516493216455785,0.012567268427942091,-0.005161568497702995,0.1796256655563071,0.005868968397932717,-3.3213699803438135,,,,,,0.7142857142857143,,,,,,67507.9743881629
7,2012-09-13,-0.022607002646669594,0.0031980701367444464,-0.026246107190119106,0.19327109848184287,0.01750439745665333,-3.72108696561404,,,,,,0.8571428571428571,,,,,,86419.37935597706
8,2012-09-14,-0.010303735329048824,0.011913717117392197,-0.012772298224155931,0.20494549370680137,0.027458932722707052,-4.696460418000559,,,,,,0.8571428571428571,,,,,,122095.17091544854
9,2012-09-17,0.010327253186808383,0.01641484979704,-0.002826339880994455,0.15789039891836243,-0.012665010241836083,-2.35582757187609,,,,,,0.7142857142857143,,,,,,86926.92883852439
10,2012-09-18,-0.013968013323304884,0.0,-0.013968013323304884,0.18651171140730738,0.011740550594978139,-2.7260549196823414,,,,,,0.7142857142857143,,,,,,70875.75942838725
11,2012-09-19,-0.0068128484817362445,0.00308708743693642,-0.012028996976176543,0.1837056581494676,0.009347910125114822,-2.5867624234215847,,,,,,0.8571428571428571,,,,,,72228.0808552463
12,2012-09-20,0.004862729577882696,0.004862729577882696,-0.013939928528853174,0.1552654098034969,-0.0149029860452079,-0.5048210620893223,,,,,,0.7142857142857143,,,,,,76658.82195094206
13,2012-09-21,0.018534637826704836,0.018534637826704836,-0.0038159397752296487,0.1623510666427488,-0.008861177937355413,0.7896636551919967,-2.6361305513716737,,,,,0.5714285714285714,0.7000000000000002,,,,,117599.30399476337
14,2012-09-24,-0.00462205333040433,0.010014261802104407,-0.00462205333040433,0.16187477406925743,-0.0092671880744164,1.7623094170635456,-1.0800507491990685,,,,,0.42857142857142855,0.7000000000000002,,,,,94691.4146134341
15,2012-09-25,0.018963360097382864,0.02919205771308908,-0.00011495230169056292,0.12292671062380656,-0.0424785316253955,5.265415452013422,3.6580475007682134,,,,,0.2857142857142857,0.6000000000000001,,,,,160167.94241652815
16,2012-09-26,-0.0005749856437602396,0.01127088020486089,-0.013225923400549289,0.17193435339742957,-0.0006893723800038831,4.509975358585017,3.9069975747951347,,,,,0.2857142857142857,0.5,,,,,101951.84998112191
17,2012-09-27,0.010584422700976148,0.011849965758167436,-0.0019557984803452166,0.17233819675660467,-0.00034544324190299847,3.5353048037308765,3.8459325071058093,,,,,0.14285714285714285,0.39999999999999997,,,,,87266.60440100332
18,2012-09-28,0.0037192003286934394,0.0063923174524369575,-0.007089737249073247,0.1608702041617709,-0.010124005060444197,3.2825334528858274,4.820023090155523,,,,,0.0,0.39999999999999997,,,,,87392.07197358122
19,2012-10-01,0.014625014453901741,0.01965603112605563,-0.0026910377595525947,0.16497384260967762,-0.006624703347054117,2.789609574327212,5.2574754896752784,,,,,0.0,0.3000000000000001,,,,,86403.58539365175
20,2012-10-02,0.00187195505005322,0.005381993619024472,-0.013104048050730621,0.1727429165340748,0.0,1.744966130117076,4.9524390410085495,3.5707263121719235,,,,0.0,0.2,0.46153846153846156,,,,103181.40197516787
21,2012-10-03,0.0026970333336893137,0.004221388417230187,-0.008559990719512078,0.1701358790119003,-0.0022230523796075152,1.0352407354421,4.733981884787042,3.947779653905892,,,,0.0,0.09999999999999998,0.46153846153846156,,,,65483.287822282924
22,2012-10-04,-0.0051186831679697065,0.0062820033304096246,-0.008841344914394478,0.1820940879521742,0.007973689522654315,0.06149124369845271,3.3063575544349355,3.303311778752538,,,,0.14285714285714285,0.09999999999999998,0.46153846153846156,,,,59060.191938822616
23,2012-10-05,0.016621772211167007,0.022357438838815247,-0.004916282336415834,0.16551228016508612,-0.006165700483863001,0.4280889685744693,3.3987805386158865,3.979873539699952,,,,0.14285714285714285,0.09999999999999998,0.3846153846153847,,,,76643.0360529088
24,2012-10-08,-0.005852059788107211,0.004330477426720769,-0.011821184180215716,0.17288036540933183,0.0001169860280905155,0.16888556200322924,2.748810670055102,3.8194579552223162,,,,0.2857142857142857,0.09999999999999998,0.3846153846153847,,,,53049.09239114952
25,2012-10-09,0.01144543952802346,0.016519197640118,-0.002949852507374673,0.16327225424236813,-0.008075635014881843,0.7669542847699384,2.810781251508243,4.532651530824783,,,,0.2857142857142857,0.0,0.3846153846153847,,,,68560.65191740413
26,2012-10-10,0.008778198230966927,0.014550251825384608,-0.0067340785601693876,0.1507410510480245,-0.018760855914953467,2.29675137109977,3.970802624369707,6.2197645108097,,,,0.2857142857142857,0.0,0.3076923076923077,,,,127883.79423353563
27,2012-10-11,0.006517815486247747,0.010259493307410716,-0.007241979655811193,0.16837092761377148,-0.0037278296146513457,2.227762089474705,3.595118551106724,6.256839840801809,5.691419303535583,,,0.2857142857142857,0.0,0.23076923076923075,0.35714285714285715,,,92259.71435753083
28,2012-10-12,0.0021733880705143704,0.01545517990823475,-0.004346788215406905,0.17231809057947856,-0.00036232584115636346,1.8404865768058887,2.938388981081985,5.843426376137173,5.736627749025303,,,0.2857142857142857,0.0,0.15384615384615383,0.35714285714285715,,,72594.99130644773
29,2012-10-15,0.0012076561093505855,0.004709564176055281,-0.008573843945751447,0.17260137592972313,-0.0001208851369166597,1.30938443158648,2.588558592832957,5.26048188632684,5.751997842655898,,,0.14285714285714285,0.0,0.07692307692307696,0.28571428571428575,,,76768.71565679787
30,2012-10-16,-0.016125270905429256,0.0009416431372604173,-0.02059792867935417,0.2031911444904133,0.02596321109910993,-1.3333970606772327,-0.1748725392814343,2.2027191563436688,3.0829643666898887,,,0.2857142857142857,0.09999999999999998,0.15384615384615383,0.28571428571428575,,,81719.81075471765
31,2012-10-17,-0.011658709857741423,0.0016160683925685593,-0.016391527752217305,0.19579474187376134,0.01965608897861615,-3.0391747083974296,-2.1231295926492533,-0.1214572453078877,1.0352126904877856,,,0.2857142857142857,0.2,0.15384615384615383,0.28571428571428575,,,84715.6138075706
32,2012-10-18,-0.0027707918689403588,0.010505610349609507,-0.009120306772559261,0.17260790466305487,0.005922915152426267,-3.2177773071437876,-2.609015790116631,-1.0809616334219507,0.4420792202363799,,,0.42857142857142855,0.3000000000000001,0.15384615384615383,0.35714285714285715,,,78659.81463885427
33,2012-10-19,0.01752922707453819,0.019317934422633742,-0.004412151151774957,0.12856034137267702,-0.031863298050010425,0.17179540720693165,0.5028795628408966,1.7133164380530586,3.5686087870825167,,,0.42857142857142855,0.3000000000000001,0.15384615384615383,0.28571428571428575,,,117746.43479910048
34,2012-10-22,-0.025152796775909647,0.011283485865456466,-0.03279267670915187,0.18266223323099529,0.014547829372814292,-0.8066552093023316,-0.9279259990999766,-0.0859994565660438,1.9363814361948561,,1.6814139725726207,0.5714285714285714,0.39999999999999997,0.23076923076923075,0.28571428571428575,0.3999999999999999,,201671.53874770715
35,2012-10-23,0.0038286670536333833,0.006700131450104729,-0.007178738760977743,0.14515187401674545,-0.01763021416422128,1.188403244338443,0.7485461502644508,1.3228529156197322,3.4856658544081043,,3.554662892294802,0.5714285714285714,0.39999999999999997,0.23076923076923075,0.21428571428571436,0.3999999999999999,,89686.72218981283
36,2012-10-24,0.016197231372033105,0.017043345205729032,-0.002538450288705918,0.1538484057757077,-0.01016976536250136,2.3000629738640033,1.5493369491103248,2.147578223412583,4.122356783735759,,4.635073334293316,0.5714285714285714,0.3000000000000001,0.23076923076923075,0.14285714285714285,0.33333333333333337,,66589.10999914989
37,2012-10-25,-0.001676044554962841,0.00011974141170534303,-0.014006919837267207,0.17697564233872676,0.009669771601624744,1.1629712800912184,0.4581596211527872,1.0040789849419696,2.787051877279767,,3.607276323632469,0.5714285714285714,0.39999999999999997,0.3076923076923077,0.21428571428571436,0.33333333333333337,,71629.55275506468
38,2012-10-26,-0.00913943026706232,0.0008308605341245112,-0.01198815430267064,0.17575153479884031,0.008619870611230152,-0.016969952198631066,-0.4577832086649858,0.019457971917846706,1.55840851228648,,2.609198086484188,0.5714285714285714,0.39999999999999997,0.3846153846153847,0.21428571428571436,0.33333333333333337,,85047.07121661722
39,2012-10-31,0.008489576901063112,0.01308807954458402,-0.004244794346062841,0.17345159039567815,0.006646722739602318,-0.9820247505557655,-1.067146122475393,-0.6810175116031214,0.5271076156364352,,1.8721527070302058,0.5714285714285714,0.5,0.46153846153846156,0.21428571428571436,0.3999999999999999,,69738.41916612237
40,2012-11-01,-0.0277239126588954,0.002395881291594293,-0.030233906897115692,0.20473900467448347,0.03348657548980327,-3.572645715656775,-3.866144431219798,-3.7527986408779745,-2.90674465970453,,-1.4422957996439445,0.7142857142857143,0.6000000000000001,0.5384615384615384,0.28571428571428575,0.3999999999999999,,97546.05995329013
41,2012-11-02,0.031472164221096,0.031588751234540746,-0.0010491199318205524,0.14096644977487438,-0.02122087185768573,-1.3637783904450806,-1.495682577362789,-1.6198287354375784,-1.025616007030794,0.4726127437514993,0.6014429654126019,0.5714285714285714,0.6000000000000001,0.5384615384615384,0.28571428571428575,0.33333333333333337,0.4,81383.77583185947
42,2012-11-05,-0.010602731725345205,0.00011527025868174334,-0.013599182215023098,0.17901976046426604,0.011423298246544755,-1.952607590851485,-2.2421330071305423,-2.6210990212310548,-2.289765613906114,-0.5357606584134644,-0.6456028960439286,0.7142857142857143,0.7000000000000002,0.6153846153846155,0.35714285714285715,0.33333333333333337,0.4666666666666667,46611.886249149
43,2012-11-06,-0.008287965297730016,0.005903678340061891,-0.008855574276667166,0.18330272303368278,0.015097521042649609,-2.543148408017182,-3.2284006738868665,-3.92690266382697,-3.678443915575169,-1.8575841837468965,-2.2702660300887523,0.8571428571428571,0.8000000000000003,0.6153846153846155,0.42857142857142855,0.33333333333333337,0.4666666666666667,80027.38147074521
44,2012-11-07,0.020112985889660706,0.025993955280896985,-0.0021171607427838968,0.12520555151716484,-0.03474133803779189,1.2148528945356674,0.3024624435845391,-0.4633075118688712,-0.2708135411905288,1.695425607552714,1.0315228068418225,0.7142857142857143,0.7000000000000002,0.6153846153846155,0.42857142857142855,0.33333333333333337,0.4,96555.10785307367
45,2012-11-08,0.017929714657914708,0.01888589438747812,-0.001673523706740454,0.14705688060926336,-0.01599615029850221,2.7594691496260593,1.7238192754947868,1.0826545629256223,1.2335079649362646,3.2372937977971583,2.3716205217776842,0.5714285714285714,0.6000000000000001,0.5384615384615384,0.42857142857142855,0.2666666666666667,0.33333333333333315,74593.78486278819
46,2012-11-09,-0.022954644718822026,0.00400240155394016,-0.024131784254212474,0.18367818499141997,0.015419349188769305,1.2225850433335461,0.03870160247239074,-0.41258028647512823,-0.32785667775179217,1.6240080422018188,0.5336880899526886,0.5714285714285714,0.6000000000000001,0.6153846153846155,0.5,0.2666666666666667,0.4,85722.36971359752
47,2012-11-12,-0.008687461845503619,0.004578539563277584,-0.011152817562808282,0.16885994631752044,0.0027077536718367323,0.5349911657675843,-0.12075723346045564,-0.5406796383156554,-0.5876640983405235,1.2688475586156933,0.03396207748658231,0.5714285714285714,0.7000000000000002,0.6923076923076923,0.5714285714285714,0.33333333333333337,0.4,68095.97111998122
48,2012-11-13,0.017535418747647746,0.023060268482818502,-0.0010809992533988844,0.13942799292870411,-0.022540679672202746,2.4192794426528996,2.0263686653639867,1.804790186774552,1.6320401105765159,3.4518765531428297,2.069372636047029,0.5714285714285714,0.6000000000000001,0.6923076923076923,0.5714285714285714,0.33333333333333337,0.33333333333333315,92423.93172171676
49,2012-11-14,0.03452532760851601,0.03452532760851601,-0.002712712767267811,0.1354620386259553,-0.025942732081621123,4.148315305112127,4.525280380155827,4.444423938026798,4.177341827901948,5.941908921723327,4.462875442904735,0.42857142857142855,0.6000000000000001,0.6923076923076923,0.5714285714285714,0.33333333333333337,0.2666666666666667,104770.8891435731
50,2012-11-15,0.0006149446267547098,0.015621118734767903,-0.009840134938248424,0.16857837745442428,0.0024663039790482344,2.70073250476055,4.142486131289602,4.128138209493204,3.738998889656786,5.3500213249018325,4.023559768127405,0.42857142857142855,0.7000000000000002,0.7692307692307693,0.5714285714285714,0.3999999999999999,0.2666666666666667,95873.53520758172
51,2012-11-16,-0.0068350665202002725,0.003417539362870592,-0.021603759306725312,0.17473648114246854,0.0077490453169113405,1.3722358054280237,3.202195919249484,3.180981876358735,2.8110869935654703,4.263632366203618,3.0668134878535147,0.5714285714285714,0.7000000000000002,0.7692307692307693,0.6428571428571428,0.46666666666666656,0.33333333333333315,98264.59257903087
52,2012-11-19,-0.002989715271835114,0.0026308657271874036,-0.005620676669911062,0.18974882456818443,0.020627244606843176,-0.6833664607434398,1.0626261744773213,0.9538602372104688,0.677410039124271,1.9032594853621632,0.8888689163751629,0.7142857142857143,0.7000000000000002,0.7692307692307693,0.6428571428571428,0.5333333333333332,0.33333333333333315,67863.14489844015
53,2012-11-20,0.004440117498137219,0.005280151079319673,-0.008880427003949865,0.16166081665743226,-0.003467988912572828,-0.6154592791398295,1.2874681946577704,1.117178256216067,0.988716695791303,1.9708453382774715,1.1647582985040872,0.5714285714285714,0.6000000000000001,0.6923076923076923,0.6428571428571428,0.5333333333333332,0.2666666666666667,66432.45574382682
54,2012-11-21,-0.0012041661214631239,0.008308187538536238,-0.004816387544260614,0.16178655711301948,-0.0033602139444207646,-0.6467688516878733,1.2333325800591322,1.411655376342913,1.3459392200756648,2.0585009590677883,1.440234840284793,0.42857142857142855,0.5,0.6923076923076923,0.6428571428571428,0.5333333333333332,0.2666666666666667,54389.124465136985
55,2012-11-23,-0.006416361387055147,0.00035644009712743063,-0.010812784657187047,0.18128372802796244,0.013365475216132516,-1.8043850171175824,-0.24019434005800866,0.022063254984261427,0.08596261862838794,0.5141287242286685,0.07526366012822194,0.5714285714285714,0.6000000000000001,0.6923076923076923,0.7142857142857142,0.5999999999999999,0.33333333333333315,31649.426252356167
56,2012-11-26,-0.00992326024989354,0.0018900885554615776,-0.00992326024989354,0.1724905278627027,0.0058223814433078225,-1.77369901331077,-0.996557721639324,-0.49673991799114026,-0.39521916804298174,-0.22732333011740158,-0.5080255708666992,0.7142857142857143,0.6000000000000001,0.7692307692307693,0.7857142857142856,0.6666666666666665,0.4,50097.049613749565
57,2012-11-27,0.005832615026005961,0.013212724361082673,-0.0013093679012172732,0.15689000762134508,-0.0075607807218530665,-0.5645470844729328,-0.5883598915544241,0.333866338739619,0.4357542001654835,0.4625613162602793,0.20117173600224802,0.5714285714285714,0.5,0.7692307692307693,0.7857142857142856,0.5999999999999999,0.4,49940.67242133859
58,2012-11-28,-0.015422709785196442,0.0017658817573373842,-0.022839674526968,0.1786081052103221,0.01107006318554804,-1.1470153120110904,-1.6835311194727254,-0.6856279666303311,-0.6433012661896664,-0.6791019173875923,-0.8951499959749865,0.5714285714285714,0.6000000000000001,0.7692307692307693,0.7857142857142856,0.6666666666666665,0.4666666666666667,57506.65110648337
59,2012-11-29,-0.008115907246376786,0.002666701449275388,-0.008927501449275455,0.1836819053532066,0.01542279196320484,-2.2128369548032434,-2.9623216535184183,-2.083648238199154,-2.1465866700264624,-2.1917334897953666,-2.3565863556002875,0.5714285714285714,0.7000000000000002,0.7692307692307693,0.7857142857142856,0.6666666666666665,0.5333333333333333,90970.59420289854
60,2012-11-30,0.012787470971080905,0.013022055678602928,-0.0024636204238296378,0.15205291874924942,-0.011710191107121681,-0.7340591669848906,-1.7882247741060509,-0.899421201523043,-1.0449471167996438,-1.0407286340908262,-1.1661394554757676,0.5714285714285714,0.6000000000000001,0.6923076923076923,0.7142857142857142,0.6666666666666665,0.5333333333333333,66439.63975693664
61,2012-12-03,0.016925080291752437,0.016925080291752437,-0.0007101195575834884,0.15544687021586667,-0.00879887376953925,0.39059739071409805,-0.9747355490515641,-0.19780757102952906,-0.1398954909104244,-0.17542882970735807,-0.2269385957557324,0.5714285714285714,0.5,0.6153846153846155,0.7142857142857142,0.6666666666666665,0.5333333333333333,55793.76993241259
62,2012-12-04,-0.00130704604053955,0.009505643559617694,-0.004871720300773763,0.1611508417101477,-0.003905542259900807,0.7842143991810158,-0.5100853089683,0.10127523968834762,0.21260104103344446,0.19342211663704312,0.22561297473890907,0.42857142857142855,0.5,0.6153846153846155,0.6428571428571428,0.6666666666666665,0.5333333333333333,53093.1039403943
63,2012-12-05,-0.016618244626906087,0.0060429631826972585,-0.0171993369947937,0.19188199712100595,0.022457105996756432,-1.1969766468681642,-2.2843774432108277,-2.137179242758691,-1.8859400020094674,-1.9717431880024616,-1.8519756346402905,0.42857142857142855,0.6000000000000001,0.6153846153846155,0.7142857142857142,0.7333333333333332,0.6,99992.02382360172
64,2012-12-06,-0.001396102433837254,0.004421233429478644,-0.010122106228811156,0.1643489033180856,-0.0011621137191097919,-0.7595762790067795,-1.7842529178783262,-2.1413286790077146,-1.6379899054270397,-1.8436743525385824,-1.6168803138327803,0.42857142857142855,0.5,0.5384615384615384,0.7142857142857142,0.7333333333333332,0.5333333333333333,48076.953975961165
65,2012-12-07,-0.003333728091360566,0.006437579180080144,-0.0054029314956415275,0.17980867867229722,0.012100071431388582,-1.6093794802311434,-2.5429808051096847,-3.2034294401747765,-2.6718957399807453,-2.9604401344689335,-2.7096667728657375,0.42857142857142855,0.5,0.6153846153846155,0.7142857142857142,0.7333333333333332,0.6,84344.32898828208
66,2012-12-10,-0.004814914428009409,0.002521999225427063,-0.0097444224551958,0.16891975282420124,0.0027592830221963016,-1.7196211799237249,-2.5155444148786787,-3.2748950265753196,-2.8177030633186106,-3.164605228314854,-2.9406935812094748,0.42857142857142855,0.5,0.6923076923076923,0.7142857142857142,0.7333333333333332,0.6,49713.54603756004
67,2012-12-11,0.003091675183976461,0.009504202232813563,-0.0033207488074944447,0.167039590130039,0.001146085503682004,-1.490241344363541,-2.2999765585481002,-3.2558463647789804,-2.8258975832612387,-3.191249747582814,-3.0285758601938273,0.5714285714285714,0.6000000000000001,0.6923076923076923,0.7142857142857142,0.7333333333333332,0.6666666666666669,61508.216500418726
68,2012-12-12,-0.0006821830818253272,0.009323479567600268,-0.005571324806298739,0.17397944875155735,0.007099405695409011,-1.6226633169987181,-2.5907466662985934,-3.78785438816861,-3.4987309043715498,-3.7305036855442397,-3.5792950500451837,0.7142857142857143,0.7000000000000002,0.6923076923076923,0.7142857142857142,0.7999999999999998,0.7333333333333333,80650.50928885194
69,2012-12-13,-0.005771876349344951,0.01075143718026883,-0.0061113738556883845,0.171137905728171,0.004661701391912354,-1.4001036212085372,-2.70321374522029,-3.9594359502183596,-3.842626758623946,-4.015328521571993,-3.9206342794296023,0.8571428571428571,0.7000000000000002,0.7692307692307693,0.7857142857142856,0.7999999999999998,0.7999999999999999,69034.76200729106
70,2012-12-14,-0.007303393258426993,0.00561797752808979,-0.007640449438202301,0.17414703429060796,0.00724322070589567,-1.6356329428058092,-3.0537722598397155,-4.227390499112871,-4.44462082805821,-4.526938742507336,-4.437557375350454,0.8571428571428571,0.7000000000000002,0.8461538461538461,0.7857142857142856,0.8666666666666665,0.8666666666666668,65913.60674157304
71,2012-12-17,-0.004350725171248682,0.0005578201757900914,-0.008255209819893028,0.17408616042648495,0.007190924172422397,-1.7498477839701265,-3.297308560209067,-4.46812630399569,-5.064693777269436,-5.013960286877328,-4.899588285600132,1.0,0.8000000000000003,0.8461538461538461,0.7857142857142856,0.9333333333333333,0.9333333333333335,67968.65716164275
72,2012-12-18,-0.012118530751962009,0.0035253829522545743,-0.012118530751962009,0.18039848443955941,0.012606037226728928,-2.3780640054304136,-4.042396757533151,-5.193656145706072,-6.020313993174198,-6.030674636105127,-5.855611725187426,1.0,0.8000000000000003,0.8461538461538461,0.8571428571428572,0.9333333333333333,0.9333333333333335,73297.44904588902
73,2012-12-19,0.0013217644969516495,0.011455016946194219,-0.0005507544823135646,0.16596048083649784,0.00022055518314068046,-1.8394297640253243,-3.7063730475720535,-4.838496876063669,-5.7605619166755435,-5.928662439018806,-5.67055880590771,1.0,0.8000000000000003,0.8461538461538461,0.9285714285714286,0.9333333333333333,0.9333333333333335,77824.75087756634
74,2012-12-20,0.0044692960893855105,0.0070390726256983616,-0.00960894972067039,0.14914033774300206,-0.008530087986401647,-0.5687005716635274,-2.498965311768553,-3.6661050081934543,-4.748794499132725,-5.029507709711545,-4.693770245555129,0.8571428571428571,0.8000000000000003,0.8461538461538461,0.8571428571428572,0.8666666666666665,0.8666666666666668,77022.46368715084
75,2012-12-21,-0.004550648360622356,0.0031854151721180113,-0.016154709530040834,0.13830693074281797,-0.017877116415566663,1.3149438758380816,-0.4077746195156551,-1.624071480731104,-2.8846445345297123,-3.1783631839067295,-2.9345122865956252,0.7142857142857143,0.8000000000000003,0.8461538461538461,0.7857142857142856,0.7999999999999998,0.8666666666666668,122044.50348019332
76,2012-12-24,0.0003429240851764437,0.0040009029263521345,-0.0036579674099919135,0.1534889915777109,-0.004778065587423885,1.7402993827926538,0.3808090098321948,-0.9448075811253509,-2.226639485850268,-2.6349375449139623,-2.3972553238580274,0.5714285714285714,0.8000000000000003,0.7692307692307693,0.7857142857142856,0.7999999999999998,0.7999999999999999,26595.935530512044
77,2012-12-26,0.0,0.011520497582308664,-0.0011406182534646758,0.16154415129185118,0.0021718504544794293,1.3861553560064133,0.33541326440114094,-0.9691057866732633,-2.151962451659295,-2.721864329757795,-2.5632471734319706,0.5714285714285714,0.8000000000000003,0.7692307692307693,0.8571428571428572,0.7999999999999998,0.8666666666666668,36911.285546077
78,2012-12-27,0.002395607921715337,0.008555783319380117,-0.012662570720393673,0.15889479410495122,-0.00011387998289857926,1.15870166272094,0.5262924265770463,-0.7334105777308975,-1.8627288042476597,-2.5640102727346292,-2.5493959685215173,0.42857142857142855,0.8000000000000003,0.7692307692307693,0.7857142857142856,0.7333333333333332,0.8666666666666668,45102.80811755382
79,2012-12-28,0.0032254118932246723,0.009100334272557076,-0.00138228317894884,0.147788138428409,-0.009696978767955167,1.5831228179822965,1.5368226680846586,0.36786438668989785,-0.6817042548292518,-1.5068414748099501,-1.5202262076607687,0.2857142857142857,0.7000000000000002,0.6923076923076923,0.7142857142857142,0.7333333333333332,0.7999999999999999,38119.033132589175
80,2012-12-31,-0.031246545795708736,0.002120321369040168,-0.03280887141157374,0.1964109088374284,0.032254735733046935,-1.6962502248805245,-1.4063516209241844,-2.5635146063345715,-3.5272693032575075,-4.42920775972383,-4.392422262985452,0.2857142857142857,0.7000000000000002,0.6923076923076923,0.7142857142857142,0.7999999999999998,0.7999999999999999,80492.2476231085
81,2013-01-02,-0.005882385026737991,0.010053497326203198,-0.005882385026737991,0.20934053238015737,0.04341011266074113,-5.174934421205368,-4.998686164491817,-6.1717278966100135,-7.134233592104899,-8.171684360638466,-8.093950586496346,0.42857142857142855,0.7000000000000002,0.7692307692307693,0.7857142857142856,0.7999999999999998,0.7999999999999999,123956.2192513369
82,2013-01-03,-0.012500010328389655,0.006249957494704361,-0.015995794152631415,0.1701834728644871,0.009625750541284228,-5.095338174735731,-5.378265456683695,-6.541973936262324,-7.572214096327046,-8.864263499134895,-8.676359237622943,0.5714285714285714,0.7000000000000002,0.8461538461538461,0.8571428571428572,0.7999999999999998,0.7999999999999999,98823.15044864088
83,2013-01-04,-0.003687294641536054,0.0,-0.009270933612956944,0.16541138973813263,0.005508496551501985,-4.495516962236168,-5.364900011635287,-6.489981789429433,-7.655574227487816,-9.122193660313005,-8.811332455993714,0.7142857142857143,0.7000000000000002,0.9230769230769232,0.8571428571428572,0.8666666666666665,0.8666666666666668,59613.41339263407
84,2013-01-07,-0.006721972552483746,0.004831414818101232,-0.008507478295425641,0.16256797042053894,0.0030553400187158797,-3.6550909844877078,-5.149030430298329,-6.292030338985843,-7.52255496737938,-9.175519637070352,-8.651731577234656,0.7142857142857143,0.7000000000000002,0.9230769230769232,0.8571428571428572,0.9333333333333333,0.8666666666666668,56388.03535751534
85,2013-01-08,0.007127638297872441,0.012659595744680896,-0.00457446808510642,0.14429698148942594,-0.01270889095746952,-1.4513689245913342,-3.5577413969676175,-4.6530357889736695,-5.934299339651261,-7.843655435747399,-7.075680963725328,0.7142857142857143,0.6000000000000001,0.9230769230769232,0.8571428571428572,0.8666666666666665,0.7999999999999999,59744.744680851065
86,2013-01-09,-0.0036002116984285015,0.0034942290661958975,-0.0036002116984285015,0.1644521854291181,0.0046807919004634435,-0.7563308614974673,-3.690167037130565,-4.69648540100176,-5.994891378299927,-8.023243293970106,-7.115946074633229,0.8571428571428571,0.6000000000000001,0.9230769230769232,0.8571428571428572,0.8666666666666665,0.8666666666666668,37547.70737931581
87,2013-01-10,0.0003155132453616094,0.001156920463674549,-0.008939829429115864,0.16688150311221572,0.006777043410985506,-0.602516782708773,-3.9771190024660563,-4.919839361503964,-6.277447736195308,-8.344403580105942,-7.382423936443228,0.8571428571428571,0.6000000000000001,0.9230769230769232,0.8571428571428572,0.8666666666666665,0.9333333333333335,48341.447447571576
88,2013-01-11,-0.006618384145007261,0.002101029475763516,-0.011240665800175242,0.16036763039794022,0.0011567593613350802,-0.46373303746238825,-3.6611001301026014,-4.611476408180703,-5.994105911753101,-8.182004598487413,-7.119131262476697,0.8571428571428571,0.7000000000000002,0.9230769230769232,0.9285714285714286,0.9333333333333333,0.9333333333333335,45051.000314066594
89,2013-01-14,0.007291588522400527,0.008982416009164496,-0.0050723345156610256,0.15220833281281232,-0.005883129908833329,0.16003728147480079,-2.5829788262650255,-3.6854772982337636,-5.036826768250069,-7.388587674418956,-6.205473378994341,0.7142857142857143,0.7000000000000002,0.8461538461538461,0.9285714285714286,0.9333333333333333,0.8666666666666668,38948.59438707369
90,2013-01-15,-0.015260782173320497,0.0016724574406281612,-0.01557434965139226,0.17176495891136967,0.01099011936460137,-0.8167779445386159,-3.0304897483713233,-4.343438835366797,-5.621467922605616,-8.074616524872935,-6.8669446313808,0.7142857142857143,0.8000000000000003,0.8461538461538461,1.0,0.9333333333333333,0.9333333333333335,50064.85241070037
91,2013-01-16,-0.000945519467475231,0.005042504358808708,-0.0037819097850214645,0.15321203587956478,-0.005017035590928365,-0.31966620192528383,-1.9772519025562207,-3.525949468069578,-4.784165016749742,-7.24705151447822,-6.0664249159879,0.5714285714285714,0.7000000000000002,0.7692307692307693,0.9285714285714286,0.8666666666666665,0.9333333333333335,40021.060299988225
92,2013-01-17,0.00010451410985945486,0.006165141259095508,-0.006374096333566226,0.16523657919550727,0.005357531486775535,-0.5970935939757949,-1.899525763277743,-3.712973479003334,-4.909336892139937,-7.371483382792665,-6.203622626979854,0.7142857142857143,0.8000000000000003,0.7692307692307693,1.0,0.9333333333333333,0.9333333333333335,50407.57002325716
93,2013-01-18,-0.012190155331177288,0.0,-0.015673089049177746,0.182280336026297,0.020062892176860192,-2.0868158853406427,-3.0380244228098263,-5.247270796799963,-6.372480517132173,-8.799203624012131,-7.663079400430284,0.7142857142857143,0.9000000000000001,0.7692307692307693,1.0,0.9333333333333333,0.9333333333333335,85339.09162036187
94,2013-01-22,-0.013610335513606797,0.00010235366248112499,-0.0170896232389518,0.1602141647045805,0.0010244007093784813,-1.8010749199652731,-2.5444493970741666,-4.981197213540911,-6.0666514785419405,-8.537317570742198,-7.4077683979300595,0.7142857142857143,0.9000000000000001,0.7692307692307693,1.0,0.9333333333333333,0.9333333333333335,85243.57546822989
95,2013-01-23,0.006504956252038285,0.008982994506618436,-0.0025813113594488346,0.14870801894641206,-0.008903026992172047,-0.6740978694239175,-1.4219366556851298,-3.766259262146976,-4.85334462370326,-7.37160027597541,-6.219106163454191,0.5714285714285714,0.8000000000000003,0.7692307692307693,0.9285714285714286,0.9333333333333333,0.9333333333333335,51325.79507128126
96,2013-01-24,-0.006211159548885292,0.011801242480357077,-0.006211159548885292,0.15603505720662336,-0.002581321024503702,-0.12570625459371598,-1.0041424619030237,-3.08833876278245,-4.268678809928527,-6.786179497664369,-5.60390953589005,0.5714285714285714,0.7000000000000002,0.7692307692307693,0.8571428571428572,0.9333333333333333,0.9333333333333335,60209.14617412311
97,2013-01-25,0.003557187621737068,0.007323676348113262,-0.009625423527402699,0.14678875339325814,-0.010559119016693042,0.9266821821119375,0.1016441382093447,-1.6505659305859899,-2.9583608962288066,-5.494933811000424,-4.240749680706724,0.42857142857142855,0.6000000000000001,0.7692307692307693,0.7857142857142856,0.9333333333333333,0.8666666666666668,93142.96122318559
98,2013-01-28,0.006259630772487368,0.01323756839110013,-0.010466875642900164,0.18170308606166174,0.01956472314114599,-0.67872601931942,-1.655050484918985,-3.059921481911765,-4.4921569470993905,-6.98383709284689,-5.729614469687205,0.5714285714285714,0.6000000000000001,0.7692307692307693,0.7857142857142856,0.9333333333333333,0.8666666666666668,164160.11331434932
99,2013-01-29,-0.006896551864027378,0.006085182679212542,-0.008924919045130264,0.17270464469546187,0.011801000818990381,-1.4169766582476373,-2.468846800353186,-3.662220334402777,-5.262958941900453,-7.704785764619371,-6.448298682551712,0.5714285714285714,0.7000000000000002,0.8461538461538461,0.7857142857142856,1.0,0.9333333333333335,70606.50650319486
100,2013-01-30,0.0018246325022881482,0.0031423922322879605,-0.004054759167668398,0.15961475541509507,0.0005070566758789141,-1.3177841199576323,-2.213446328961477,-3.1395185004733484,-5.006870342368308,-7.408923488513275,-6.143578722158793,0.5714285714285714,0.7000000000000002,0.9230769230769232,0.7857142857142856,1.0,0.9333333333333335,57586.42914166388
101,2013-01-31,-0.004065464011235531,0.0032523630780807444,-0.0049801504724072965,0.15597231888613483,-0.0026354148331070304,-0.9597478708264662,-1.7147607246265517,-2.458639922296202,-4.461117271993342,-6.858530920516081,-5.556992074435973,0.42857142857142855,0.6000000000000001,0.8461538461538461,0.7142857142857142,0.9333333333333333,0.8666666666666668,72714.72388165184
102,2013-02-01,-0.0049250980988059245,0.0021107548921650565,-0.005427691334359053,0.17198474141567988,0.011179938334918482,-1.6756936644947151,-2.4927175213287356,-3.2503885755770456,-5.15881190066928,-7.535624913649164,-6.237611155508316,0.5714285714285714,0.6000000000000001,0.8461538461538461,0.7857142857142856,0.9333333333333333,0.9333333333333335,61698.669548691716
103,2013-02-04,0.0050885405029810205,0.006208029590717867,-0.003561957997924692,0.14469782931115827,-0.012363039196673253,-0.20354771727754128,-1.0082629154672618,-1.8522319450278157,-3.5950569597217097,-6.032785347317537,-4.749477123958878,0.5714285714285714,0.6000000000000001,0.7692307692307693,0.7857142857142856,0.8666666666666665,0.9333333333333335,58669.87199937163
104,2013-02-05,0.0014221860743155457,0.006704550859314207,-0.001219036952071706,0.16115011657208544,0.001831984388877439,0.02901031837763135,-0.9882878063704137,-1.8614324106136615,-3.3737144952366127,-5.847570014424097,-4.616402026228695,0.7142857142857143,0.6000000000000001,0.7692307692307693,0.8571428571428572,0.8666666666666665,0.9999999999999999,42441.09584636131
105,2013-02-06,0.0017400819367476839,0.010747216297253281,-0.0034800001068576725,0.1503140221976702,-0.00751753195774385,0.8232324126080215,-0.05482101491703917,-0.9967229547318213,-2.275174480858644,-4.838493279302069,-3.6245914099067966,0.5714285714285714,0.6000000000000001,0.6923076923076923,0.7857142857142856,0.7999999999999998,0.9333333333333335,45951.918504183785
106,2013-02-07,0.013630184022160208,0.021329757347521072,-0.009364290819224963,0.14016472752459652,-0.01627414006062866,2.1210781117584565,1.6290813046133445,0.7456679042414427,-0.34447671086249576,-3.0003099800112287,-1.822615105752734,0.42857142857142855,0.5,0.6923076923076923,0.7857142857142856,0.7333333333333332,0.9333333333333335,64613.503541624144
107,2013-02-08,-0.007743934078346615,0.006711430185057932,-0.007743934078346615,0.16795079754218278,0.007699503245251149,1.0752998272378855,0.7957776565758801,0.09439802028439193,-0.7356773382381387,-3.4868067009127257,-2.378054873562674,0.42857142857142855,0.5,0.6923076923076923,0.8571428571428572,0.7333333333333332,0.9333333333333335,40620.580601374924
108,2013-02-11,0.003726718503658688,0.004037267164332725,-0.003105538366574234,0.15603505720662336,-0.002581321024503702,1.0721675882007453,0.9738211903242977,0.428370195196659,-0.22035197658727412,-2.9937692865445786,-1.9381866614127663,0.42857142857142855,0.39999999999999997,0.6153846153846155,0.7857142857142856,0.6666666666666665,0.8666666666666668,28355.108247538472
109,2013-02-12,-0.005657302965878297,0.001954361222440193,-0.005657302965878297,0.16646580266530364,0.006418261445489737,0.09403915456145384,0.3570623261163641,-0.11266367527354992,-0.7200229942861736,-3.357950502356055,-2.3366803618631082,0.42857142857142855,0.5,0.6153846153846155,0.7857142857142856,0.7333333333333332,0.8666666666666668,42675.403593124836
110,2013-02-13,0.007366663437434973,0.011620699676925694,-0.0037352148911148353,0.14901259662620436,-0.0086402936436617,0.6877589669201933,1.215429331308826,0.8443780417743518,0.2186316960495427,-2.294959690086862,-1.2341001517767625,0.42857142857142855,0.5,0.6153846153846155,0.7142857142857142,0.7333333333333332,0.7999999999999999,38580.65714613998
111,2013-02-14,-0.00010411158530243547,0.006349536796086408,-0.00405953991880903,0.15529903088125008,-0.0032164982521997176,0.6602410826222593,1.578470857222558,1.1896177077822534,0.5847761408014795,-1.7760538671246828,-0.6599266153832328,0.2857142857142857,0.5,0.5384615384615384,0.6428571428571428,0.7333333333333332,0.7333333333333333,37329.07182262933
112,2013-02-15,0.006798462432816121,0.008471885697396875,-0.0033469302024167202,0.15347742676308163,-0.004788131678935659,0.8322550476026258,1.9297193236917032,1.697375891456332,1.0836473727814377,-1.126180559337564,0.05528853310750037,0.2857142857142857,0.39999999999999997,0.5384615384615384,0.5714285714285714,0.6666666666666665,0.6666666666666669,45780.82150630874
113,2013-02-19,0.001464435177080281,0.00805444577519765,-0.0049163285547348945,0.15890573984204548,-0.00010460457989858174,0.7665917525671695,1.7162344314870959,1.7030343055037145,1.1539949264649296,-0.9546139210127258,0.30305352020392196,0.2857142857142857,0.3000000000000001,0.46153846153846156,0.5714285714285714,0.6666666666666665,0.6,45697.745725915185
114,2013-02-20,0.019094603957363177,0.0201673136648004,-0.0018236215208793372,0.13017257778723046,-0.024895269604653936,2.7829630072266243,3.8970729058741993,4.074838342849785,3.689804184088352,1.6499555867117488,3.060341397190358,0.14285714285714285,0.2,0.3846153846153847,0.5,0.6666666666666665,0.5333333333333333,91940.64243787125
115,2013-02-21,0.013438249900996846,0.013766000368906406,-0.010488353659875105,0.1380146596133216,-0.0181292836638397,3.889439080949453,5.280086243721782,5.674439312314061,5.465815974627253,3.559598446688783,5.023182936915593,0.14285714285714285,0.2,0.3076923076923077,0.42857142857142855,0.5999999999999999,0.4666666666666667,78589.62688288678
116,2013-02-22,0.004915850940399258,0.010377943954796187,-0.005352829305737106,0.1591536420907147,0.00010906478272065812,2.991685156302326,4.648265390904949,5.386687925133793,5.311908997273385,3.6013647419207206,4.95055395398325,0.14285714285714285,0.2,0.3846153846153847,0.42857142857142855,0.5999999999999999,0.5333333333333333,63925.15180329744
117,2013-02-25,0.0297217797343301,0.03432028782771246,-0.0008972857381209787,0.1288930697490529,-0.02599943433799312,4.584058274630021,6.712660918490143,7.802461875851829,7.903938584267722,6.400489646780683,7.58412945566489,0.14285714285714285,0.2,0.3846153846153847,0.42857142857142855,0.5333333333333332,0.5333333333333333,84569.43137862578
118,2013-02-26,-0.004002234708245678,0.0027793219381653245,-0.016120033889495233,0.16929655922613995,0.008860629335058379,2.6935499620643677,5.101239236374133,6.557604982047405,6.729129503194509,5.53137473490406,6.481373280958702,0.2857142857142857,0.2,0.46153846153846156,0.42857142857142855,0.5333333333333332,0.6,79089.60852998139
119,2013-02-27,-0.023739859078590886,0.0011924227642277074,-0.023739859078590886,0.18866293111677046,0.025569718089612392,-0.38715161265581166,2.0588442114082506,3.6324674261469125,3.9543152969967688,3.0184533038961847,3.7348806797964595,0.42857142857142855,0.3000000000000001,0.46153846153846156,0.5,0.5333333333333332,0.6,66636.39837398374
120,2013-02-28,0.0012990689195928606,0.008552570903348489,-0.0015156435580065963,0.16053465403856237,0.0013008616828180664,-1.0161080179140192,1.637042702084135,3.1766594364868395,3.690509087738536,3.006020501647977,3.549693030675205,0.5714285714285714,0.39999999999999997,0.46153846153846156,0.5,0.5999999999999999,0.6666666666666669,58962.94741916378
121,2013-03-01,0.001970227649187528,0.006567403605873379,-0.01346326605228465,0.14635376378891585,-0.010934490739059055,-0.2126504497473647,2.3314486999919115,3.9373433161080884,4.592130993842747,4.263369473248391,4.598151221975977,0.5714285714285714,0.3000000000000001,0.3846153846153847,0.42857142857142855,0.5333333333333332,0.6666666666666669,53900.05019810585
122,2013-03-04,0.009582183844011105,0.011142061281337101,-0.006239532033426087,0.13860206054622703,-0.017622540540259468,1.294073961877129,3.6219721135192895,5.343423337431474,6.151222691177782,6.137428639523224,6.304823847940111,0.5714285714285714,0.3000000000000001,0.3846153846153847,0.35714285714285715,0.46666666666666656,0.6,70756.66016713092
123,2013-03-05,0.003103857699854329,0.011861212857346315,-0.0024387651306813085,0.16496746627179593,0.005125404920148124,0.5669313550618726,2.538520761561358,4.31638622781767,5.3470500101546525,5.509370994297358,5.6050194614833515,0.5714285714285714,0.3000000000000001,0.3846153846153847,0.42857142857142855,0.46666666666666656,0.6,59332.777400884355
124,2013-03-06,0.014837148759896612,0.015729629805105283,-0.0025657630808317844,0.1517035673273206,-0.006318669314180236,1.282917457741739,2.6534779809040954,4.521801184470364,5.739635672982302,6.053857162252441,6.117496882805784,0.5714285714285714,0.3000000000000001,0.3846153846153847,0.42857142857142855,0.46666666666666656,0.5333333333333333,79605.20347619594
125,2013-03-07,0.0027886223583128977,0.008365867074938915,-0.004238761757082821,0.1591564129166665,0.00011166173517729305,1.2238033794552017,2.130504238787201,4.043235458210881,5.491593979379883,5.902053931658302,5.913792163276677,0.5714285714285714,0.39999999999999997,0.3846153846153847,0.5,0.46666666666666656,0.5333333333333333,52851.20183263353
126,2013-03-08,-0.0008839023117024336,0.002320174515077378,-0.005524251341857189,0.17014537869832536,0.009592903574580092,-0.0126342843188465,0.7576045672067044,2.6763632323081543,4.21539427833979,4.772160300354389,4.75969100591489,0.5714285714285714,0.5,0.46153846153846156,0.5,0.5333333333333332,0.5333333333333333,56179.53129641959
127,2013-03-11,-0.007567470936609033,0.003728855012063992,-0.011844724720333488,0.1676066126128919,0.007402405669153955,-0.9337888824412222,-0.3290176025853686,1.6644245603093966,3.1589842123435297,3.9286552301028843,3.8482805696264943,0.5714285714285714,0.6000000000000001,0.5384615384615384,0.5,0.5333333333333332,0.6,53149.910287343715
128,2013-03-12,0.015823557294931012,0.015823557294931012,-0.00378867848871578,0.14072255814119639,-0.015792969859170447,0.39797905887659635,0.9933498289919296,2.9184904042437676,4.459717610172476,5.4716359562995365,5.263786555695682,0.5714285714285714,0.6000000000000001,0.46153846153846156,0.42857142857142855,0.46666666666666656,0.5333333333333333,73470.14048297616
129,2013-03-13,0.005824417627961598,0.007056507695525349,-0.001680129947134068,0.15308597090343556,-0.005125885656697693,0.8400547974089845,1.3336857718097894,3.058331373185008,4.6335010448305125,5.8603797514259925,5.53603894532575,0.5714285714285714,0.6000000000000001,0.46153846153846156,0.42857142857142855,0.3999999999999999,0.4666666666666667,65367.504316403494
130,2013-03-14,0.008680992401837395,0.009582931552974072,-0.0059751862223850205,0.15149746343404735,-0.006496406185382497,1.2562407999897607,1.7675961818771846,3.2748167306969833,4.883237193918677,6.378378897956893,5.963604539512879,0.42857142857142855,0.5,0.3846153846153847,0.35714285714285715,0.3999999999999999,0.4,82620.19783386239
131,2013-03-15,-0.0024766519762094985,0.004728109766337862,-0.008105380882463487,0.16072572548263575,0.0014654700960643474,0.9778039482328582,1.5921409170523981,2.7189586690875345,4.35062280874714,6.067252327338557,5.558628966113277,0.5714285714285714,0.6000000000000001,0.46153846153846156,0.42857142857142855,0.46666666666666656,0.4666666666666667,83072.28418162143
132,2013-03-18,-0.0164503355365897,0.007385810123256453,-0.018912298355949986,0.1659424736567916,0.005966595722408208,0.3325217228996591,0.9424154051840716,1.7521422408430576,3.3687988182134143,5.270019021986738,4.733664441415808,0.5714285714285714,0.6000000000000001,0.5384615384615384,0.42857142857142855,0.5333333333333332,0.4666666666666667,80122.09668617843
133,2013-03-19,0.01280168843780527,0.01280168843780527,-0.009402911841041472,0.14488933678544225,-0.01219766982651127,1.208934227051306,1.8668187285420634,2.61263681594317,4.26368728981561,6.383267221967337,5.729806607986787,0.42857142857142855,0.5,0.5384615384615384,0.42857142857142855,0.46666666666666656,0.4666666666666667,85070.94126221619
134,2013-03-20,0.007706452548735809,0.01081199653066478,-0.005981182287067344,0.14156329986734817,-0.01506750599097495,2.0605269613071187,2.979057508364469,3.7080780063827756,5.4820173996873445,7.7708170500506935,6.964075231432076,0.2857142857142857,0.39999999999999997,0.5384615384615384,0.42857142857142855,0.3999999999999999,0.4,107993.01637924968
135,2013-03-21,-0.004606725679909385,0.005643187708322284,-0.004606725679909385,0.15756049763235347,-0.0012653710379249006,1.711066890872992,2.7368803121211815,3.489034044905326,5.203524407942894,7.611488463856664,6.710658539822556,0.2857142857142857,0.39999999999999997,0.5384615384615384,0.35714285714285715,0.33333333333333337,0.33333333333333315,62760.71685450382
136,2013-03-22,-0.005372667854160906,0.001714608994697997,-0.005829926640491756,0.1677034617427562,0.007486076157836141,0.6613651112065577,1.7881517322950735,2.4996058849381164,4.049484895500499,6.533183356363215,5.561423820395062,0.42857142857142855,0.5,0.6153846153846155,0.42857142857142855,0.3999999999999999,0.33333333333333315,58475.22113135959
137,2013-03-25,0.014889208389764708,0.015235457239559658,-0.0068097415375085735,0.14789764346044398,-0.009602314937540268,1.29765387483749,2.4807085920476535,3.224069258317508,4.6221639539740345,7.28548551700805,6.161128461617804,0.42857142857142855,0.39999999999999997,0.5384615384615384,0.35714285714285715,0.33333333333333337,0.33333333333333315,77160.81991184002
138,2013-03-26,0.000689632183908051,0.004482747126436815,-0.003908000000000023,0.16384290063255125,0.0041549592877718755,0.5780150431832887,1.8399178860638132,2.6787249901582433,3.8042035765599724,6.5788367344627785,5.352071104510081,0.42857142857142855,0.5,0.6153846153846155,0.42857142857142855,0.3999999999999999,0.4,47964.51724137931
139,2013-03-27,-0.0054085384255802005,0.002991967710196386,-0.01265821604929307,0.1576950013288847,-0.0011491421533526003,0.289322675677095,1.7310419616805683,2.629720866166929,3.5467572375692535,6.463631009868642,5.093856596698854,0.2857142857142857,0.39999999999999997,0.5384615384615384,0.42857142857142855,0.33333333333333337,0.4,55680.24152632355
140,2013-03-28,0.0009198804079582068,0.01161322281691124,-0.0036794181478737586,0.15996049812387025,0.0008056103622176014,-0.004944221320724029,1.3584127186101247,2.2580105831517594,3.108604668436188,6.091024666762701,4.656758429370966,0.42857142857142855,0.39999999999999997,0.5384615384615384,0.5,0.3999999999999999,0.4,71442.02550945124
141,2013-04-01,0.014245703108894281,0.015179857720456047,-0.002685602553545108,0.14130218049222432,-0.015292929654232124,1.3311654929996086,2.47048529856142,3.471907790317763,4.2945658458494185,7.378351920040682,5.932820094880653,0.42857142857142855,0.3000000000000001,0.46153846153846156,0.5,0.3999999999999999,0.33333333333333315,66170.18246346546
142,2013-04-02,0.013430726205138743,0.013430726205138743,-0.00483030177298438,0.14874145205661482,-0.008874379907298557,1.9102732007954204,2.9790083498701936,4.034840147228236,4.877486114531648,7.95354063560576,6.478403109510467,0.42857142857142855,0.3000000000000001,0.46153846153846156,0.5,0.33333333333333337,0.2666666666666667,76746.1751913469
143,2013-04-03,-0.002496421689381023,0.005943889469428587,-0.006181704487100426,0.1486494636980149,-0.008953730443140961,2.2603784868890253,3.4712352957375625,4.656050213356422,5.510413057029706,8.524958372652126,7.016510814921562,0.2857142857142857,0.3000000000000001,0.46153846153846156,0.5,0.33333333333333337,0.2666666666666667,109632.85248571615
144,2013-04-04,-0.005435413166799408,0.001181685023573742,-0.00933476341727868,0.1660539085079873,0.0060627916262967485,1.304839107883482,2.504179093446113,3.7113942906986663,4.582975552880253,7.452892678102407,5.946558045365324,0.42857142857142855,0.39999999999999997,0.46153846153846156,0.5,0.33333333333333337,0.2666666666666667,90347.57935774238
145,2013-04-05,-0.014066123263974495,0.00898348721001141,-0.01832145433384047,0.15861612640573464,-0.0003544187641144614,0.9354909172292425,2.183380106456978,3.4644773158035047,4.427552760933651,7.106547228464799,5.586282325558689,0.2857142857142857,0.3000000000000001,0.46153846153846156,0.5,0.33333333333333337,0.2666666666666667,106211.76846838696
146,2013-04-08,0.005938947477397649,0.01377831063598256,-0.005701425211986688,0.15340992848228407,-0.004846540997824222,0.9672131227498104,2.2423931764107508,3.659538079536606,4.691783811280836,7.225170597309316,5.697332682638168,0.2857142857142857,0.2,0.3846153846153847,0.42857142857142855,0.33333333333333337,0.19999999999999984,79842.20988613351
147,2013-04-09,-0.01769505197450405,0.008731082450964323,-0.02153665840426866,0.18256843505477494,0.02031147282438539,-1.2207033624595298,0.009967187704651437,1.3404170428725326,2.3436598290037525,4.763556595247431,3.2702356062601856,0.2857142857142857,0.3000000000000001,0.3846153846153847,0.42857142857142855,0.3999999999999999,0.2666666666666667,122626.47095163047
148,2013-04-10,-0.002194790343074904,0.0035808825228140773,-0.007739378537599539,0.16806700454391144,0.007799670612390841,-1.83171705980123,-0.7945695193853353,0.30253315524850777,1.3123126877022218,3.6903785306414694,2.1729709488862214,0.42857142857142855,0.39999999999999997,0.3846153846153847,0.42857142857142855,0.46666666666666656,0.33333333333333315,72295.40753147742
149,2013-04-11,0.013885671431237201,0.015169230402656941,-0.004667374725812357,0.14737909619539646,-0.010049916615526566,-0.6984303314440332,0.11837476401772573,1.0963160124897398,2.1049563813835714,4.433262603818511,2.9595155486289437,0.42857142857142855,0.39999999999999997,0.3846153846153847,0.42857142857142855,0.46666666666666656,0.2666666666666667,80745.7939584642
150,2013-04-12,-0.0007055261361954557,0.0032921691960432486,-0.008818341840622912,0.15023654907949635,-0.007584379585350964,0.21667721325762113,0.6794310358896993,1.6320932229086926,2.6879146541530785,4.908037850265301,3.5286802834692432,0.42857142857142855,0.3000000000000001,0.3846153846153847,0.42857142857142855,0.46666666666666656,0.2666666666666667,58017.81041673802
151,2013-04-15,0.02394555818447386,0.02503956576052868,-0.004375750736930306,0.12114225252926825,-0.03268681021539821,3.1933303389700907,3.70211004997536,4.694199613391792,5.813192481088736,8.020356694870955,6.705116848966242,0.2857142857142857,0.3000000000000001,0.3846153846153847,0.35714285714285715,0.3999999999999999,0.19999999999999984,125748.36644278716
152,2013-04-16,0.01234712489593126,0.013557704714227015,-0.005931461010392658,0.16381716019853543,0.0041330653384075156,2.424452715444092,2.8956886010451655,3.9047336120569875,5.073736880144986,7.17886607042284,6.0393757888500765,0.42857142857142855,0.3000000000000001,0.3846153846153847,0.42857142857142855,0.46666666666666656,0.2666666666666667,79486.95449112753
153,2013-04-17,0.0008592119693235922,0.0018411930546067268,-0.010433263650015179,0.1430325091237059,-0.013799953234860385,3.3807356122055987,3.8594392341600336,4.89750957438202,6.185450000565607,8.251942589147854,7.225797903693687,0.42857142857142855,0.3000000000000001,0.3076923076923077,0.35714285714285715,0.3999999999999999,0.2666666666666667,115443.94764398002
154,2013-04-18,0.010937074458576612,0.010937074458576612,-0.005095650075759961,0.14465830810964087,-0.006053230908369733,3.1418023270438633,3.963303282721231,5.1074648749181994,6.411675834002306,8.480950267662068,7.481057135838842,0.2857142857142857,0.2,0.3076923076923077,0.28571428571428575,0.33333333333333337,0.2666666666666667,85593.08508071197
155,2013-04-19,0.006465211985577479,0.009076265075220524,-0.005221907248539215,0.15120000900005692,-0.00037269796138694744,2.1878332844997406,3.5879181054966347,4.7940782834605455,5.999847449680273,8.090385015448941,7.117924608567905,0.14285714285714285,0.2,0.3076923076923077,0.21428571428571436,0.2666666666666667,0.2666666666666667,87149.3170458784
156,2013-04-22,-0.01777295390851108,0.005077959195719517,-0.038931217977647425,0.18427516524261311,0.028347647465491344,-1.0510503617353395,0.5917782216246392,1.700008278368803,2.799010386570755,4.825321777097535,3.886426895890338,0.2857142857142857,0.3000000000000001,0.3846153846153847,0.28571428571428575,0.33333333333333337,0.33333333333333315,223062.719297107
157,2013-04-23,-0.002259143930062879,0.007372211828114317,-0.016171225117032728,0.1709831156762034,0.016805808054114024,-2.7556412390374874,-1.0269024916904734,-0.14066020220045994,0.9041680179691758,2.898954015814459,1.9969015171974691,0.42857142857142855,0.39999999999999997,0.3846153846153847,0.35714285714285715,0.3999999999999999,0.4,153774.27119560694
158,2013-04-24,0.005968011529816408,0.010384375869949558,-0.005848627427173847,0.1472471306326011,-0.0038051413460380434,-2.0371816090765438,-0.6752725991733155,0.1096442848367074,1.1039903800566853,3.088067459027366,2.186850760931014,0.42857142857142855,0.3000000000000001,0.3846153846153847,0.35714285714285715,0.33333333333333337,0.33333333333333315,83813.75392474043
159,2013-04-25,0.0022481954266193593,0.00603472947497985,-0.005798189426146183,0.1616637713504856,0.008713564002923002,-2.4731008341192906,-1.4952347563311208,-0.8641453226045037,0.07202163298689612,2.082589076957575,1.150038314531887,0.42857142857142855,0.39999999999999997,0.3846153846153847,0.35714285714285715,0.3999999999999999,0.4,77576.79960767248
160,2013-04-26,-0.0038970477090223277,0.004723689182805746,-0.005077940481813981,0.15394556377633517,0.002011337474282726,-2.039606584595466,-1.6063031655293325,-1.156790299915711,-0.30217935693768183,1.7456442948165618,0.7986162994671142,0.5714285714285714,0.5,0.46153846153846156,0.35714285714285715,0.3999999999999999,0.4,72751.71610769957
161,2013-04-29,0.0036556366631259607,0.008254681311744783,-0.008608525638849507,0.15326126293881237,0.0014170289273682801,-1.447089961892023,-1.7920066323916295,-1.3873407833973062,-0.5656689871816556,1.4090278947051171,0.4830622913433391,0.7142857142857143,0.5,0.46153846153846156,0.42857142857142855,0.3999999999999999,0.4,71521.40313010366
162,2013-04-30,0.0016534782485762012,0.0083854850215066,-0.015471796751430289,0.1498638334122544,-0.0015331337067183703,-0.5803836315588895,-1.7548831467510517,-1.2597340659864398,-0.4853330081280416,1.3647915700871094,0.43731440809877675,0.7142857142857143,0.39999999999999997,0.46153846153846156,0.42857142857142855,0.33333333333333337,0.33333333333333315,82133.16988624471
163,2013-05-01,0.011916200964944501,0.015286422357091434,-0.005055344124811123,0.1300032839189491,-0.018778605757695743,1.3859294427160274,-0.05289492386496564,0.5578384538692083,1.2817979977386207,3.084129009716041,2.1501420651987457,0.5714285714285714,0.39999999999999997,0.46153846153846156,0.42857142857142855,0.33333333333333337,0.33333333333333315,139707.71112882256
164,2013-05-02,-0.010918656280117345,0.0035603607035279428,-0.013766959084572594,0.16798607088621798,0.014203284158847529,-0.00679082788845875,-1.4735421925929693,-0.8121552247412622,-0.24940618720410423,1.5015555616803677,0.5686948551290039,0.5714285714285714,0.5,0.5384615384615384,0.42857142857142855,0.3999999999999999,0.4,68816.94282416467
165,2013-05-03,-0.01598076514207525,0.005748447720793859,-0.0172453431623818,0.18880494846808182,0.032281014564213395,-2.6081585769923588,-4.12470375945011,-3.755682709936714,-3.3320934742763875,-1.7452092462526325,-2.6141446426465875,0.7142857142857143,0.6000000000000001,0.5384615384615384,0.5,0.46666666666666656,0.4,136697.08680047988
166,2013-05-06,-0.0052517298893357545,0.004110069830349117,-0.008105937120946982,0.15970559497136572,0.007012928990133505,-2.7840685158402323,-4.34327798484545,-4.23402721520314,-3.958598459883511,-2.469636869399938,-3.3143020132416767,0.7142857142857143,0.6000000000000001,0.6153846153846155,0.5,0.46666666666666656,0.4666666666666667,72849.78537964541
167,2013-05-07,-0.01871032388116367,0.00022270853967354398,-0.02093770997953326,0.18055486656620667,0.02511705065290326,-4.353011154942566,-5.983796822985754,-6.2549627785395305,-6.174758586957418,-4.840405457120978,-5.651428736771558,0.7142857142857143,0.7000000000000002,0.6923076923076923,0.5714285714285714,0.46666666666666656,0.4666666666666667,115901.66047552443
168,2013-05-08,-0.006090089825934841,0.0009966116929822633,-0.012512435223395624,0.15829871604938006,0.005791442405271852,-4.032152461278537,-5.746087034059977,-6.533313584561229,-6.560976509013372,-5.378385596806057,-6.112332956981803,0.7142857142857143,0.8000000000000003,0.6923076923076923,0.5714285714285714,0.5333333333333332,0.4666666666666667,82282.24841730148
169,2013-05-09,0.00033358533630645226,0.008226848523408048,-0.004446848397337777,0.1470384053974847,-0.003986439978034939,-2.809488722003206,-4.612870774168709,-5.951036211204075,-5.9941665424044555,-5.016825640350541,-5.623323036360494,0.7142857142857143,0.8000000000000003,0.6153846153846155,0.5714285714285714,0.5333333333333332,0.4,57432.020259022356
170,2013-05-10,0.015120694590813777,0.018393104771165625,-0.008124587854053678,0.13460140079097904,-0.014785883746147976,-0.4578152196940244,-2.7049694638645816,-4.353272554189525,-4.410789286926963,-3.6060401804586584,-4.131359417016678,0.7142857142857143,0.7000000000000002,0.6153846153846155,0.5714285714285714,0.5333333333333332,0.4,78621.20451515896
171,2013-05-13,0.0013625752242536482,0.004768911093448569,-0.003633473373452878,0.14448189167015602,-0.006206179497878606,0.781834536558379,-1.775384154489834,-3.563322484107534,-3.6318861107648703,-3.0213719789144666,-3.4954110188741283,0.5714285714285714,0.6000000000000001,0.6153846153846155,0.5714285714285714,0.46666666666666656,0.4,62263.10809583287
172,2013-05-14,0.0030839176556052283,0.005139885603430594,-0.007881233310751634,0.14482947559593717,-0.005904743861968487,1.473463782931761,-0.8843700998373172,-2.6747627884514347,-2.9183271376880593,-2.4612152673999077,-2.874447948583092,0.42857142857142855,0.6000000000000001,0.6153846153846155,0.5,0.46666666666666656,0.4,78318.81456357003
173,2013-05-15,-0.0003448160919540255,0.00206896551724145,-0.006436758620689598,0.1443948336860854,-0.006281833167411377,2.0180548337623616,-0.05337413572523708,-1.790372576880117,-2.183932266640687,-1.8791844918077727,-2.242227489699722,0.2857142857142857,0.5,0.5384615384615384,0.5,0.3999999999999999,0.33333333333333315,79601.29885057472
174,2013-05-16,-0.002650334208922911,0.010025386149174809,-0.007835918504677575,0.1487169970710629,-0.002528620268427373,1.7811714024221326,0.37284573223921313,-1.2214959789296875,-1.8072579444043058,-1.6855825519096146,-1.9800976980155038,0.14285714285714285,0.39999999999999997,0.5384615384615384,0.5,0.3999999999999999,0.2666666666666667,94400.93701776834
175,2013-05-17,-0.0031937835791897573,0.002167252245175,-0.006501654077829544,0.1634399156855726,0.010255735697870083,0.31774279052554366,-0.4122690258660966,-1.832637057056563,-2.7096337154286165,-2.6846275649557216,-2.934255564417576,0.14285714285714285,0.39999999999999997,0.6153846153846155,0.5,0.3999999999999999,0.33333333333333315,76317.01246305491
176,2013-05-20,-0.008604120715405394,0.004754873661160008,-0.01200050918146689,0.16029889445967216,0.007528071075182385,-0.6938177851898764,-0.8604020066754092,-2.1402344859297595,-3.3430674113620107,-3.3593255387486365,-3.554821136410524,0.2857142857142857,0.5,0.6923076923076923,0.5,0.46666666666666656,0.4,63433.84516166999
177,2013-05-21,0.006242951333551794,0.009988706242649359,-0.0041997163268948645,0.14863059956941083,-0.0026037409347978713,-0.5188943747462149,-0.19458882188803095,-1.5934321146194752,-2.9712732854301427,-3.0577407108511867,-3.1810501857097773,0.2857142857142857,0.5,0.6153846153846155,0.5,0.46666666666666656,0.4,53687.9910031553
178,2013-05-22,0.004446967084845044,0.015849476026777998,-0.006271322905518462,0.14640039414214212,-0.004540307805248389,-0.1254307834608004,0.5408008628946082,-0.949126976190795,-2.398700223541572,-2.5944540641259395,-2.6053338365059187,0.2857142857142857,0.39999999999999997,0.5384615384615384,0.5,0.46666666666666656,0.33333333333333315,73876.99568567831
179,2013-05-23,-0.010580770922855698,0.004945371073445948,-0.013455986663231223,0.14178054872044732,-0.008552100748250413,0.6374963820832358,1.4055864829821463,0.07888051454134626,-1.343006874929742,-1.730615357427967,-1.6712364681341296,0.2857142857142857,0.3000000000000001,0.5384615384615384,0.5,0.3999999999999999,0.33333333333333315,69312.40089637956
180,2013-05-24,0.0005800139262268633,0.00591581029945254,-0.005103839520981701,0.14182832424857295,-0.00851048195367532,1.37041095458863,2.161666435378362,1.031810922914289,-0.3252009654312271,-0.8935986185731215,-0.7559746953157975,0.2857142857142857,0.2,0.46153846153846156,0.42857142857142855,0.3999999999999999,0.2666666666666667,53790.90411543794
181,2013-05-28,0.009861921107740423,0.013922693724963464,-0.0033646593951813797,0.15136211585379655,-0.00023195557855637539,1.2961370846217068,1.8870253934251568,1.1386772605280093,-0.08494704216835958,-0.8748964355916211,-0.6488367532306749,0.2857142857142857,0.09999999999999998,0.3846153846153847,0.42857142857142855,0.3999999999999999,0.2666666666666667,67296.82881313773
182,2013-05-29,-0.008787085415356444,0.0019656145673629943,-0.013411909201339167,0.15563764456377238,0.003480648654120344,0.7498795000681735,1.2181435809841545,0.8809172178014579,-0.18251296923937899,-1.2166523133864349,-0.955841895377485,0.2857142857142857,0.09999999999999998,0.3846153846153847,0.5,0.3999999999999999,0.2666666666666667,59086.7571762691
183,2013-05-30,0.0006943293278864893,0.006827866828938101,-0.0048606177590271304,0.15056409394679626,-0.0009248452394163831,0.5257227769299488,1.0192179496786524,1.0701925840054027,0.1570490492620591,-1.0889297137236964,-0.8511765893340018,0.14285714285714285,0.09999999999999998,0.3846153846153847,0.5,0.33333333333333337,0.2666666666666667,41290.51527408794
184,2013-05-31,0.005011654836422297,0.013403193004550173,0.0,0.14349938547572183,-0.0070593892111529,0.8574682393538868,1.5026572500268953,1.9397196208456036,0.9977450004573729,-0.3451491602012968,-0.12472423577667424,0.14285714285714285,0.09999999999999998,0.3846153846153847,0.42857142857142855,0.33333333333333337,0.2666666666666667,64361.46861203489
185,2013-06-03,-0.002554197232817801,0.0019738303253395983,-0.004528027558157288,0.15605844644074174,0.0038459715616592227,0.2106535634393225,0.9528886235912859,1.6525509697081775,0.694973005980648,-0.6565444525173603,-0.4535363599476705,0.2857142857142857,0.2,0.3846153846153847,0.42857142857142855,0.3999999999999999,0.33333333333333315,70737.421133348
186,2013-06-04,0.00034915038056659853,0.006401338603382989,-0.005586545753876737,0.14882145249756906,-0.002438170353110669,0.2843268771842711,1.0641234971896507,1.8422542527155361,1.0300374685855873,-0.3630200174526865,-0.07139466246987025,0.2857142857142857,0.2,0.3076923076923077,0.42857142857142855,0.3999999999999999,0.2666666666666667,59420.55631800643
187,2013-06-05,0.012437846776542028,0.015517709441310146,-0.002250592330030776,0.13152406000600103,-0.017458242512284894,1.763313280245482,2.641577725028932,3.4730212409035177,2.8213752349472765,1.4175265504594803,1.7832842127766924,0.2857142857142857,0.2,0.23076923076923075,0.35714285714285715,0.33333333333333337,0.2666666666666667,87170.28849019873
188,2013-06-06,0.0035714642857143097,0.003690452380952225,-0.008333297619047553,0.14590001408502107,-0.00497491126948324,1.8996583068957795,2.918367523208576,3.662133020831826,3.306548355953254,1.9344385226936156,2.395920231889548,0.2857142857142857,0.2,0.15384615384615383,0.28571428571428575,0.33333333333333337,0.2666666666666667,83444.23809523809
189,2013-06-07,0.0,0.00850562295320434,-0.01193151773345491,0.16054071187688979,0.007738057535946474,0.8066845070252793,1.8732625287157578,2.5477502396830776,2.50696606489218,1.1319828766944706,1.7510817235359522,0.2857142857142857,0.2,0.15384615384615383,0.28571428571428575,0.3999999999999999,0.2666666666666667,64666.45269539391
190,2013-06-10,0.01085914042270364,0.011575106984184735,-0.0020287111445569384,0.14006544220286776,-0.010041119220434713,1.3842272905500774,2.520437935745279,3.238418374813512,3.509613959671154,2.094758689565168,2.8980393130700444,0.2857142857142857,0.09999999999999998,0.15384615384615383,0.28571428571428575,0.3999999999999999,0.19999999999999984,59249.59453756821
191,2013-06-11,-0.005866834501921714,0.005387979120736741,-0.010656130650962603,0.14778107949611474,-0.0033417031661840957,1.3341708018536291,2.472483132869452,3.2937886754030643,3.8754862743553886,2.3905200748152167,3.2707554939651162,0.2857142857142857,0.09999999999999998,0.15384615384615383,0.28571428571428575,0.33333333333333337,0.19999999999999984,63168.303035295845
192,2013-06-12,0.011537062991672453,0.014060786132205072,-0.0024035212402778727,0.14735502398311207,-0.0037113164271307397,1.2103448421625584,2.46878063355247,3.4004468007982736,4.2173705645864645,2.7348232600113764,3.6248941390748746,0.14285714285714285,0.09999999999999998,0.15384615384615383,0.21428571428571436,0.2666666666666667,0.19999999999999984,57060.651929595624
193,2013-06-13,-0.021376544765991934,0.001644350500873193,-0.022903418168938372,0.17834034649296227,0.023194233533883724,-1.2148124844551411,-0.005877660542596974,0.9217276378627792,1.7777397104747905,0.5009285592568302,1.3215170228044304,0.2857142857142857,0.2,0.23076923076923075,0.21428571428571436,0.33333333333333337,0.2666666666666667,74606.70583283657
194,2013-06-14,0.013592452119025156,0.015142434178761155,-0.005603922537119721,0.13445084289545806,-0.0149163710786816,0.18734130284063788,1.308971266037351,2.2721968859760633,3.1604754608568264,2.0734761473513164,2.8339491929697758,0.2857142857142857,0.2,0.23076923076923075,0.14285714285714285,0.2666666666666667,0.19999999999999984,61373.74443633918
195,2013-06-17,-0.004408901439678314,0.00607724037362356,-0.005958055432746745,0.15231545520622092,0.000595985476760541,0.1140499824058061,1.05541788985275,2.0489940038737497,2.849217829861561,2.096942283121672,2.7468234755920307,0.42857142857142855,0.3000000000000001,0.3076923076923077,0.14285714285714285,0.2666666666666667,0.2666666666666667,52304.76864408409
196,2013-06-18,-0.005440650309616268,0.0037847426214756563,-0.0069781665176287255,0.16027462182939356,0.007507134350684286,-0.6488136758491692,0.13854185214312587,1.1128865915363662,1.8395631394800827,1.4513739126724934,1.972789002603803,0.42857142857142855,0.3000000000000001,0.3076923076923077,0.14285714285714285,0.2666666666666667,0.33333333333333315,44042.75952535448
197,2013-06-19,0.0029673590504450953,0.012344225519287821,0.0,0.14754293962662857,-0.003548366217578147,-0.218724044952312,0.31200553349159943,1.242343496382703,1.960586223408578,1.9205975583964863,2.3216712801195305,0.42857142857142855,0.3000000000000001,0.23076923076923075,0.14285714285714285,0.2666666666666667,0.33333333333333315,55924.22255192878
198,2013-06-20,-0.00012013221587003908,0.005769267034949621,-0.010216334502992752,0.13727665071576878,-0.01246310360704117,0.9856092357021673,1.3547654391085517,2.2396111740004443,3.014709748287836,3.2208972178696005,3.6171310522279176,0.42857142857142855,0.3000000000000001,0.23076923076923075,0.14285714285714285,0.2666666666666667,0.2666666666666667,91682.897536679
199,2013-06-21,0.010827646384950373,0.010827646384950373,-0.014316686201274464,0.15052227577561172,-0.0009612092819183404,1.067301606566673,1.19362118085653,2.075593367090356,2.9011361056316076,3.2921374791851976,3.67763843653075,0.42857142857142855,0.2,0.23076923076923075,0.14285714285714285,0.20000000000000007,0.19999999999999984,117136.86872697779
200,2013-06-24,0.006624153825717016,0.008954894833963278,-0.008096123948581724,0.1294611187290624,-0.019249166031760523,2.416572815612006,2.794215079691331,3.761841810864941,4.656597943906227,5.253441701687023,5.5211523707645815,0.2857142857142857,0.2,0.23076923076923075,0.14285714285714285,0.1333333333333333,0.19999999999999984,92314.99947188418
201,2013-06-25,0.00012138952699181083,0.004251159862719511,-0.004372658705874888,0.16307191796332532,0.009936134596618018,1.141739656333618,1.6015629280692112,2.516577690021471,3.4243648039176344,4.154873246963975,4.300455162781591,0.42857142857142855,0.3000000000000001,0.3076923076923077,0.21428571428571436,0.1333333333333333,0.19999999999999984,75900.85653098855
202,2013-06-26,0.009987819975342926,0.01619978114981202,-0.00487211948531352,0.14841188759920487,-0.0027937043191533784,1.1084031537190953,1.7208994726435778,2.5665557897738056,3.510526281892279,4.371844749831766,4.325038486198363,0.2857142857142857,0.3000000000000001,0.3076923076923077,0.21428571428571436,0.06666666666666665,0.13333333333333341,84659.1725861187
203,2013-06-27,-0.004942092634306672,0.002531328381525366,-0.004942092634306672,0.16369256431582713,0.010474986599159797,-0.2135265684445775,0.520911260100676,1.3006878480267714,2.234728907842465,3.237076696379315,2.9904291519967208,0.2857142857142857,0.3000000000000001,0.3076923076923077,0.21428571428571436,0.06666666666666665,0.13333333333333341,56146.54166040914
204,2013-06-28,0.003273172585117612,0.008485925772479863,-0.0021820827295935263,0.14510483081689984,-0.005665402470347525,0.05022669763876664,0.980212183316187,1.6515761205980972,2.564385457672813,3.762366594313371,3.31884969801437,0.2857142857142857,0.3000000000000001,0.3076923076923077,0.14285714285714285,0.06666666666666665,0.13333333333333341,102421.11425438512
205,2013-07-01,0.0038684719068124984,0.00640714450668356,-0.005440086974853764,0.15484030814802363,0.0027881882175240236,-0.31084942729064924,0.6303645152866855,1.1916346515441933,2.0469302020757585,3.4634998334366562,2.8277923790908988,0.42857142857142855,0.39999999999999997,0.3846153846153847,0.21428571428571436,0.1333333333333333,0.19999999999999984,56530.67243070996
206,2013-07-02,0.0035159310069377003,0.01345772259489375,-0.005334650630407833,0.14828809227379924,-0.002901209345845035,-0.13163789993640984,0.8599445138380846,1.2753384804431223,2.1178223731248558,3.7131591006459352,2.933345179406577,0.42857142857142855,0.39999999999999997,0.3076923076923077,0.21428571428571436,0.1333333333333333,0.13333333333333341,44372.17976334215
207,2013-07-03,0.0036652902544971333,0.007941380768268225,-0.003543066671791606,0.1428327483290801,-0.007638311703262568,0.6946532540920147,1.3491629968646501,1.818079425146868,2.681301950236503,4.362222167376029,3.5266642820433125,0.42857142857142855,0.3000000000000001,0.3076923076923077,0.21428571428571436,0.1333333333333333,0.06666666666666654,35774.1994080684
208,2013-07-05,0.004747991292281428,0.005965400608295646,-0.009008972595677789,0.15570956480808906,0.003542937882129893,0.3061097434184701,0.8409137070097827,1.3264397028415642,2.141829593298672,3.8358019962948076,2.992120643912055,0.42857142857142855,0.39999999999999997,0.3846153846153847,0.28571428571428575,0.20000000000000007,0.06666666666666654,58673.215469615476
209,2013-07-08,-0.009615324865937191,0.0,-0.011418233584791992,0.16649092891335315,0.012904670894831716,-0.7829469509016196,-0.5056419062308026,-0.010274497334605837,0.712166569549666,2.324318663513747,1.5570331167712892,0.5714285714285714,0.39999999999999997,0.46153846153846156,0.35714285714285715,0.2666666666666667,0.06666666666666654,58642.030960686214
210,2013-07-09,-0.014766224897076685,0.010781647467909439,-0.018867935805275127,0.18111242239701908,0.02560109907539787,-2.862830110693859,-2.923933314411953,-2.4682748791992504,-1.850366407525017,-0.3688623202916852,-1.056389927379564,0.5714285714285714,0.39999999999999997,0.46153846153846156,0.35714285714285715,0.2666666666666667,0.06666666666666654,92370.96548993402
211,2013-07-10,0.005414300911185332,0.009533874876811232,-0.0020009181026472422,0.14663581420914995,-0.004336067624305495,-2.024481825602109,-2.441480019955611,-1.9785137301107092,-1.4838834095707742,-0.0748153733006629,-0.7388261263597706,0.5714285714285714,0.39999999999999997,0.46153846153846156,0.35714285714285715,0.20000000000000007,0.06666666666666654,49631.768945771764
212,2013-07-11,-0.0027681431176981297,0.002191487965103489,-0.006920403930348429,0.17521495963299127,0.020480215621453857,-3.334980358798645,-4.111049148807644,-3.771067307309095,-3.4239495635743245,-2.132960628695968,-2.777054538459711,0.5714285714285714,0.5,0.5384615384615384,0.42857142857142855,0.2666666666666667,0.13333333333333341,62680.66306856966
213,2013-07-12,-0.006194803400133231,0.0011471722185882882,-0.007227222834168323,0.1578723292509201,0.005420920074304281,-3.0875588134038234,-4.296190624169682,-4.073579472869049,-3.9020485587444864,-2.6852128263460506,-3.318623067278803,0.7142857142857143,0.6000000000000001,0.6153846153846155,0.42857142857142855,0.33333333333333337,0.19999999999999984,55936.823928824684
214,2013-07-15,-0.0018307093402584185,0.00720820349637985,-0.0024027459404405427,0.15466809112719626,0.002638693965256733,-2.435448746602953,-4.06751109026231,-4.202900125634434,-4.094476777562406,-2.945406769866754,-3.5583531274554825,0.8571428571428571,0.7000000000000002,0.6153846153846155,0.5,0.3999999999999999,0.2666666666666667,47616.84788059845
215,2013-07-16,-0.005103742885420148,0.004083032870205949,-0.008506294850999074,0.16177517405907915,0.008810056132176225,-2.3104809934128556,-4.432189498884476,-4.807273446157623,-4.780132112678082,-3.7614012835174737,-4.337075694050007,0.8571428571428571,0.7000000000000002,0.6923076923076923,0.5714285714285714,0.46666666666666656,0.33333333333333315,61608.392346816196
216,2013-07-17,0.020537660563924254,0.026883605097117735,-0.009115045785509368,0.13203705965755774,-0.017012530750604715,-0.047811528078556265,-2.401566700154889,-3.0086834096762716,-3.0221416884297025,-2.0988253379494837,-2.6656171374788262,0.7142857142857143,0.7000000000000002,0.6153846153846155,0.5714285714285714,0.46666666666666656,0.33333333333333315,173962.3131178796
217,2013-07-18,0.0018664955451879184,0.010265947150420729,-0.0034998016390596076,0.1390060840623153,-0.004066379232842032,0.5237380830729554,-1.725231939827787,-2.5151580180808764,-2.557186185116056,-1.736401765828366,-2.273910081373076,0.5714285714285714,0.6000000000000001,0.5384615384615384,0.5,0.3999999999999999,0.2666666666666667,82195.68592864342
218,2013-07-19,-0.002335142969407067,0.002802066484481891,-0.005837711480730645,0.1427227149842285,-0.000816556412049918,0.8190791707810119,-1.3337627680536146,-2.3252268707575907,-2.376222164311892,-1.7135995521487368,-2.1994432297272937,0.5714285714285714,0.6000000000000001,0.5384615384615384,0.5,0.3999999999999999,0.19999999999999984,59382.536266584095
219,2013-07-22,-0.00720933720930228,0.006395383720930292,-0.00720933720930228,0.14832998437136258,0.004086225427991641,0.3922110014930702,-1.4153060931926476,-2.5357912824363282,-2.6465093346821345,-2.1548398538979607,-2.5710742962052335,0.5714285714285714,0.6000000000000001,0.6153846153846155,0.5714285714285714,0.46666666666666656,0.2666666666666667,56219.93023255814
220,2013-07-23,-0.0003507834547749056,0.010056127574466611,-0.004677198480257272,0.13727350476588351,-0.005581324181100578,0.7808616569195292,-0.5603849829848739,-1.8230818353226486,-1.979573322262751,-1.6494592513813244,-2.024698356877508,0.42857142857142855,0.6000000000000001,0.6153846153846155,0.5714285714285714,0.3999999999999999,0.2666666666666667,80586.00002059167
221,2013-07-24,0.013662511657178467,0.022051737247082093,-0.009587763432699847,0.11584090585738505,-0.024321867564585098,2.718745509583753,2.103080354703857,0.7660692274153114,0.4163601358648794,0.7192585952082498,0.3530940346070599,0.2857142857142857,0.6000000000000001,0.6153846153846155,0.5,0.3999999999999999,0.2666666666666667,198969.5129681085
222,2013-07-25,-0.0010956416008721659,0.0053567446476350256,-0.009617738125368147,0.12583849543676284,-0.015579938275979144,3.4018527077934957,3.768466773310597,2.3828721333553293,1.9556255507469977,2.212618173788594,1.8823561035115954,0.14285714285714285,0.5,0.5384615384615384,0.5,0.3999999999999999,0.2666666666666667,121027.73290758136
223,2013-07-26,-0.0021935291784919153,0.00024377285507615198,-0.007677285100591735,0.14254271983484545,-0.0009737789084827142,2.8045496739574682,3.8205219143210734,2.513329486223559,1.9993387152506426,2.2097297417430273,1.9343652353392526,0.14285714285714285,0.39999999999999997,0.5384615384615384,0.42857142857142855,0.3999999999999999,0.2666666666666667,69789.39897125028
224,2013-07-29,-0.007227162390767039,0.003974957985122485,-0.012286160405426183,0.15703573287993655,0.011698283925847708,1.1512105498817427,2.4721204541678032,1.3643488543276794,0.7792787524703471,0.9455312841500252,0.7197672738200378,0.2857142857142857,0.39999999999999997,0.5384615384615384,0.42857142857142855,0.3999999999999999,0.2666666666666667,109235.33254286916
225,2013-07-30,0.0033657770557571354,0.006731554111514493,-0.006370933853325433,0.14599884411024533,0.002048085443599801,0.522027260774216,2.1612050202720834,1.2299287689988114,0.5528295699591679,0.6641713549192962,0.5128804439674228,0.42857142857142855,0.5,0.6153846153846155,0.5,0.46666666666666656,0.33333333333333315,63299.87598747743
226,2013-07-31,0.00808102723044124,0.011940633846791338,-0.0008443854374919901,0.1398072586156145,-0.0033659849856141344,0.32910679813882293,2.2314335707910526,1.6156211443578705,0.9047517556959761,0.9382139834805514,0.8512525352720957,0.2857142857142857,0.39999999999999997,0.5384615384615384,0.5,0.46666666666666656,0.33333333333333315,84583.48512437654
227,2013-08-01,-0.009711025350283786,0.004381762094226138,-0.01575084046066233,0.16476151239616454,0.0184537587138649,-1.671512302857936,0.19917820405292996,-0.08285925923219306,-0.8434128739603475,-0.9215645234244008,-0.9150006804513722,0.42857142857142855,0.39999999999999997,0.6153846153846155,0.5714285714285714,0.5333333333333332,0.33333333333333315,77810.46191825054
228,2013-08-02,-0.00011864768261038439,0.004507674809928641,-0.009489952212694552,0.1417605980300718,-0.001657868834980536,-1.3624859079355955,0.15417192415672076,0.2534683587419817,-0.5370657666650569,-0.7859875041947739,-0.7589509016578178,0.42857142857142855,0.3000000000000001,0.6153846153846155,0.5714285714285714,0.46666666666666656,0.33333333333333315,57705.9967601306
229,2013-08-05,0.006582132756872472,0.008736273545626672,-0.0007180229946869288,0.13361734726534058,-0.008778303703040669,-0.24618104884331915,0.6992476898400657,1.2546465690626007,0.4207137880186895,0.08480452357912949,0.12918456541184398,0.42857142857142855,0.2,0.5384615384615384,0.5,0.46666666666666656,0.33333333333333315,44977.459669182856
230,2013-08-06,0.009451096685460847,0.009572288980640664,-0.004604349989147605,0.12955947412648405,-0.012326254609989817,1.0801101190884843,1.64960239105707,2.512890778689747,1.7171772245637706,1.3082398379653082,1.3507974225093644,0.42857142857142855,0.2,0.46153846153846156,0.5,0.3999999999999999,0.33333333333333315,87525.9609539193
231,2013-08-07,-0.0006066116705083502,0.00412467548222728,-0.0076428120829795665,0.1422707424996792,-0.001211918355647712,1.1005107286355287,1.487851542177654,2.503874621804436,1.8425198177267843,1.3839693368248307,1.4205809343865283,0.2857142857142857,0.2,0.3846153846153847,0.42857142857142855,0.33333333333333337,0.2666666666666667,52072.2742933398
232,2013-08-08,-0.012029561839323022,0.007503537488131817,-0.012386862939338439,0.16488439306157865,0.01856131475769085,-0.6108378053303887,-0.5053452491696309,0.6125822585605345,0.0734580764504722,-0.4425693217604776,-0.4176338566544424,0.2857142857142857,0.3000000000000001,0.46153846153846156,0.5,0.3999999999999999,0.33333333333333315,76232.92182270036
233,2013-08-09,-0.008401360586880569,0.0033132054593965066,-0.011951271755975101,0.15114845887705108,0.006550812360585301,-0.987211249146347,-1.2788090646546513,-0.13180143788942278,-0.4779902284477777,-1.046324240051244,-1.0019706572879095,0.42857142857142855,0.3000000000000001,0.46153846153846156,0.5,0.46666666666666656,0.4,64826.829491709155
234,2013-08-12,-0.024675602409638397,0.001505989341983316,-0.0261816728452271,0.16815091210636046,0.021417557086271133,-2.752220996545718,-3.2826414203126153,-2.239483080044957,-2.3823119526189096,-3.0195590820916274,-2.9528426332536717,0.42857142857142855,0.39999999999999997,0.46153846153846156,0.5714285714285714,0.5333333333333332,0.4666666666666667,99724.44022242818
235,2013-08-13,0.0005776019406260602,0.009934157329329008,-0.0013861961418505375,0.14696884037952485,0.0028961062587333775,-2.6584551591733785,-3.3036808644985483,-2.534163543905521,-2.4461075399527243,-3.244073475598752,-3.047795158557509,0.5714285714285714,0.5,0.46153846153846156,0.6428571428571428,0.5999999999999999,0.4666666666666667,77511.99526394825
236,2013-08-14,0.012118398974598099,0.013749708692612606,-0.0012817641575390004,0.1337486087238693,-0.008663625467270064,-1.4315526388708588,-2.15233124326879,-1.77890297333404,-1.4167420602732905,-2.328283069510617,-2.0653322060639634,0.5714285714285714,0.5,0.3846153846153847,0.5714285714285714,0.5333333333333332,0.4666666666666667,52002.02959683058
237,2013-08-15,-0.010482203465150164,0.007803377500543052,-0.011413976107454205,0.14418988551877931,0.0004663646490479234,-0.92344221703069,-1.8818139858230998,-1.8363345379657003,-1.3280911512544957,-2.3039043700438633,-1.9669497958329951,0.7142857142857143,0.6000000000000001,0.46153846153846156,0.5714285714285714,0.5999999999999999,0.4666666666666667,59851.08409210245
238,2013-08-16,0.008102324654658322,0.014560802510060977,-0.00023491074518966482,0.13433255381495957,-0.008152848347403707,0.3489175065820582,-0.8957994272730918,-1.0607559751473206,-0.49937620145857897,-1.4674360805523312,-1.0680518665400762,0.7142857142857143,0.5,0.46153846153846156,0.5,0.5333333333333332,0.4,55265.554473153854
239,2013-08-19,0.011282720116961631,0.015439466108294608,-0.0029691212459307392,0.13076419491184565,-0.011273061379252436,1.5337729278996015,0.3198251424507026,-0.0146962026519315,0.62780099975972,-0.3289289916700633,0.1373328402996643,0.5714285714285714,0.39999999999999997,0.46153846153846156,0.5,0.5333333333333332,0.4,44725.84244869985
240,2013-08-20,-0.0007154543201113306,0.007154757844565207,-0.007035583030818193,0.13903867011790205,-0.004037936860069369,1.8346918570020465,0.807470178648706,0.26915760292487434,0.940389484317139,0.11026088470751372,0.6016716137256628,0.42857142857142855,0.39999999999999997,0.3846153846153847,0.42857142857142855,0.46666666666666656,0.4,55925.54357349698
241,2013-08-21,0.006992946539837286,0.010971738341650772,-0.0013262599149685972,0.13111002258101423,-0.010970635026207987,2.382098210990513,1.796478763206566,1.2332480615292685,1.903893951886615,1.2320679232366682,1.7530940745004164,0.2857142857142857,0.3000000000000001,0.3846153846153847,0.35714285714285715,0.46666666666666656,0.4,67066.75820912085
242,2013-08-22,-0.01021741737477544,0.003801829720846639,-0.0131875968441868,0.16061703240076897,0.014829933749407997,0.478626902298096,0.29787153178568726,-0.2047959264736221,0.30337057190910066,-0.1563333303699732,0.3641402643832725,0.2857142857142857,0.39999999999999997,0.46153846153846156,0.35714285714285715,0.5333333333333332,0.4666666666666667,56312.41466825269
243,2013-08-23,0.005840958467528301,0.006079425510542746,-0.005840946547156389,0.13985220373693252,-0.003326686346747265,0.48534202224008727,0.6607423973080229,0.22763515284176528,0.4819363991228398,0.23737557155780742,0.7781036745352576,0.2857142857142857,0.39999999999999997,0.46153846153846156,0.28571428571428575,0.46666666666666656,0.4,53488.093497307105
244,2013-08-26,0.005026388344336663,0.014600299535670214,-0.00047870992050513816,0.1391579487658383,-0.003933666814696313,0.4889597912270949,1.1463166438851369,0.7089347445083716,0.7714800774329067,0.6910291478845698,1.208101129241368,0.14285714285714285,0.39999999999999997,0.46153846153846156,0.28571428571428575,0.3999999999999999,0.4,49344.381745940205
245,2013-08-27,0.002176541796005127,0.010157243415619632,-0.0026601451992797065,0.13188617779556489,-0.01029182941979212,1.108986101955467,2.2214437714517254,1.7377680971414788,1.6889683313227266,1.747150038465639,2.1900966969602864,0.14285714285714285,0.39999999999999997,0.3846153846153847,0.28571428571428575,0.33333333333333337,0.33333333333333315,67349.66749760584
246,2013-08-28,-0.007762268323672661,0.0025470831733322985,-0.012007253317425803,0.14019925069061911,-0.0030231945162015883,1.1123705481920876,2.40060000101181,2.0035339163216204,1.8587131614232755,2.0710200040120474,2.4333767111795135,0.14285714285714285,0.3000000000000001,0.3076923076923077,0.28571428571428575,0.33333333333333337,0.33333333333333315,82023.26011003979
247,2013-08-29,-0.0003634920678964315,0.0064218951462726714,-0.006179595373556279,0.1447664482917952,0.0009705477930148643,0.7841142960131497,2.1299458369742785,1.8827059826195702,1.6097892541263592,1.9830913641653458,2.2104733804860777,0.2857142857142857,0.3000000000000001,0.3846153846153847,0.28571428571428575,0.33333333333333337,0.33333333333333315,44908.730339388465
248,2013-08-30,0.000605706316868071,0.0026653864469907695,-0.003998085728155076,0.14379507737709885,0.00012072622478065398,0.7027134664589818,1.7905007439936282,1.7607914207216968,1.4685808862968663,1.988981783896393,2.0587556284672903,0.42857142857142855,0.3000000000000001,0.3846153846153847,0.35714285714285715,0.33333333333333337,0.4,53617.850816345395
249,2013-09-03,0.007756635371309217,0.012483322930958218,-0.009574608906202764,0.143241348108059,-0.0003633265531866048,0.45190197071038885,1.476023831426887,1.6944698059627283,1.465205356895205,2.0614467532496406,1.9474711127938527,0.2857142857142857,0.2,0.3846153846153847,0.35714285714285715,0.2666666666666667,0.4,91432.76338786175
250,2013-09-04,-0.009456559618666982,0.002394026784845238,-0.014843164773244322,0.15793350703444586,0.012483545985449096,-0.8464817042890482,0.029918458054734032,0.4394753142829666,0.274028652949343,0.8591753642789968,0.5530226428635654,0.42857142857142855,0.3000000000000001,0.46153846153846156,0.42857142857142855,0.2666666666666667,0.4,53652.3390752533
251,2013-09-05,0.005063363655094522,0.006871609651776245,-0.002893285216152619,0.1355795046551369,-0.007062524448500418,-0.24628020086209235,0.490824974404358,1.1779872917978773,1.0255720070668772,1.5859198589734946,1.1607663746312724,0.42857142857142855,0.2,0.46153846153846156,0.42857142857142855,0.2666666666666667,0.33333333333333315,44946.56039593347
252,2013-09-06,-0.002038589783410427,0.009953255905423397,-0.011871891256408418,0.14972304758369948,0.0053044573931713135,-0.6544228165179855,-0.19102305501603745,0.6989454151937302,0.508361258530865,1.0113810578164628,0.5471634126130276,0.5714285714285714,0.3000000000000001,0.5384615384615384,0.42857142857142855,0.33333333333333337,0.33333333333333315,66751.60902689301
253,2013-09-09,-0.018109534670383676,0.005140822766249498,-0.01834325357370037,0.17382854573141726,0.02638182179871995,-2.6838802856515076,-2.6404832488774233,-1.7987050024153461,-1.9749324383852462,-1.5510993081809699,-2.0392754817323056,0.7142857142857143,0.39999999999999997,0.5384615384615384,0.42857142857142855,0.3999999999999999,0.4,78304.88051435357
254,2013-09-10,0.002309167505955667,0.0032328599095616806,-0.004964796155584761,0.1572861417144098,0.01191738807642806,-3.157011133738852,-3.5602935422950566,-2.839765847042175,-2.976804933640098,-2.696509450207818,-3.172839424336482,0.7142857142857143,0.5,0.5384615384615384,0.5,0.3999999999999999,0.4,72720.39391846907
255,2013-09-11,-0.007230540820516773,0.0,-0.009985022724148696,0.15052311764547577,0.006003821485180749,-2.9823973864672504,-3.7923527682679814,-3.375349485601009,-3.4455766744931893,-3.261818168680952,-3.6979087942713096,0.7142857142857143,0.6000000000000001,0.5384615384615384,0.5,0.46666666666666656,0.4,50301.997255927825
256,2013-09-12,0.0011516122133401474,0.0043759214360166165,-0.0025333142576376977,0.13985029160427498,-0.0033283262523652324,-1.946100779930382,-3.251457899975718,-3.0378721019752253,-3.0186781255354345,-2.937531556719397,-3.264449602744446,0.7142857142857143,0.5,0.46153846153846156,0.5,0.46666666666666656,0.33333333333333315,45837.32546468565
257,2013-09-13,0.0010343178707201695,0.002183599536062397,-0.007240604361783531,0.14589568253751684,0.001957583818230635,-1.5679564170581584,-3.1843533404445457,-3.1621862536724943,-3.066547267967479,-3.1422081699660653,-3.293532208438188,0.7142857142857143,0.6000000000000001,0.5384615384615384,0.5714285714285714,0.5333333333333332,0.33333333333333315,37649.84386505358
258,2013-09-16,0.008946994723560309,0.011929353062628989,-0.0017205895847671737,0.14589132699460117,0.001953969474417283,-1.0667674574767916,-3.0765638420644947,-3.2789355610099324,-3.0650908252589426,-3.300781215984072,-3.314328423094648,0.8571428571428571,0.7000000000000002,0.5384615384615384,0.6428571428571428,0.5999999999999999,0.4,55821.43633860977
259,2013-09-17,0.0033306649821982504,0.004364270127483749,-0.004594027793729083,0.14221363968114442,-0.0012617741669816995,-0.33799596644153995,-2.5956182283108475,-3.0522827965692056,-2.752303030211134,-3.1416985136337283,-3.0592801638102074,0.7142857142857143,0.7000000000000002,0.5384615384615384,0.6428571428571428,0.5333333333333332,0.4,39224.9101872057
260,2013-09-18,-0.017418010811384943,0.0019354053704647711,-0.018670299119776912,0.1537705048434459,0.008843459552644983,-0.8456997767792074,-3.011161464579093,-3.7047917432248556,-3.4470161046326497,-3.931391493898606,-3.7578079031345024,0.7142857142857143,0.8000000000000003,0.6153846153846155,0.6428571428571428,0.5333333333333332,0.4666666666666667,63349.4127208749
261,2013-09-19,0.0033048547008547313,0.005698005698005604,-0.0050142678062679025,0.1424848964473171,-0.0010247210686596953,-0.5583990795902105,-2.48676656394069,-3.394917870954539,-3.2161074288123093,-3.7853637697146447,-3.5014949945329277,0.5714285714285714,0.7000000000000002,0.6153846153846155,0.5714285714285714,0.5333333333333332,0.4,54303.27350427351
262,2013-09-20,0.03374632448377568,0.034218312684365815,0.0,0.10455744703578618,-0.034187988405001146,2.560473721777634,1.15128799358164,0.1264254325783032,0.14370473855429555,-0.4011731400149321,-0.07517267043675169,0.42857142857142855,0.6000000000000001,0.6153846153846155,0.5,0.46666666666666656,0.4,158526.4336283186
263,2013-09-23,-0.0003528048965401043,0.004233799885144052,-0.007644384424842832,0.1474352110342274,0.0033040142919447124,1.918637077255969,1.0298749299783916,-0.155141426511185,-0.2507645379984269,-0.684642926806045,-0.3797092748188069,0.5714285714285714,0.7000000000000002,0.6153846153846155,0.5,0.5333333333333332,0.4666666666666667,71131.5422925149
264,2013-09-24,0.000234943012161537,0.003877346917197322,-0.006814733793740535,0.14473258322213178,0.0009404803220389724,1.5039579789975388,1.0667075286436178,-0.1806970482419401,-0.3742824652379517,-0.6948743012222591,-0.42127925764837704,0.5714285714285714,0.7000000000000002,0.6923076923076923,0.5714285714285714,0.5999999999999999,0.5333333333333333,43717.71644085635
265,2013-09-25,0.007573952662721872,0.012426071005917194,-0.0008284023668638785,0.13546016982426035,-0.007166917092742975,1.7835943397266574,1.9272957177509653,0.59283681100053,0.28739951746041825,0.09072616378911214,0.3641548210889134,0.42857142857142855,0.7000000000000002,0.6923076923076923,0.5,0.5999999999999999,0.5333333333333333,45261.72189349112
266,2013-09-26,0.004631817267166882,0.007719727115904851,-0.003562886112691843,0.13959630219122854,-0.0035503704493410337,1.6593145778710294,2.359177692015413,1.0360823193002355,0.6040056047873499,0.4807191551132517,0.7818154727377902,0.42857142857142855,0.6000000000000001,0.6923076923076923,0.5,0.5999999999999999,0.4666666666666667,41270.9729669349
267,2013-09-27,-0.00214797128348565,0.0014319211897879658,-0.005012004593842323,0.13822373998059234,-0.004750684934260785,1.4558543122635603,2.695200890842031,1.595077084821206,1.0671771888988157,0.9776807761629813,1.2574278207131862,0.2857142857142857,0.5,0.6923076923076923,0.5,0.5333333333333332,0.4,36008.545250254945
268,2013-09-30,-0.005395743275881548,0.005155875176118041,-0.006834532210203137,0.1381978973172746,-0.004772829420837232,1.1972961409446148,2.9127777224864593,2.1319736143527335,1.5321694153193954,1.4759309274507748,1.7050037460916156,0.2857142857142857,0.39999999999999997,0.6153846153846155,0.5,0.46666666666666656,0.4,64765.18549721377
269,2013-10-01,-0.00238782229255452,0.006447003188944533,-0.00811843342601648,0.14859302020772214,0.004316137111725293,0.5935415402771982,2.183115473849506,1.7624123659215396,1.1307892598578562,1.020499370878869,1.1805926057749438,0.42857142857142855,0.39999999999999997,0.6153846153846155,0.5714285714285714,0.46666666666666656,0.4,46154.68180144026
270,2013-10-02,-0.006542202926132834,0.0021410729154276442,-0.008802164862614537,0.14788954492590078,0.003701114303501063,0.059474659141423025,1.5709709862997023,1.4755290232529639,0.7536245891566873,0.6414754962061231,0.7225292097178482,0.42857142857142855,0.5,0.6923076923076923,0.5714285714285714,0.46666666666666656,0.4666666666666667,39548.18520280719
271,2013-10-03,-0.0009527450166398888,0.003572656858727541,-0.006549993967488343,0.14229639172421304,-0.001189609785326673,-0.015297400686931084,1.4333487580469928,1.620773047495283,0.8770271704480193,0.7729673458528818,0.779544619795991,0.2857142857142857,0.39999999999999997,0.6153846153846155,0.5714285714285714,0.46666666666666656,0.4666666666666667,50296.72477911487
272,2013-10-04,-0.0027315440403162805,0.0017814846240433724,-0.007838432583316957,0.14678940291917297,0.0027391923913762106,-0.3393268766633484,0.903462247722886,1.4138675485042773,0.6286066432645177,0.5449074883722371,0.44791508629224985,0.42857142857142855,0.39999999999999997,0.6923076923076923,0.6428571428571428,0.46666666666666656,0.5333333333333333,38146.26976771745
273,2013-10-07,-0.0008380222774815316,0.0075422603560668655,-0.002753453881880197,0.13455637778861584,-0.00795741967621233,0.34548685087703035,1.4101180070270392,2.235312985629445,1.471260065740032,1.3827573251477654,1.197877606162212,0.42857142857142855,0.39999999999999997,0.6153846153846155,0.6428571428571428,0.46666666666666656,0.5333333333333333,40275.547830438736
274,2013-10-08,0.008328340575216586,0.01255281864943436,-0.00265541346180842,0.13434665382652855,-0.008140652306983354,1.005262588155098,1.8122278668216252,2.916921285351126,2.321324879156217,2.182953269529353,1.9818999368083068,0.42857142857142855,0.3000000000000001,0.5384615384615384,0.6428571428571428,0.46666666666666656,0.4666666666666667,68451.62687875985
275,2013-10-09,-0.005627322999065765,0.00443010073383987,-0.012811303142168495,0.15290539486031118,0.008087082238461996,0.21549996424605755,0.6337096555717459,1.9151243364488257,1.542815560501909,1.3349979903426679,1.1521492352916551,0.5714285714285714,0.39999999999999997,0.5384615384615384,0.6428571428571428,0.5333333333333332,0.4666666666666667,54806.23376941692
276,2013-10-10,-0.0034226482914203604,0.002596412040726692,-0.007789483968270394,0.16022541208506236,0.014487603985352981,-1.0521003740657786,-0.8050957467621633,0.3248230582906464,0.18502343182753567,-0.15681742495456952,-0.2320152857193114,0.5714285714285714,0.5,0.5384615384615384,0.6428571428571428,0.5999999999999999,0.4666666666666667,50950.25512977971
277,2013-10-11,-0.011330475279401009,0.002803375741112335,-0.014717941657306999,0.15553448031298478,0.010385840125725965,-1.8122134093084608,-1.7763366143131565,-0.774839979548303,-0.7154621193411925,-1.2098128368812966,-1.2094800472481348,0.5714285714285714,0.5,0.6153846153846155,0.7142857142857142,0.5999999999999999,0.4666666666666667,48010.91393514877
278,2013-10-14,-0.013682746142920865,0.002087198564174386,-0.016001820872027395,0.1520727210120114,0.007358864676124233,-2.1534568636941143,-2.4002768479830627,-1.542206933235546,-1.3289325143901354,-1.9198900273366348,-1.8532994104579203,0.7142857142857143,0.5,0.6153846153846155,0.7142857142857142,0.6666666666666665,0.5333333333333333,54377.47992528942
279,2013-10-15,0.0057142623906705214,0.011661807580174877,-0.0006996851311952268,0.1371586829816691,-0.005681934369115238,-1.3360979732093048,-1.7384306475835332,-1.0589916451685388,-0.6484688284608242,-1.3624757527676112,-1.2194802971318919,0.5714285714285714,0.5,0.5384615384615384,0.7142857142857142,0.6666666666666665,0.4666666666666667,57101.04081632653
280,2013-10-16,-0.0024342066454460243,0.0025501449826177414,-0.007766303735932678,0.15059212150722678,0.0060642355318034635,-1.4770852842166948,-2.1593313944996972,-1.6995350993963654,-1.1281018022647027,-1.9263970963522947,-1.6966649575857806,0.7142857142857143,0.6000000000000001,0.6153846153846155,0.7142857142857142,0.7333333333333332,0.5333333333333333,41143.083962353674
281,2013-10-17,-0.006057029844077633,0.0016307513484159486,-0.010483413173754563,0.13808891098105636,0.00210118924394731,-1.0885711892414052,-2.1454258585629993,-1.982144221296256,-1.2998341751347509,-2.0700340658245553,-1.7705470477360041,0.8571428571428571,0.7000000000000002,0.6153846153846155,0.7142857142857142,0.7999999999999998,0.6,44852.81583817859
282,2013-10-18,-0.011792970542384817,0.004808862139173975,-0.012250962319714231,0.15541364630625054,0.01735589064934029,-2.0561544121260877,-3.4451483021398888,-3.6433882587638577,-2.9291572633306284,-3.6299329443342354,-3.270196607394238,0.8571428571428571,0.8000000000000003,0.6923076923076923,0.7142857142857142,0.7999999999999998,0.6666666666666669,77314.09399198965
283,2013-10-21,0.000228095788874505,0.0011403193092469621,-0.005815222547841059,0.14038369530569428,0.004121752516756727,-1.8784161069430816,-3.4731438115400803,-3.8467330345345663,-3.2797266112311374,-3.880627132597836,-3.4804480316055764,0.8571428571428571,0.8000000000000003,0.7692307692307693,0.7142857142857142,0.7999999999999998,0.7333333333333333,44280.64347599693
284,2013-10-22,-0.014466760445592919,0.0,-0.018279657245254155,0.15473891614107615,0.016761740863553865,-2.830262773366332,-4.609062435418609,-5.17919238903517,-4.756689170713823,-5.316057721092959,-4.839828962997162,0.8571428571428571,0.8000000000000003,0.7692307692307693,0.7857142857142856,0.8666666666666665,0.7333333333333333,102644.51088136168
285,2013-10-23,0.004656160347274119,0.010625596689933126,-0.008476587667703206,0.06679882439179918,-0.06067055182154746,3.125177362718068,1.5840597576622262,0.902113590989706,1.282229124829004,0.8123940235615024,1.3338154064238106,0.7142857142857143,0.8000000000000003,0.6923076923076923,0.7142857142857142,0.7999999999999998,0.7333333333333333,250342.83356390081
286,2013-10-24,-0.014314432915112363,0.005560168053474035,-0.01656219113406121,0.1461429185322336,0.009192925956468256,2.0804029196323848,0.7360822830944747,0.01777490570371576,0.27328490462625865,-0.062233154928692525,0.4836514184205498,0.8571428571428571,0.8000000000000003,0.7692307692307693,0.7142857142857142,0.8666666666666665,0.7999999999999999,99001.72209869539
287,2013-10-25,-0.005308446572199532,0.00011798985907707227,-0.013684039649075497,0.13892698187980135,0.0028390681607313173,1.6397398199486268,0.604332434635535,-0.2004630042239497,-0.08197991905244395,-0.27086493403388756,0.26523889399467926,0.8571428571428571,0.9000000000000001,0.8461538461538461,0.7857142857142856,0.8666666666666665,0.8666666666666668,57642.03613222966
288,2013-10-28,0.0026103583603507285,0.005339392564539525,-0.0015424418787665095,0.12913791605242664,-0.005780226940646949,1.9645372894560253,1.3592601542792293,0.4398063750744141,0.3739574862391182,0.3768421256646448,0.8239351040667753,0.7142857142857143,0.9000000000000001,0.8461538461538461,0.7142857142857142,0.7999999999999998,0.8666666666666668,47213.04897026636
289,2013-10-29,-0.0019031283454263859,0.0003568216962055448,-0.009277970738669983,0.13287272428952956,-0.0024919831096721357,1.6636025615724304,1.7085574751485977,0.7615285757255563,0.4943062387635422,0.6874739897991367,1.0099627807150124,0.5714285714285714,0.8000000000000003,0.8461538461538461,0.7142857142857142,0.7333333333333332,0.7999999999999999,63328.36838348996
290,2013-10-30,0.008144688181691118,0.010300635053315021,-0.0033536831561549185,0.12786762105695004,-0.006898905274018041,1.6494810145645467,2.3594374827318854,1.4793280897781313,1.163738296152994,1.4303960773021762,1.6078337609599647,0.42857142857142855,0.7000000000000002,0.7692307692307693,0.7142857142857142,0.6666666666666665,0.7333333333333333,55778.13656196279
291,2013-10-31,0.0009597048829210753,0.010916458602249879,0.0,0.1339343956386838,-0.0015570377291908022,0.812316854751205,2.3772861753827312,1.630423875593423,1.2752871793990428,1.6292419223958632,1.667712482938044,0.2857142857142857,0.6000000000000001,0.6923076923076923,0.6428571428571428,0.6666666666666665,0.7333333333333333,55796.74405233033
292,2013-11-01,0.002273035160810455,0.002512346094621254,-0.009450807965106223,0.13883619627329824,0.00275918810880027,0.5058669872443522,1.9203931283781728,1.3624004964051695,0.9569673240944043,1.3675727798886372,1.2917515875939145,0.42857142857142855,0.6000000000000001,0.7692307692307693,0.6428571428571428,0.6666666666666665,0.7333333333333333,70344.73850200926
293,2013-11-04,-0.0009536416849881268,0.0011920252853978575,-0.005244987546131785,0.13977859545770843,0.003589032272799386,0.0374515138343412,1.4483163452137404,1.015553589636431,0.5949758046120079,1.048115211326972,0.8381115321700827,0.42857142857142855,0.7000000000000002,0.7692307692307693,0.7142857142857142,0.6666666666666665,0.7999999999999999,46399.048234593494
294,2013-11-05,-0.005235002787566945,0.0016656632362048729,-0.008209422669503086,0.13786865606263365,0.0019069757411149801,-0.27533270881869853,1.1175511081438882,0.8856609237337887,0.42201784881303883,0.890910682123236,0.5641063407953562,0.42857142857142855,0.7000000000000002,0.8461538461538461,0.7857142857142856,0.7333333333333332,0.7999999999999999,47719.40281783214
295,2013-11-06,0.0009499168730715546,0.0016623129700508166,-0.004393291327555282,0.13799995011284993,0.002022834748383495,-0.48683005138964175,0.7751766458305109,0.7920399627070918,0.26181707183505765,0.6653354245693022,0.2590102370160219,0.5714285714285714,0.7000000000000002,0.9230769230769232,0.8571428571428572,0.7333333333333332,0.7999999999999999,43505.29252545367
296,2013-11-07,0.003586311928599706,0.00932454251465531,-0.0017932097598754027,0.12801620265443714,-0.006767881294886591,0.11953009137146697,1.1467707012416062,1.5193046463001902,0.9804388258162655,1.2841632561359617,0.8229815861345635,0.5714285714285714,0.6000000000000001,0.8461538461538461,0.8571428571428572,0.7333333333333332,0.7333333333333333,64931.45511219474
297,2013-11-08,-0.008547020620774393,0.0009496913805719931,-0.008784401917958262,0.14371278232389129,0.007053072157335416,-0.45448519900206374,0.14499236893470435,0.8139085888445807,0.31825264525560115,0.5102470329289233,0.11954448733757506,0.7142857142857143,0.6000000000000001,0.8461538461538461,0.8571428571428572,0.7999999999999998,0.7333333333333333,54098.004133404655
298,2013-11-11,0.00047534164051477035,0.0038027212405769006,-0.0039215923013288245,0.13448928643753355,-0.0010684826116499346,-0.21389482759484046,-0.17400082273812956,0.8728154623834916,0.45376616813979087,0.5587328421972737,0.21683475623102133,0.7142857142857143,0.5,0.7692307692307693,0.7857142857142856,0.7333333333333332,0.7333333333333333,29975.2322049618
299,2013-11-12,0.0015504472641727496,0.005128217176582517,-0.0036970424256896894,0.13165385999313073,-0.0035650538963492018,0.18741639441988145,0.19082282538227524,1.1320517232632277,0.8329342878280022,0.8459669579486073,0.552627974899722,0.5714285714285714,0.5,0.6923076923076923,0.7857142857142856,0.6666666666666665,0.6666666666666669,41537.4625292418
300,2013-11-13,-0.008788575134984877,0.0005938598786410232,-0.01425174635101234,0.14044324777660955,0.00417426623580841,-0.17645858151135174,-0.2536567782376542,0.6577241362030639,0.43861988168152344,0.3596379568804764,0.14440163282967156,0.5714285714285714,0.5,0.7692307692307693,0.7857142857142856,0.7333333333333332,0.6666666666666669,46944.36984365926
301,2013-11-14,0.0028653055667309246,0.005253044287176545,-0.00238782229255452,0.12976780277837108,-0.005225594095857211,0.2984624300124805,0.18418594979849878,1.077897733868105,1.0008074137354273,0.8099559202531026,0.675431864036069,0.42857142857142855,0.39999999999999997,0.6923076923076923,0.7857142857142856,0.7333333333333332,0.6666666666666669,53679.75325499634
302,2013-11-15,0.0031048722977040644,0.004418473953151869,-0.002865990037401289,0.13543128878545718,-0.00023876056892468966,0.24053088830580105,0.16205120832828435,0.9820515945294206,1.087461664858691,0.7348275763859657,0.717314047561235,0.2857142857142857,0.39999999999999997,0.6153846153846155,0.7857142857142856,0.7333333333333332,0.6,56649.34766301284
303,2013-11-18,0.00011901475346243195,0.011066158840240758,-0.003569764355428884,0.13977116422388014,0.0035823994596801967,-0.05099561096733041,-0.1980365499594794,0.4345989170805087,0.7734021259558244,0.28742541381185926,0.3992698166596531,0.42857142857142855,0.5,0.6153846153846155,0.7857142857142856,0.7999999999999998,0.6666666666666669,57151.545726409495
304,2013-11-19,0.005258790612137743,0.009919947649574379,-0.0022707661592152872,0.13070246463277613,-0.004402780092960246,0.2936812223124807,0.2586792822869777,0.649386343206193,1.198954436016697,0.7169615838294785,0.8600798690917344,0.2857142857142857,0.5,0.5384615384615384,0.7142857142857142,0.7333333333333332,0.6666666666666669,59880.67945217352
305,2013-11-20,0.006047411707789108,0.012457656023221908,-0.00266087324625075,0.12226488146918757,-0.01183204896126222,1.2405808050759415,1.4004035284117977,1.480746629477303,2.309838269584419,1.8722750342428318,2.039922362888835,0.2857142857142857,0.5,0.46153846153846156,0.6428571428571428,0.6666666666666665,0.6,90020.77068214804
306,2013-11-21,0.011324889990566689,0.01181189679206418,-0.0030443252662814,0.12801038275003496,-0.006773116942158985,1.6300196880338014,1.9640224221957103,2.0776754621824267,2.8544254806615044,2.4974453688986875,2.691717473983357,0.2857142857142857,0.39999999999999997,0.46153846153846156,0.5714285714285714,0.6666666666666665,0.5333333333333333,75601.77366283096
307,2013-11-22,-0.00796327248901818,0.0008445946251662839,-0.010617724805178308,0.1462131890502394,0.009254440985044798,0.47058674063300554,0.9420075033208741,1.046862604003418,1.8133194271582997,1.5279301337019602,1.724759801941822,0.2857142857142857,0.39999999999999997,0.46153846153846156,0.6428571428571428,0.6666666666666665,0.6,53133.654432962874
308,2013-11-25,0.0,0.006398104113789049,-0.006279608855933483,0.15653149088553175,0.01833998544469506,-1.2305319451483832,-0.8463046741078339,-0.7938355493171456,-0.07404726770002812,-0.2783940244291516,-0.05815289898455367,0.42857142857142855,0.39999999999999997,0.46153846153846156,0.6428571428571428,0.7333333333333332,0.6666666666666669,96105.63279368168
309,2013-11-26,0.005215765703938446,0.005571372622435122,-0.0041488738246932,0.13516445836185587,-0.0004739002065041742,-1.0787128907878585,-0.7874398356171985,-0.7422840901044947,-0.08975002159877787,-0.19885851792690312,0.05988914048131733,0.42857142857142855,0.3000000000000001,0.46153846153846156,0.5714285714285714,0.7333333333333332,0.6666666666666669,45457.747683039976
310,2013-11-27,-0.0028345105192987274,0.003070768939902324,-0.004015542790021254,0.13987602531965337,0.0036748112271287603,-1.3346033232819465,-1.0646445503253332,-1.0719561940411126,-0.5681791387917134,-0.5122427521717321,-0.24805837142868326,0.42857142857142855,0.39999999999999997,0.5384615384615384,0.5714285714285714,0.7333333333333332,0.7333333333333333,36063.72271323308
311,2013-11-29,0.000472825070279681,0.006855815764913009,-0.0008274113670782013,0.13476360318356728,-0.0008269690553310838,-1.095902017927597,-0.9523664987950209,-0.92759943866082,-0.6167525551673769,-0.38986588758604945,-0.14998783386502845,0.42857142857142855,0.3000000000000001,0.5384615384615384,0.5,0.6666666666666665,0.6666666666666669,27001.36470454763
312,2013-12-02,0.005341210682492603,0.009970278931750842,-0.0026112878338278023,0.13100428696938882,-0.004136951906261177,-0.418827103821906,-0.5324302010304094,-0.4657349445062686,-0.4124639916067818,0.04553928450745648,0.23887345678110794,0.42857142857142855,0.3000000000000001,0.5384615384615384,0.42857142857142855,0.5999999999999999,0.6,57384.163204747776
313,2013-12-03,-0.0008346249850497145,0.0009537855864867328,-0.00715399998256816,0.13058021760224237,-0.004510377295782408,0.3304364788448977,-0.08005727567181875,0.0011338519902537314,0.04343222499061383,0.5125675805754293,0.6327327424962448,0.42857142857142855,0.3000000000000001,0.46153846153846156,0.42857142857142855,0.5333333333333332,0.6,46789.26898329788
314,2013-12-04,-0.0026199952051922937,0.004882648506816301,-0.010241752885057132,0.13705676063514693,0.0011923049491677773,0.39639845987060607,-0.21861575474860784,-0.11341968487498244,-0.099526476782974,0.4029518860406478,0.472617769513195,0.42857142857142855,0.3000000000000001,0.46153846153846156,0.42857142857142855,0.5999999999999999,0.6,62482.028909336324
315,2013-12-05,-0.00580507021418919,0.00201395559701667,-0.008411408202279036,0.14165374129218566,0.0052400159504211175,-0.12524423650591698,-0.6837432394394827,-0.6137884295375651,-0.6355092757034164,-0.0792092025121982,-0.09376459127088399,0.42857142857142855,0.39999999999999997,0.46153846153846156,0.42857142857142855,0.5999999999999999,0.6666666666666669,62691.80593802602
316,2013-12-06,-0.005146222222222274,0.0009356959064326098,-0.006666666666666599,0.15036809895522896,0.012912807910485213,-1.2079947964347415,-1.8028149175529862,-1.8094952926575592,-1.851267593301098,-1.2631775006899493,-1.379085405426106,0.5714285714285714,0.5,0.46153846153846156,0.5,0.5999999999999999,0.7333333333333333,67359.23391812865
317,2013-12-09,-0.004530131468469367,0.005110965506375464,-0.006156325062438239,0.14353994608771448,0.006900770429025371,-1.6494323084246032,-2.3057202150465472,-2.3474788343194386,-2.4401279331682457,-1.8527260827983616,-2.096466842103728,0.5714285714285714,0.5,0.5384615384615384,0.5714285714285714,0.5999999999999999,0.7333333333333333,69965.31757306622
318,2013-12-10,-0.005207093385954598,0.0052071859571205525,-0.005785697889046482,0.1400561221067942,0.0038334486933309098,-1.7241540441371717,-2.4514992669655733,-2.600272588623298,-2.6916033114616877,-2.164735232743653,-2.512659626520275,0.7142857142857143,0.6000000000000001,0.5384615384615384,0.6428571428571428,0.5999999999999999,0.7333333333333333,57705.55074534947
319,2013-12-11,0.00879455920256289,0.011022537652703113,-0.0018761257255643926,0.12072098263050668,-0.013191495893388194,-0.2378773410739221,-0.929716966989147,-1.23515085069128,-1.3103927499953483,-0.8494792743151458,-1.3397917350924216,0.7142857142857143,0.6000000000000001,0.5384615384615384,0.6428571428571428,0.5333333333333332,0.6666666666666669,65947.64054817824
320,2013-12-12,-0.002337232675002854,0.00151918896809633,-0.008531073974523684,0.1395646402294417,0.003400555705893371,-0.2921631441639261,-0.9774846590558939,-1.4741508744422926,-1.5622157496499312,-1.187456826937694,-1.6137194909064179,0.8571428571428571,0.7000000000000002,0.6153846153846155,0.6428571428571428,0.5999999999999999,0.6666666666666669,53191.70772466987
321,2013-12-13,-0.004416095139473719,0.002091807015974112,-0.005578186906048277,0.14207331863587003,0.005609444543867914,-0.503034336825603,-1.266709549158429,-1.9213666745831692,-2.0216682651097218,-1.7138455779069806,-2.1120646219861428,0.8571428571428571,0.7000000000000002,0.6153846153846155,0.6428571428571428,0.5999999999999999,0.7333333333333333,49112.30450505621
322,2013-12-16,-0.010070920464783306,0.005378816847521728,-0.010757553585175716,0.15325614585372738,0.015456140537503993,-1.5319025037691558,-2.5259176410587503,-3.2169333041986103,-3.3768793412364717,-3.1632530082168597,-3.516663850217283,0.8571428571428571,0.7000000000000002,0.6923076923076923,0.6428571428571428,0.5999999999999999,0.7333333333333333,79836.49415784483
323,2013-12-17,0.0034514842027491,0.008398573594076586,-0.006212620943686686,0.12972383008724475,-0.005264588553583804,-0.7773796884097184,-1.7996680325818804,-2.5304991908546515,-2.7545675571954753,-2.621439851709617,-2.919251976188597,0.7142857142857143,0.7000000000000002,0.6923076923076923,0.5714285714285714,0.5999999999999999,0.6666666666666669,54812.622982365916
324,2013-12-18,-0.013156357335972757,0.003289112017446083,-0.01723937886445237,0.15203542661236913,0.014381131506826295,-1.8470717963651073,-2.908336427032643,-3.689295003050763,-3.9501530288581277,-3.9795867063089463,-4.162729190214421,0.7142857142857143,0.7000000000000002,0.6923076923076923,0.6428571428571428,0.6666666666666665,0.6666666666666669,78973.70974196914
325,2013-12-19,-0.0004569453911704713,0.0034269476419128697,-0.003198526351399056,0.1275878520894318,-0.00714512508895826,-0.957937266990827,-1.9697200468499987,-2.7856739812895936,-3.1242934987727233,-3.2929230508467633,-3.340847031957217,0.5714285714285714,0.7000000000000002,0.6923076923076923,0.5714285714285714,0.6666666666666665,0.6,49115.97453601811
326,2013-12-20,-0.012144405712358086,0.0020240751152591496,-0.012594197683571506,0.1537357790680962,0.015878300011261004,-1.919642321227466,-3.126048227677203,-3.9704796463626235,-4.446507690782497,-4.8108922318170215,-4.6726883547804405,0.7142857142857143,0.8000000000000003,0.7692307692307693,0.6428571428571428,0.7333333333333332,0.6,83094.69324187563
327,2013-12-23,-0.007225444722381624,0.0012227768032766484,-0.007670097906514961,0.14885660925874222,0.01158216304313675,-2.345484575211154,-3.7516639829530685,-4.6549759538200615,-5.297984286546765,-5.736671272558147,-5.5618314920176655,0.7142857142857143,0.9000000000000001,0.8461538461538461,0.7142857142857142,0.7333333333333332,0.6666666666666669,63730.65922333992
328,2013-12-24,-0.010009943460127846,0.0007699812663080063,-0.010119964355078004,0.1476960819606714,0.010560444678368475,-2.602274809785532,-4.212186431456932,-5.230723287827255,-6.024023931672029,-6.554637711545408,-6.32809214933493,0.7142857142857143,0.9000000000000001,0.8461538461538461,0.7142857142857142,0.7333333333333332,0.6666666666666669,29431.4043809304
329,2013-12-26,-0.0017553921721252808,0.0057048380536515175,-0.004936971915809774,0.13870075758015843,0.002639924301823804,-2.2678571361823052,-3.9362212900025506,-5.127610836551522,-5.9819062672750505,-6.634023027525727,-6.352174022704416,0.7142857142857143,0.9000000000000001,0.8461538461538461,0.7857142857142856,0.7333333333333332,0.6666666666666669,52558.516125956856
330,2013-12-27,0.002971233532368389,0.006162616721824055,-0.0034115218418118154,0.1322138823845742,-0.0030717670572495415,-1.3457355491267031,-3.218113320276672,-4.494139549277554,-5.411987024942655,-6.173671142392633,-5.854533121484085,0.7142857142857143,0.8000000000000003,0.8461538461538461,0.7857142857142856,0.6666666666666665,0.6666666666666669,37126.763713180466
331,2013-12-30,-0.00022014965708760936,0.0017607130485073341,-0.006492835705089517,0.13570249589831063,0.0,-0.9212636084548476,-2.842378439512727,-4.169237540967541,-5.143549726922025,-5.995498479131644,-5.627521181701612,0.5714285714285714,0.7000000000000002,0.7692307692307693,0.7142857142857142,0.6666666666666665,0.6666666666666669,28886.420637589283
332,2013-12-31,0.0020923026559256375,0.004074463254585936,-0.0038541901520579014,0.13495254733424633,-0.0006604246649827283,-0.3413689774047657,-2.4328665523571047,-3.7802652619598476,-4.80005635330415,-5.741450816170812,-5.35844305413733,0.5714285714285714,0.6000000000000001,0.7692307692307693,0.7142857142857142,0.5999999999999999,0.6666666666666669,34124.09710659833
333,2014-01-02,0.006008690129897909,0.006453699573149008,-0.00600869012989802,0.1239466767798103,-0.010351289665924024,0.8504401373472747,-1.0475447229960078,-2.4760645497827305,-3.5185768500986647,-4.583076385029661,-4.186683811337078,0.42857142857142855,0.6000000000000001,0.7692307692307693,0.7142857142857142,0.5999999999999999,0.6666666666666669,54499.943991289285
334,2014-01-03,0.002004008016032177,0.004787352482743312,-0.0025607214428856606,0.13507076753000025,-0.0005563135752416626,0.8843110144024502,-0.6544876699990043,-2.1063345588194005,-3.1587051177835224,-4.364819887911075,-3.9434479148382273,0.2857142857142857,0.5,0.7692307692307693,0.7142857142857142,0.5999999999999999,0.6,41437.43242039635
335,2014-01-06,0.017486496135903584,0.018727482160734166,-0.0029332355926583453,0.12078239867869067,-0.013137443732019416,1.8614691231402691,0.8767421949495979,-0.5522603630469636,-1.6374422227434349,-2.9641032652342303,-2.5215962099277567,0.14285714285714285,0.39999999999999997,0.6923076923076923,0.6428571428571428,0.5333333333333332,0.5333333333333333,59045.70644231392
336,2014-01-07,-0.0017992016192511784,0.003373473518497594,-0.0020240638704599467,0.1394182745035566,0.003271564169909036,1.1726862932166071,0.6722887397857313,-0.6345188225461262,-1.7762676711140735,-3.149873155443117,-2.6733619935709108,0.14285714285714285,0.39999999999999997,0.6923076923076923,0.6428571428571428,0.5999999999999999,0.5333333333333333,39491.85955245698
337,2014-01-08,-0.004038591025786298,0.007628460933682524,-0.005272616168640498,0.1383845946960014,0.0023614775961466883,0.6570769263975818,0.6130049720927344,-0.6741634291141385,-1.8161618531269408,-3.2466294168882803,-2.7295731862896466,0.2857142857142857,0.5,0.6923076923076923,0.7142857142857142,0.6666666666666665,0.5333333333333333,49601.87244337977
338,2014-01-09,-0.005016129807336123,0.001003277237802802,-0.011369936588673801,0.14296483603856447,0.0063944494130905305,-0.16720475802858292,0.09634600560859408,-1.1131079051908577,-2.2393580671552837,-3.7005475842159408,-3.16703022402145,0.42857142857142855,0.5,0.6923076923076923,0.7142857142857142,0.6666666666666665,0.6,49786.092295029455
339,2014-01-10,-0.012153330855080524,0.0009943210475236164,-0.013479184322634286,0.14583044955671132,0.008917778799050646,-1.0969713281200888,-0.5540144093625687,-1.7719819003091164,-2.8702566473576607,-4.386795475240746,-3.807012562095169,0.5714285714285714,0.6000000000000001,0.6923076923076923,0.7857142857142856,0.7333333333333332,0.6,59837.69053499745
340,2014-01-13,0.004116175371188913,0.015240883471363764,-0.0007787184423042603,0.12792282463097404,-0.006850214557550083,-0.4116130180715438,0.20819503484335034,-0.8502440139274925,-1.9762243973420524,-3.575269010843829,-2.9143561136630636,0.5714285714285714,0.5,0.6923076923076923,0.7857142857142856,0.7333333333333332,0.6,57998.77815107106
341,2014-01-14,-0.007729649022297891,0.0016563715030117887,-0.007729649022297891,0.14416764007042437,0.007453552396126106,-1.0316754584071108,-0.48586098040054315,-1.3214059378164777,-2.4376097903071714,-4.112242818987388,-3.366355791596354,0.7142857142857143,0.5,0.6923076923076923,0.8571428571428572,0.7999999999999998,0.6666666666666669,40989.50443883623
342,2014-01-15,-0.016556724745948492,0.008548782229248708,-0.016556724745948492,0.1589033356273959,0.02042850151133968,-2.4301679152606392,-2.362145059321219,-2.9691731186864523,-4.064576961506106,-5.8203394990686945,-5.006265755795036,0.8571428571428571,0.5,0.6923076923076923,0.8571428571428572,0.7999999999999998,0.6666666666666669,109531.51338458984
343,2014-01-16,-0.0013042386413598672,0.00923811522142981,-0.00336925326879145,0.13078667872609695,0.0021784080731162003,-2.0743925448185485,-2.4616713494430065,-2.9111020450138136,-3.956836989092094,-5.7974964064520185,-4.959424550719382,0.8571428571428571,0.5,0.6923076923076923,0.8571428571428572,0.7999999999999998,0.7333333333333333,51852.05832294189
344,2014-01-17,0.007764654248367142,0.008967628850226728,-0.004702537079997127,0.12133874599184868,-0.006194979490378838,-1.0142114539764657,-1.763043817196197,-2.041110906068888,-3.1044570190949528,-4.995623175363928,-4.128642938923255,0.7142857142857143,0.5,0.6923076923076923,0.7857142857142856,0.7999999999999998,0.7333333333333333,74729.96949407327
345,2014-01-21,0.011037527837473027,0.013796909796841339,-0.010596015686446192,0.11796344567940742,-0.009186414423999367,0.13572129782744025,-0.8270038721247097,-0.9750673110734409,-2.006263907715078,-3.928046526779594,-3.0354196205754413,0.5714285714285714,0.5,0.6153846153846155,0.7142857142857142,0.7333333333333332,0.6666666666666669,61200.98810600415
346,2014-01-22,0.010597913995960662,0.013163777478399918,-0.003235174065541968,0.11637295206149534,-0.010595916251901927,1.1631180540920605,0.18883159172311537,0.22718082352188862,-0.8061641373314776,-2.726173628493167,-1.8188368172829872,0.42857142857142855,0.5,0.6153846153846155,0.6428571428571428,0.7333333333333332,0.6666666666666669,53404.8462004222
347,2014-01-23,0.0024863697167822885,0.006781181958142479,-0.0048598551697607295,0.11372737034891545,-0.012940648113531794,2.355976827070849,1.4372313727171848,1.5480473598528999,0.6458129754841835,-1.2803633416417437,-0.3773950681785765,0.42857142857142855,0.5,0.5384615384615384,0.6428571428571428,0.7333333333333332,0.6666666666666669,56676.21326817767
348,2014-01-24,0.021005048648138347,0.021121040295254412,-0.003365452091573684,0.09887066392729027,-0.02610782603284223,4.469587470277436,3.902314076335456,4.093154345976235,3.391791825208368,1.492721862358981,2.3875760607676044,0.2857142857142857,0.5,0.46153846153846156,0.5714285714285714,0.7333333333333332,0.6666666666666669,93853.01169441828
349,2014-01-27,0.005257925235426342,0.011173151372843027,-0.024318117818839857,0.19537132168967397,0.059417496307691886,-1.4709710290805478,-1.6726777961692973,-1.6943064972212984,-2.180087818530785,-3.9661256154249536,-3.1086771114700706,0.2857142857142857,0.6000000000000001,0.46153846153846156,0.5714285714285714,0.7333333333333332,0.6666666666666669,243205.26308241577
350,2014-01-28,-0.011571309488792925,0.0021628311651040732,-0.012112068648079677,0.14291344541185524,0.01292599620071222,-2.6572386624942212,-2.6093867127135573,-2.850337557176863,-3.2098711321035034,-4.969718814317591,-4.07913954882445,0.2857142857142857,0.6000000000000001,0.46153846153846156,0.5714285714285714,0.7333333333333332,0.6666666666666669,101757.40703191947
351,2014-01-29,0.00761415777044272,0.014786978102395265,-0.003641602174742742,0.10575480318785346,-0.02000651055521141,-0.7992599157068292,-0.4588859796398448,-0.8491669165194726,-1.0658427316536767,-2.8508143990163437,-1.941989387410037,0.2857142857142857,0.5,0.46153846153846156,0.5714285714285714,0.6666666666666665,0.6666666666666669,89889.74961738856
352,2014-01-30,-0.017918434053168397,0.00697425988114575,-0.026502082398135673,0.16045277183056084,0.028470240430507054,-3.146821579759995,-2.9022824686345094,-3.4446815870491254,-3.5898637967658797,-5.308153297073903,-4.4213435663481455,0.42857142857142855,0.5,0.5384615384615384,0.5714285714285714,0.6666666666666665,0.6666666666666669,158418.5329963369
353,2014-01-31,-0.018634862373129057,0.00830580307503781,-0.020232157587811384,0.1369246988448103,0.007618315254423358,-3.2295433658936723,-3.3331069192330864,-3.9876191737422073,-4.054924502560686,-5.774122859285802,-4.899037728573918,0.5714285714285714,0.5,0.6153846153846155,0.6428571428571428,0.6666666666666665,0.7333333333333333,103260.6290805397
354,2014-02-03,0.01428262311799644,0.01644670020442973,-0.0050854902636982,0.11042631215879362,-0.015866492872088966,-1.0603642930057666,-1.5339723247629222,-2.2782271630413464,-2.350891194567317,-4.0304151761816005,-3.1279431678419733,0.5714285714285714,0.5,0.6153846153846155,0.5714285714285714,0.6666666666666665,0.7333333333333333,98290.4974743886
355,2014-02-04,-0.00021618378378385206,0.0016216432432432093,-0.010918940540540545,0.12930565636728097,0.0008657806553651337,-0.16834247043227002,-1.4239372298314734,-2.1947711052563657,-2.314739245991726,-3.8772787992155444,-2.980525564702674,0.7142857142857143,0.5,0.6923076923076923,0.5714285714285714,0.6666666666666665,0.7999999999999999,73941.7027027027
356,2014-02-05,0.003044791246681111,0.005980893931936793,-0.009786874834568082,0.12174175855247582,-0.00583783888226308,0.5219642380286604,-0.8334363176688675,-1.4187279466956526,-1.6774178082812674,-3.091848382135254,-2.209836878631899,0.5714285714285714,0.39999999999999997,0.6923076923076923,0.5,0.5999999999999999,0.7333333333333333,55833.05889336732
357,2014-02-06,-0.020142811038200592,0.004263039448725525,-0.021741457492455263,0.1512732814740536,0.020335021867443404,-1.2743520687589327,-2.671252542810909,-3.1054471210458345,-3.512427827103748,-4.770262392559066,-3.9450907900616117,0.5714285714285714,0.39999999999999997,0.6923076923076923,0.5,0.5999999999999999,0.7333333333333333,72941.5541310337
358,2014-02-07,-0.007378570442334587,0.0039000209581525613,-0.010435395474795106,0.14083495888581,0.011083848011783193,-1.7166431463253917,-3.479955560680148,-3.8509758195801935,-4.397365213079951,-5.565111606553574,-4.741655331855677,0.7142857142857143,0.5,0.6923076923076923,0.5714285714285714,0.6666666666666665,0.7333333333333333,96343.46833526505
359,2014-02-10,0.004973555555555453,0.00507939682539682,-0.00920638095238091,0.12392813382294743,-0.0039001733453983833,-1.135294600443959,-2.8072524043100677,-3.203788313297462,-3.8635531140123525,-4.969381488558033,-4.159984990003018,0.5714285714285714,0.5,0.6153846153846155,0.5714285714285714,0.5999999999999999,0.6666666666666669,62786.30158730159
360,2014-02-11,-0.0035804128430961812,0.004001653369857472,-0.007160909932191428,0.1338211940555769,0.004867837353777826,-1.4562593095136966,-2.877910762352831,-3.4200735274729333,-4.151006647521505,-5.201540299246132,-4.383905361563912,0.5714285714285714,0.6000000000000001,0.6153846153846155,0.6428571428571428,0.6666666666666665,0.6666666666666669,63247.7369760819
361,2014-02-12,-0.008942497846365915,0.004887189453825158,-0.010398253309727656,0.1427060596597376,0.012742081814428596,-2.1390624858108276,-3.528717875157261,-4.295363249524797,-5.101326112453453,-6.110951973561307,-5.354674835826145,0.7142857142857143,0.7000000000000002,0.6923076923076923,0.7142857142857142,0.6666666666666665,0.7333333333333333,83205.82298444053
362,2014-02-13,-0.008531890453314928,0.0031214545508120306,-0.010404744455262294,0.1276248780303173,-0.0006238131985868423,-1.541389425614803,-2.7297624140391052,-3.9315088520869512,-4.7866841256602015,-5.777472933931449,-5.095406704160488,0.5714285714285714,0.7000000000000002,0.6153846153846155,0.7142857142857142,0.5999999999999999,0.6666666666666669,45644.61392523552
363,2014-02-14,-0.007146576681100747,0.0013464215014058478,-0.007353775017490238,0.13349435566201295,0.0045780491375833066,-1.3109389006470407,-2.783901038749803,-4.135531507999934,-4.906705674860323,-5.93415157406656,-5.343536829012685,0.7142857142857143,0.7000000000000002,0.6153846153846155,0.7857142857142856,0.5999999999999999,0.6666666666666669,42933.229634358475
364,2014-02-18,-0.007352941328768403,0.003935418474221741,-0.007352941328768403,0.12844561719998904,0.00010360056548952556,-0.9172690707756614,-2.4914215498557435,-3.9210767696368776,-4.61299183745163,-5.703548395587699,-5.175752826908209,0.7142857142857143,0.7000000000000002,0.6153846153846155,0.7857142857142856,0.5999999999999999,0.6666666666666669,50451.56939628354
365,2014-02-19,-0.00020784741926860306,0.015175127483371131,-0.0010393722174344422,0.12423889224853113,-0.003624802834601093,-0.3578397673849376,-1.7216726755215128,-3.335452647709758,-3.982043854020334,-5.116628516310506,-4.654681010644579,0.5714285714285714,0.7000000000000002,0.6153846153846155,0.7142857142857142,0.5999999999999999,0.6666666666666669,60961.4785465386
366,2014-02-20,-0.004230251841317645,0.006190662529728774,-0.016714765099355433,0.13665556777758736,0.007379688342219026,-0.7310812398553468,-2.167463906090761,-3.733065264141666,-4.398289372663067,-5.58269145145498,-5.1574028261514915,0.7142857142857143,0.7000000000000002,0.6923076923076923,0.7142857142857142,0.6666666666666665,0.6666666666666669,79635.81551045843
367,2014-02-21,-0.003999989743589727,0.004615353846153747,-0.0059487384615384276,0.13508115341288862,0.005984357394236417,-0.9494486200050778,-2.486443191098431,-3.921851906628837,-4.689431415842227,-5.88725414293414,-5.508276775540722,0.7142857142857143,0.7000000000000002,0.7692307692307693,0.7142857142857142,0.7333333333333332,0.7333333333333333,56969.256410256414
368,2014-02-24,0.0023633682696260205,0.009453329223181317,-0.0014385532264692413,0.12624576182332392,-0.0018460964104329847,-0.5974429924288538,-1.9464513426795227,-3.311610255161368,-4.219070757262688,-5.493802156596505,-5.09766381602772,0.5714285714285714,0.7000000000000002,0.7692307692307693,0.7142857142857142,0.7333333333333332,0.6666666666666669,50223.00328812166
369,2014-02-25,0.004460035081006675,0.005912239148957887,-0.006119738362421523,0.11777826547324288,-0.009350508710826766,0.3852483259507933,-0.7312607851590047,-1.8932138528458209,-3.0765267855782374,-4.4280651901368095,-3.989323125418942,0.5714285714285714,0.6000000000000001,0.7692307692307693,0.6428571428571428,0.7333333333333332,0.6,62121.18391776024
370,2014-02-26,-0.0055554837105601385,0.007304598990882649,-0.008847747186658816,0.13757434873690966,0.0081938827475867,-0.33508220125429977,-1.1529801742315104,-2.4010210707379076,-3.66620746020615,-5.0362719241198945,-4.501096303283791,0.5714285714285714,0.7000000000000002,0.7692307692307693,0.6428571428571428,0.7999999999999998,0.6,48907.43772351145
371,2014-02-27,0.005274064279443547,0.009720806919983671,-0.0018614271518538894,0.12252479212743972,-0.005143914879975564,0.20091754688973396,-0.42989579393792887,-1.6880826478132716,-2.994896824794424,-4.394037050653498,-3.760681833341206,0.42857142857142855,0.6000000000000001,0.6923076923076923,0.5714285714285714,0.7333333333333332,0.5333333333333333,44856.291981094895
372,2014-02-28,-0.0035062802567156215,0.005671815967084548,-0.006909332712082716,0.13147931905645338,0.002792188020426245,0.03388161329664907,-0.5524537442913702,-1.6499947396795722,-3.0613282151265797,-4.495981134082239,-3.780894354941189,0.5714285714285714,0.6000000000000001,0.7692307692307693,0.6428571428571428,0.7333333333333332,0.6,55800.7937939384
373,2014-03-03,0.00010385214627461892,0.0037379296799489037,-0.0073720279798987765,0.12064911405011847,-0.006806160314543175,0.6289142663092662,0.26328024472239697,-0.8222511679554678,-2.18528475978792,-3.69243913662195,-2.908447914158141,0.42857142857142855,0.6000000000000001,0.6923076923076923,0.6428571428571428,0.6666666666666665,0.6,50452.74416890758
374,2014-03-04,0.0018552876269413154,0.004535168146830415,-0.004741280295030403,0.13664675910214563,0.0073718491953456144,-0.17815714599470622,-0.31877576527775675,-1.3953812230825369,-2.629417050574545,-4.23034070560897,-3.4099360747353313,0.42857142857142855,0.6000000000000001,0.6923076923076923,0.7142857142857142,0.6666666666666665,0.6666666666666669,64535.18010315955
375,2014-03-05,0.0017640136422949482,0.005499626268560043,-0.005084631988648947,0.12076955009832169,-0.006699461706159537,0.3542803956406715,0.3683634713964601,-0.5351465642666531,-1.6802872060968643,-3.4094003578952536,-2.549049891996291,0.42857142857142855,0.5,0.6923076923076923,0.7142857142857142,0.6666666666666665,0.6666666666666669,55875.30831556579
376,2014-03-06,-0.006659846447947704,0.005635287000723022,-0.009631086262932076,0.14272989372564937,0.012763075511452282,-0.7362310190938581,-0.7874577653683934,-1.5397975026930966,-2.5010829034887716,-4.422638189739825,-3.5538481424980173,0.5714285714285714,0.6000000000000001,0.6923076923076923,0.7857142857142856,0.6666666666666665,0.7333333333333333,68793.0587867635
377,2014-03-07,0.007521854481550072,0.008449252701207888,-0.005667212601734861,0.12197059278750855,-0.005635020538130586,-0.19578425666058052,-0.18842458376856497,-0.7320793011443283,-1.7365933501140685,-3.660561515595373,-2.853027193662072,0.42857142857142855,0.5,0.6923076923076923,0.7142857142857142,0.5999999999999999,0.7333333333333333,54189.62171487001
378,2014-03-10,-0.0011369612403100415,0.0005168268733850567,-0.009198956072351439,0.1248408350218444,-0.0030911556247349425,0.121067792479157,0.13509297205027693,-0.28055679377838594,-1.2739121876963577,-3.15518308360202,-2.411821743015674,0.42857142857142855,0.39999999999999997,0.6153846153846155,0.6428571428571428,0.5333333333333332,0.6666666666666669,47960.75710594315
379,2014-03-11,0.002581577967021076,0.011049236309344845,-0.0022717163267954588,0.12937823597083353,0.0009301626710576105,0.008848628792113011,0.08850676122558188,-0.2763554888055464,-1.1362667361982326,-3.0416351834126387,-2.3431901752772877,0.42857142857142855,0.5,0.6153846153846155,0.7142857142857142,0.5999999999999999,0.6666666666666669,59181.1585783626
380,2014-03-12,-0.005370760173517786,0.0043379260483371596,-0.005370760173517786,0.1280957238507423,-0.00020668549933255953,0.10477073718415664,0.10182005730026145,-0.14163557564732532,-0.9822965416818041,-2.832421858464096,-2.139450937666998,0.42857142857142855,0.39999999999999997,0.6153846153846155,0.6428571428571428,0.5999999999999999,0.6,45946.11836397439
381,2014-03-13,0.016630017606630965,0.022173433509325102,-0.005752567662874575,0.11422774654077505,-0.012497204379188998,1.1609584570491105,1.227447020970751,1.1544816421075188,0.3343102594766778,-1.461092786894569,-0.7225871413732321,0.2857142857142857,0.3000000000000001,0.5384615384615384,0.5714285714285714,0.5999999999999999,0.5333333333333333,88217.8046415772
382,2014-03-14,0.0006289757902186999,0.009015630663755436,-0.0019918440296871065,0.1257323766028131,-0.002301089524614608,1.247509039295247,1.3163981300060579,1.3488463340015855,0.6769191956912168,-1.081974265186314,-0.2866444789213385,0.2857142857142857,0.3000000000000001,0.46153846153846156,0.5714285714285714,0.5999999999999999,0.5333333333333333,52436.362956676414
383,2014-03-17,0.003344831260475134,0.008153015744810421,-0.0012542594596898216,0.131640754218056,0.0029354882429655227,0.6629800227578642,0.9646066208988113,1.03030871907841,0.5005871987463939,-1.2296901255286707,-0.2947810441815579,0.2857142857142857,0.39999999999999997,0.5384615384615384,0.5714285714285714,0.6666666666666665,0.5333333333333333,49096.94186470036
384,2014-03-18,-0.003007996970936788,0.0024893474747702538,-0.007364453589276954,0.1370561634839731,0.007734847524265787,-0.20448902701670768,0.13112718269867596,0.24793827154461212,-0.10595605056604729,-1.8741973787702593,-0.908333015584939,0.42857142857142855,0.39999999999999997,0.5384615384615384,0.6428571428571428,0.6666666666666665,0.5333333333333333,51044.532577718805
385,2014-03-19,0.0005205643427679263,0.0070803830999541795,-0.00822574960198097,0.12399840496154702,-0.003837780394823187,0.0743690241749917,0.4678034087385097,0.6083674464024469,0.3610753287765833,-1.3962524632391227,-0.4203701350050659,0.42857142857142855,0.39999999999999997,0.46153846153846156,0.5714285714285714,0.5999999999999999,0.4666666666666667,53197.66666806886
386,2014-03-20,-0.005196965026472933,0.0003118075076584681,-0.0115372727527,0.1303259089956872,0.0017699158087529643,-0.19598814691581534,0.2338733716783281,0.43061371550463523,0.2335003447822448,-1.4524194661025502,-0.43030084090581733,0.42857142857142855,0.39999999999999997,0.5384615384615384,0.5714285714285714,0.6666666666666665,0.5333333333333333,45690.716512750405
387,2014-03-21,-0.003285748057149207,0.0024642982078684206,-0.007392966499568332,0.14216763200102078,0.012264891463640293,-1.3216298294858264,-0.9013792751791705,-0.7632513637171656,-0.8749770959495917,-2.480451033961073,-1.5137928014445579,0.5714285714285714,0.5,0.5384615384615384,0.6428571428571428,0.6666666666666665,0.6,85630.99595063143
388,2014-03-24,0.007743934078346504,0.007743934078346504,-0.004439855538251991,0.12207252604262608,-0.00554463721616083,-0.5885395570921492,-0.3613863226370473,-0.24191038277207033,-0.252605123284777,-1.7594758718496029,-0.8779458968249831,0.5714285714285714,0.39999999999999997,0.46153846153846156,0.5714285714285714,0.5999999999999999,0.6,49648.97521218328
389,2014-03-25,-0.012475860126822669,0.00760726270848,-0.014605883542180065,0.14860014715456993,0.017965870881330837,-1.8793514079768703,-1.9590489782587595,-1.9411794262592097,-1.9253616697342046,-3.2491461165551683,-2.448523393774271,0.7142857142857143,0.5,0.5384615384615384,0.5714285714285714,0.6666666666666665,0.6666666666666669,92000.2208946636
390,2014-03-26,0.015132882971383932,0.01840485628614963,0.0,0.11928753939794734,-0.00801296551516395,-0.7756347176872014,-1.152496030597605,-1.0814114832470967,-1.0714301989843134,-2.1844885763758537,-1.5056976770642772,0.5714285714285714,0.39999999999999997,0.5384615384615384,0.5714285714285714,0.5999999999999999,0.6666666666666669,57363.006420327
391,2014-03-27,-0.006399157127450206,0.004469294194087148,-0.011782590506325685,0.13582784748848487,0.006646029479723259,-1.1347159893887127,-1.7035294408658586,-1.6740259672089475,-1.6556467219024817,-2.657121491996728,-1.967624484991859,0.5714285714285714,0.5,0.5384615384615384,0.5714285714285714,0.6666666666666665,0.6666666666666669,50254.96902760698
392,2014-03-28,-0.004829409445914146,0.0023141563770414653,-0.00613743843583292,0.13910224118339554,0.009548092842094125,-1.5882567142602055,-2.4434691110473916,-2.4750909060111903,-2.4840754811708443,-3.411997174465453,-2.7349623549072666,0.7142857142857143,0.6000000000000001,0.6153846153846155,0.5714285714285714,0.6666666666666665,0.6666666666666669,58571.29156426493
393,2014-03-31,0.0063399112506818955,0.012679822501364013,-0.003220287716002135,0.1281018471705062,-0.00020111023064595113,-1.1141687810238832,-2.2419854100845016,-2.3404631378912355,-2.3508870003050464,-3.1829143641127544,-2.5860109408388454,0.5714285714285714,0.5,0.5384615384615384,0.5714285714285714,0.5999999999999999,0.6666666666666669,58090.97771685687
394,2014-04-01,-0.008716521565304336,0.002705179895905907,-0.008716521565304336,0.13332483084209645,0.004427858530627216,-1.203718163636902,-2.458956913690147,-2.6039957527237534,-2.6779463153420724,-3.452035887832716,-2.8634416471032154,0.5714285714285714,0.6000000000000001,0.6153846153846155,0.5714285714285714,0.6666666666666665,0.6666666666666669,48233.64679360078
395,2014-04-02,-0.025236247449174187,0.0012667349098722802,-0.026795284813269538,0.1602081818023553,0.02825380015388057,-3.1138333594308065,-4.650557572392245,-5.019892164422746,-5.173589123593514,-5.902629796427961,-5.31898011429176,0.7142857142857143,0.7000000000000002,0.6153846153846155,0.5714285714285714,0.6666666666666665,0.6666666666666669,91183.84140655289
396,2014-04-03,-0.006143393286882626,0.006338312832618653,-0.009166279595330784,0.12744914544854336,-0.0007795615233314734,-2.486597569755833,-4.07745704305148,-4.658823546917478,-4.917467159578992,-5.594024357926763,-5.067359573825126,0.5714285714285714,0.7000000000000002,0.6153846153846155,0.5714285714285714,0.5999999999999999,0.6666666666666669,80254.48278140956
397,2014-04-04,0.00704708832430434,0.011842997197670346,-0.0025447196348188372,0.12414765933407046,-0.0037055503265137624,-1.5128863114784674,-3.266265566898874,-4.091220155843134,-4.362478789307778,-5.0175490811599,-4.5448081281825985,0.5714285714285714,0.6000000000000001,0.5384615384615384,0.5714285714285714,0.5999999999999999,0.6,47852.578307792464
398,2014-04-07,0.004945109238007062,0.009494599846755047,-0.006923123262554398,0.11662251235093146,-0.010374892945708925,-0.10455035885620356,-1.920113996328232,-2.8945345608661577,-3.2217371169915188,-3.8063199405088177,-3.4152329902824574,0.42857142857142855,0.5,0.5384615384615384,0.5,0.5333333333333332,0.6,51577.47837426092
399,2014-04-08,-0.013770837130294367,0.008399267588624415,-0.013966207773866701,0.14261283608750563,0.012659411593999748,-0.9347911775334006,-2.703242848619747,-3.8461633402325335,-4.233106324179959,-4.809800188935876,-4.4599710642279184,0.42857142857142855,0.6000000000000001,0.6153846153846155,0.5714285714285714,0.5333333333333332,0.6,64721.14146617972
400,2014-04-09,-0.0033012526128993747,0.002039023245733018,-0.011069036043674818,0.13494079331470377,0.005859871670911954,-1.0097921996761516,-2.7998423460279698,-4.121975838985847,-4.5822610552467395,-5.176632938286529,-4.828471626089015,0.5714285714285714,0.6000000000000001,0.6153846153846155,0.5714285714285714,0.5999999999999999,0.6,39439.72316614668
401,2014-04-10,0.006356366001244451,0.014277322232010059,-0.0026403676385611252,0.120331303411227,-0.007087711323254808,0.03909774592059101,-1.7658270064014547,-3.1842451383782278,-3.6933359182337644,-4.319075686342433,-3.9999078699295976,0.42857142857142855,0.5,0.6153846153846155,0.5714285714285714,0.5333333333333332,0.6,44384.87826352673
402,2014-04-11,-0.0034499656022660696,0.006407107138701962,-0.00473135548737369,0.11939104110442633,-0.007921195221461286,0.6716901625770877,-0.6576071448559206,-2.137105300903619,-2.76842760707966,-3.4028019010830524,-3.12215653678084,0.2857142857142857,0.5,0.6153846153846155,0.5,0.46666666666666656,0.5333333333333333,52871.35247527903
403,2014-04-14,-0.005837701944324758,0.00048650516137871413,-0.017805040064263977,0.14312106041418216,0.01310997932461233,-0.5990663860190759,-1.651939579652384,-3.0610969459780146,-3.8038999086903336,-4.499677360816301,-4.224007333468505,0.42857142857142855,0.5,0.6923076923076923,0.5714285714285714,0.5333333333333332,0.5333333333333333,40027.215995604354
404,2014-04-15,0.001268263414634152,0.005756058536585451,-0.012097541463414685,0.12525483865893028,-0.0027243352782092556,-0.28153242089133945,-1.0557485440721437,-2.4789767631660853,-3.3703812973806313,-4.0903597698005,-3.7926128108465518,0.42857142857142855,0.5,0.6153846153846155,0.5,0.5333333333333332,0.5333333333333333,61637.04878048781
405,2014-04-16,-0.0030117264160109958,0.002137394345671728,-0.0069950548916740685,0.13306226142451072,0.010108009575625632,-0.9446563340087755,-1.694985384919323,-3.1271091336718015,-4.113606588335084,-4.889459964949328,-4.580498338862105,0.5714285714285714,0.5,0.6153846153846155,0.5714285714285714,0.5333333333333332,0.5333333333333333,36930.89546293597
406,2014-04-17,0.0021394631500639694,0.0059321208609917075,-0.0022367402073958376,0.12063409471026376,-0.0009715395017626527,-0.7039316361715509,-1.3200193946136807,-2.6924331735378337,-3.789522058362338,-4.638701749724994,-4.301653607772449,0.42857142857142855,0.39999999999999997,0.6153846153846155,0.5714285714285714,0.5333333333333332,0.4666666666666667,34588.12701372893
407,2014-04-21,0.0025331547401905574,0.003312587717386739,-0.010619602597618849,0.11965124085262713,-0.0018477736382824794,-0.48491844437122955,-0.869300459956468,-2.187854367362685,-3.389878391092016,-4.299947664852177,-3.950863326664833,0.2857142857142857,0.39999999999999997,0.5384615384615384,0.5,0.46666666666666656,0.4666666666666667,37230.0993494846
408,2014-04-22,-0.008776188469935664,0.004339830179576953,-0.00896904216474026,0.13319912280837887,0.010229840405479917,-1.2131511283489438,-1.56559599430941,-2.862820068973182,-4.112030115979348,-5.100548881541589,-4.7045935645049,0.42857142857142855,0.39999999999999997,0.5384615384615384,0.5714285714285714,0.5333333333333332,0.4666666666666667,43672.44886346901
409,2014-04-23,0.00174115888202242,0.011994641477886647,-0.0019345812130368012,0.11837041374676116,-0.0029896774667448334,-0.5681636268711543,-1.1770995339116186,-2.2446413745326743,-3.5367351641025224,-4.667412204089172,-4.227367662399173,0.42857142857142855,0.3000000000000001,0.5384615384615384,0.5714285714285714,0.46666666666666656,0.4,62171.569031898885
410,2014-04-24,0.007028856449742271,0.020136806802211193,-0.0046542363663966135,0.14233996647522962,0.01837883750089042,-1.9417574161966988,-2.734624237302352,-3.6801496938965728,-4.92318064339341,-6.194991717082421,-5.698677744401426,0.42857142857142855,0.39999999999999997,0.5384615384615384,0.6428571428571428,0.5333333333333332,0.4666666666666667,84052.95216616595
411,2014-04-25,0.003247654919330323,0.005635657548272777,-0.013372824274088813,0.11543775843575754,-0.00560412369947727,-1.0084150899109523,-1.9737241732087574,-2.797882690953435,-4.060540492040509,-5.465188535556753,-4.958134375272694,0.42857142857142855,0.39999999999999997,0.5384615384615384,0.5714285714285714,0.46666666666666656,0.4666666666666667,54749.21387429145
412,2014-04-28,0.007001687953161584,0.011125992497103665,-0.00968733915811737,0.11711670918553208,-0.004107294975550846,-0.41791478986450414,-1.3130855978558675,-2.1053141831706035,-3.376630247654433,-4.901083940696838,-4.353008500122824,0.2857142857142857,0.39999999999999997,0.46153846153846156,0.5,0.46666666666666656,0.4,38711.832558740985
413,2014-04-29,-0.004843323698670687,0.001899306688528668,-0.01396012305906591,0.132913237353816,0.00997509097196203,-1.0663477868313564,-2.049721712564434,-2.778603911819899,-3.9978019766017003,-5.633080223306108,-5.050316043618331,0.42857142857142855,0.39999999999999997,0.46153846153846156,0.5714285714285714,0.5333333333333332,0.4666666666666667,47252.559907305986
414,2014-04-30,-0.0016128937075352567,0.007969601366800694,-0.0038899809508542438,0.12278919323304982,0.0009496836307150147,-0.786128518521001,-1.938474724827921,-2.5721345175686805,-3.758404952963479,-5.51936022075088,-4.892994967952413,0.5714285714285714,0.39999999999999997,0.5384615384615384,0.5714285714285714,0.5333333333333332,0.4666666666666667,49328.221075346846
415,2014-05-01,0.0012372418387742723,0.0068525839916246944,-0.00418771295326914,0.11821185037007886,-0.0031308441854532854,-0.28689661849362613,-1.39877297610006,-2.0012755898879964,-3.175712399042241,-5.011344472570622,-4.354542134527872,0.42857142857142855,0.39999999999999997,0.46153846153846156,0.5,0.5333333333333332,0.4666666666666667,28273.4836775483
416,2014-05-02,-0.0007618512377515207,0.00542805436762106,-0.0026664031489115336,0.12108325615054438,-0.0005711321760976107,-0.00816521964482897,-1.0598779986443985,-1.810104739002616,-2.82357539914162,-4.7630233269522755,-4.028899258775331,0.42857142857142855,0.39999999999999997,0.3846153846153847,0.5,0.5333333333333332,0.4,25491.80972302048
417,2014-05-05,0.0013395235746131995,0.0026789706088490295,-0.006792948912924368,0.11648964237912796,-0.004666236777550181,0.356732701351703,-0.4360091476703909,-1.2326777356109542,-2.145654499719063,-4.118035256478548,-3.3141357880453803,0.2857142857142857,0.3000000000000001,0.3846153846153847,0.42857142857142855,0.5333333333333332,0.4,30293.681313471527
418,2014-05-06,0.003273283818043149,0.005776431911723279,-0.0025994511620452965,0.11474804103187042,-0.006218849342445099,0.8719655300121643,0.32251107026370907,-0.5092601139899955,-1.3049118389224734,-3.3612082790175357,-2.4681375021175955,0.2857142857142857,0.3000000000000001,0.3846153846153847,0.42857142857142855,0.46666666666666656,0.33333333333333315,27305.247406192913
419,2014-05-07,-0.0049704166037922715,0.0003823456208464915,-0.01137452653294213,0.12982335176763926,0.007220599104636127,0.1979902092692276,-0.28130057198111347,-1.0357910950140825,-1.7821405659522283,-3.868788155768088,-2.927702307828861,0.42857142857142855,0.3000000000000001,0.46153846153846156,0.42857142857142855,0.46666666666666656,0.4,32495.653627509455
420,2014-05-08,-0.0037163997767029056,0.0007622927241797139,-0.0075281111582217175,0.1251548267264817,0.0030585576064356967,-0.15654476333417655,-0.4417469481203917,-1.1946459811677745,-1.8729456429796731,-3.9632446814039213,-2.9660768539287785,0.42857142857142855,0.39999999999999997,0.46153846153846156,0.42857142857142855,0.5333333333333332,0.4666666666666667,29715.027640251043
421,2014-05-09,-0.0009518275452470304,0.0022844565445356846,-0.0072339140916410916,0.12300662979044596,0.0011434443888143075,-0.3168135938491745,-0.39092490947217895,-1.1863457607777517,-1.771820191943585,-3.873797259843459,-2.8209083433523796,0.42857142857142855,0.5,0.46153846153846156,0.5,0.5333333333333332,0.4666666666666667,26286.836022993262
422,2014-05-12,-0.004613917267813128,0.002824887085448813,-0.005178860786596795,0.13389575276057974,0.010851062350911267,-1.2348677142522413,-1.2913666711010907,-2.043563491665723,-2.591719355486788,-4.682670048194915,-3.611728569345507,0.5714285714285714,0.5,0.5384615384615384,0.5,0.5333333333333332,0.5333333333333333,34501.82583341316
423,2014-05-13,-0.006066280801376056,0.009892645638961417,-0.012412524266681824,0.13175816330071166,0.00894528326987376,-1.8252040030937056,-1.9151981080343772,-2.6323348602349195,-3.284658682185193,-5.258887793185485,-4.176539440607085,0.7142857142857143,0.6000000000000001,0.6153846153846155,0.5,0.5999999999999999,0.6,36877.20743111139
424,2014-05-14,0.003003839322292645,0.004787402654532924,-0.0021589787117147763,0.11523338255658566,-0.005786190548444647,-0.9842980946602631,-1.2605444355720974,-1.87114951848395,-2.568233774018036,-4.446047672649566,-3.3904301143205196,0.7142857142857143,0.5,0.5384615384615384,0.5,0.5333333333333332,0.6,28932.633989802252
425,2014-05-15,0.014287075231680602,0.01666825443696074,-0.009048452405913898,0.10550821505602603,-0.014456097002698565,0.6204718099939166,0.20819012819399685,-0.2916325156941957,-1.0228192219225551,-2.8203912467686942,-1.7621032114887636,0.7142857142857143,0.5,0.5384615384615384,0.5,0.5333333333333332,0.5333333333333333,49060.81634559132
426,2014-05-16,-0.009242629531666768,0.00018866358755698087,-0.01754221463304928,0.13283544344370024,0.009905734158146107,-0.17650017589080358,-0.655470833591032,-1.130405838193349,-1.8079870336503157,-3.5448905175621714,-2.505892443697866,0.7142857142857143,0.6000000000000001,0.5384615384615384,0.5714285714285714,0.5333333333333332,0.5333333333333333,41527.812991877894
427,2014-05-19,0.00028464750246381954,0.0013283992914736586,-0.0063573204892051205,0.11495318757015616,-0.006036013210465652,0.4906928326774418,-0.046084907329912994,-0.4143337610024056,-1.0897252781557731,-2.7352165450256094,-1.7354092176438018,0.5714285714285714,0.5,0.5384615384615384,0.5,0.46666666666666656,0.5333333333333333,37234.980996640865
428,2014-05-20,0.03180388995281391,0.03200078834188247,-0.008270943447635681,0.08095911345513329,-0.03634124794241511,3.7880523643514685,3.453277902656504,3.2905761715237514,2.611266954057956,1.0714351418522616,2.048293587802874,0.42857142857142855,0.39999999999999997,0.5384615384615384,0.42857142857142855,0.46666666666666656,0.4666666666666667,91349.92736019944
429,2014-05-21,-0.013608029168196922,0.0011664366592079034,-0.013608029168196922,0.13630327025064393,0.012997308447819655,1.9953860319245509,1.9738655555668672,1.9278105876881835,1.3370106441858098,-0.08511780063393815,0.8404427936606895,0.42857142857142855,0.5,0.5384615384615384,0.5,0.46666666666666656,0.4666666666666667,53072.485217928224
430,2014-05-22,-0.001746216496968933,0.00776091370273746,-0.005529685573735232,0.1239045787585984,0.0019441106512601003,1.2334274756258479,1.6422642900015827,1.7161782907798573,1.217433164224957,-0.12199023577847967,0.6739028879044762,0.42857142857142855,0.6000000000000001,0.6153846153846155,0.5714285714285714,0.46666666666666656,0.5333333333333333,30192.053352870524
431,2014-05-23,-0.008459069580496692,0.0011535422585171595,-0.008459069580496692,0.1320617576204064,0.009216036180010656,-0.03433148960517718,0.6804354410229196,0.7301011060592222,0.356696029900494,-0.8963491833118842,-0.18830448350990459,0.5714285714285714,0.7000000000000002,0.6153846153846155,0.5714285714285714,0.5333333333333332,0.5333333333333333,27765.990558175436
432,2014-05-27,0.005015403163580068,0.007716078317901109,-0.002121923225308797,0.11794997648293903,-0.003364492450926293,0.12263694087328858,1.0072267381452171,1.023762749503132,0.7568000294699617,-0.4136125443328198,0.20673733906073632,0.5714285714285714,0.7000000000000002,0.6153846153846155,0.5714285714285714,0.5333333333333332,0.5333333333333333,33210.805555555555
433,2014-05-28,0.006024632940447638,0.009231337703572429,-0.0005830919994911365,0.11339334679394941,-0.0074267368867915184,0.43867309890397443,1.6443030826419625,1.7171850671366062,1.509998555868064,0.4480443901655251,1.022921056135906,0.42857142857142855,0.6000000000000001,0.6153846153846155,0.5,0.5333333333333332,0.4666666666666667,32583.78155340466
434,2014-05-29,-0.003088793495922615,0.0006756756887196236,-0.01003861023240571,0.1292450649973198,0.006705001703350533,-0.47711131996438505,0.8749288851083392,0.9615741698175473,0.8604512683289434,-0.11084814377693153,0.39997337251374,0.5714285714285714,0.6000000000000001,0.6153846153846155,0.5714285714285714,0.5333333333333332,0.4666666666666667,29643.788217080855
435,2014-05-30,0.0065538391894599535,0.007336398102228303,-0.0066516676126869845,0.10689035054424889,-0.013224042342003028,0.9502465610143229,2.029046606871443,2.1669263433558905,2.197784753252363,1.3079493435936174,1.74106823526472,0.5714285714285714,0.5,0.5384615384615384,0.5714285714285714,0.46666666666666656,0.4666666666666667,58096.42566475324
436,2014-06-02,-0.01291445618900422,0.0017347725186049878,-0.016865843930881974,0.13851207162373158,0.014966462886981446,-0.4171826639444376,0.356580126520889,0.600275752058721,0.6932097791434666,-0.08186795933959878,0.2986045404894,0.5714285714285714,0.5,0.6153846153846155,0.5714285714285714,0.5333333333333332,0.4666666666666667,36111.181262294114
437,2014-06-03,-0.010240214570584993,0.0007656426598841026,-0.013781175495859332,0.12961564051424235,0.0070353358568227,-0.9201156116560139,-0.5263648607651605,-0.12623462404816044,0.02768795459282547,-0.7238430064739565,-0.30273719784972286,0.5714285714285714,0.5,0.6923076923076923,0.6428571428571428,0.5999999999999999,0.4666666666666667,34869.3231863398
438,2014-06-04,0.0010545489608773106,0.0075735789008453125,-0.002300814922841843,0.11979159487483049,-0.0017225853949801584,-0.7107998164113449,-0.506736616567216,0.03651661842167808,0.16708043187307897,-0.49866088159457034,-0.07231640197004063,0.42857142857142855,0.5,0.6923076923076923,0.5714285714285714,0.5333333333333332,0.4666666666666667,27608.050476637916
439,2014-06-05,-0.02019442801228888,0.0014959237237839318,-0.020474962794268525,0.1502213138312749,0.02540502958792734,-2.7326674013095187,-2.84018394456087,-2.304380677045814,-2.238823145094626,-2.8439271442327274,-2.4129210775085674,0.5714285714285714,0.6000000000000001,0.7692307692307693,0.6428571428571428,0.5999999999999999,0.5333333333333333,50384.1911965706
440,2014-06-06,-0.010168219633943543,0.0016639027546681007,-0.011092595673876993,0.1345184279173839,0.011406178540375178,-3.133671530174331,-3.793948276597414,-3.2494422713820303,-3.21191497539447,-3.7709776457306554,-3.3748058948992243,0.7142857142857143,0.6000000000000001,0.7692307692307693,0.7142857142857142,0.5999999999999999,0.6,39743.86966167498
441,2014-06-09,-0.009287374712643626,0.005057498850574715,-0.010022951724137918,0.12763420404977976,0.005268939513379811,-2.9648601805960073,-4.07750545636717,-3.589712192242245,-3.6059121326144306,-4.122977994726417,-3.7257162024807333,0.7142857142857143,0.7000000000000002,0.7692307692307693,0.7142857142857142,0.6666666666666665,0.6,35864.747126436785
442,2014-06-10,-0.007410099851982377,0.0017381941585983274,-0.00832491095645238,0.12750012145562328,0.00514939866830999,-2.5366871287523796,-4.0624944618023235,-3.8984794678739054,-3.971991561707544,-4.46336589427927,-4.044590755571276,0.8571428571428571,0.8000000000000003,0.7692307692307693,0.7142857142857142,0.7333333333333332,0.6,43478.0969440874
443,2014-06-11,0.0022080963803827736,0.002668147894596462,-0.0033121721720090758,0.1153616055312412,-0.005671996940241564,-1.3327478208182364,-3.1334138376428733,-3.2411916404074925,-3.305265594610418,-3.764424193550875,-3.365791813896424,0.7142857142857143,0.7000000000000002,0.6923076923076923,0.7142857142857142,0.6666666666666665,0.6,25197.269846383846
444,2014-06-12,0.01706515673576825,0.017346441306208327,-0.0019690576283345473,0.10067040992298781,-0.018768953474440853,0.8438866716536486,-1.0414543353344796,-1.4127172990045178,-1.4007730409864805,-1.7942862096843704,-1.4297728925381725,0.5714285714285714,0.6000000000000001,0.6153846153846155,0.7142857142857142,0.6666666666666665,0.6,31959.618247339553
445,2014-06-13,-0.0020604477491930062,0.004308382625504814,-0.0065561208173492425,0.12298607949487961,0.0011251107077929756,1.0596970104465475,-0.9693647480663259,-1.5128109499109588,-1.4363219490507007,-1.8022619754496705,-1.500678718166415,0.7142857142857143,0.6000000000000001,0.6923076923076923,0.7857142857142856,0.6666666666666665,0.6,18816.08397912571
446,2014-06-16,-0.0029023312967386694,0.0006553599972918267,-0.01011136616630215,0.12214426571031933,0.00037471697663638004,1.001779294813887,-0.7971420501353244,-1.468560859408341,-1.3749365591790075,-1.7295934623198561,-1.480864601067966,0.7142857142857143,0.7000000000000002,0.7692307692307693,0.8571428571428572,0.7333333333333332,0.6666666666666669,20008.362793921224
447,2014-06-17,-0.001499915655759243,0.0030936721307521786,-0.006281035085423103,0.12025364971178965,-0.001310666338792732,0.9321064369082643,-0.41517063422825684,-1.3106786682884008,-1.1768663493905485,-1.5171452009516972,-1.2870177141665828,0.5714285714285714,0.7000000000000002,0.6923076923076923,0.7857142857142856,0.7333333333333332,0.6,20045.873911069164
448,2014-06-18,-0.007908503686960167,0.0011164402367946913,-0.013304800521823479,0.13024173249437743,0.007593388165969772,0.0026620743114103007,-0.9078034209526242,-1.9618202981359745,-1.837212732008886,-2.156319155490327,-1.9729841427367556,0.5714285714285714,0.7000000000000002,0.7692307692307693,0.7857142857142856,0.7333333333333332,0.6666666666666669,20641.909732706277
449,2014-06-19,-0.0024242610722611246,0.0015850629370630642,-0.005221426573426502,0.11932360083636695,-0.00213967707853302,-0.05729524243340833,-0.36098922277725265,-1.498963164698519,-1.5537976996336855,-1.8441738223426651,-1.7135037783435392,0.42857142857142855,0.7000000000000002,0.7692307692307693,0.7142857142857142,0.6666666666666665,0.6666666666666669,24170.56177156177
450,2014-06-20,-0.012159389618560668,0.0013713842029086099,-0.015907826364266575,0.1440012861176998,0.019860000930010946,-1.9133858633630707,-1.934282559874967,-3.1341192684682273,-3.3670343679284342,-3.6317293243445903,-3.514880068838677,0.5714285714285714,0.7000000000000002,0.7692307692307693,0.7142857142857142,0.7333333333333332,0.6666666666666669,70970.84323382273
451,2014-06-23,0.00432065641037549,0.009836357876782165,-0.004504486160180954,0.11557069450932067,-0.0054856789559389885,-1.092622286711753,-1.1116635043531442,-2.350293748257759,-2.780497719066677,-2.9819741283526824,-2.8836544427855992,0.5714285714285714,0.6000000000000001,0.6923076923076923,0.6428571428571428,0.7333333333333332,0.6666666666666669,26102.14420024953
452,2014-06-24,0.006956683182574697,0.014191615141297076,-0.0075131992860253405,0.11172159842573359,-0.008916912766078533,-0.06492880053274863,0.00993776623829934,-1.3047653824871053,-1.8633977593619733,-2.0532149805656763,-1.922694782477552,0.42857142857142855,0.6000000000000001,0.6153846153846155,0.6428571428571428,0.7333333333333332,0.6,26566.109295373517
453,2014-06-25,-0.008852812451995429,0.004057497158659107,-0.010051678162086408,0.12827887573983232,0.005843566779541787,-0.4307801067644945,-0.47359589221921405,-1.6691219316361638,-2.319909528944042,-2.5399117981342756,-2.372077888365254,0.42857142857142855,0.6000000000000001,0.6923076923076923,0.7142857142857142,0.7999999999999998,0.6666666666666669,20067.24013153375
454,2014-06-26,0.0002765020349198011,0.0025802249146762435,-0.006173968102855754,0.1225514900945639,0.0007377373012833477,-0.260646811352816,-0.5245879596560088,-1.4954412929988559,-2.309972029049634,-2.518293501790436,-2.341368782701514,0.5714285714285714,0.6000000000000001,0.7692307692307693,0.7142857142857142,0.7999999999999998,0.7333333333333333,14032.358294324316
455,2014-06-27,-0.004044888803501512,0.0009192682562904064,-0.009652472969778225,0.12441147994569013,0.0023957469088866645,-0.328302662021962,-0.7603677516838991,-1.50411268695253,-2.4321544728638234,-2.6751078098572245,-2.4739165185878598,0.5714285714285714,0.6000000000000001,0.7692307692307693,0.7857142857142856,0.7999999999999998,0.7333333333333333,33388.41012492563
456,2014-06-30,9.204012316255117e-05,0.0033127910796502125,-0.006441492710803298,0.12058979796550306,-0.0010111088017128456,-0.04075257560367529,-0.7019916153722328,-1.1222217349278751,-2.0997335430297137,-2.5049569107439384,-2.2802933574953443,0.5714285714285714,0.5,0.7692307692307693,0.7857142857142856,0.7333333333333332,0.6666666666666669,20696.52499673369
457,2014-07-01,-0.0008243656833264446,0.005312833293264374,-0.0014655674904382465,0.1268851314053685,0.00460113287414865,-0.5260528493900796,-1.12537628041246,-1.3391086873088764,-2.342349264756982,-2.8620710259202986,-2.6501262132101577,0.5714285714285714,0.6000000000000001,0.7692307692307693,0.7857142857142856,0.7333333333333332,0.7333333333333333,21491.16857180853
458,2014-07-02,-0.002190562288984288,0.0035596842562921616,-0.0023730832853793293,0.12573118841602438,0.003572336809817944,-0.7784357005777398,-1.2876128766254658,-1.4699423715277549,-2.4787395983944194,-3.1089651294662457,-2.9338061100096735,0.7142857142857143,0.7000000000000002,0.7692307692307693,0.7857142857142856,0.7333333333333332,0.7999999999999999,16875.597606363594
459,2014-07-03,-0.01062297424157399,0.0007202196485376344,-0.012513503555752425,0.13728648977186508,0.013873830127119957,-1.715634495047491,-2.3612411380879106,-2.5280016044092357,-3.5865478816550223,-4.294209319018227,-4.14502519058898,0.8571428571428571,0.7000000000000002,0.8461538461538461,0.7857142857142856,0.7999999999999998,0.8666666666666668,25892.049587809695
460,2014-07-07,0.0001815177857111827,0.0026324708557563525,-0.00535588215846472,0.11243342844558013,-0.008282256422884049,-0.671765368153443,-1.3286008213074574,-1.5756441506004193,-2.5712734790622083,-3.3589800415799953,-3.2104084051267634,0.7142857142857143,0.6000000000000001,0.7692307692307693,0.7857142857142856,0.7999999999999998,0.8666666666666668,24482.477687600665
461,2014-07-08,0.006851818078310146,0.008404878571212082,-0.0005481180389924623,0.11459590745550607,-0.0063545408440141005,0.08613698688213489,-0.5155174498185144,-0.8905186075756855,-1.7344875569627383,-2.635664984534558,-2.5018912018233808,0.5714285714285714,0.6000000000000001,0.6923076923076923,0.7857142857142856,0.7333333333333332,0.7999999999999999,22387.087176942146
462,2014-07-09,-0.0031777556126544315,0.0013619212035764772,-0.006537143694726133,0.12869245067273716,0.006212379052927153,-0.35539535222267604,-0.9572284869062919,-1.4423261279816968,-2.1291132826942727,-3.124383526897656,-2.9806269098281213,0.5714285714285714,0.6000000000000001,0.6923076923076923,0.7857142857142856,0.7999999999999998,0.7999999999999999,20614.580357867988
463,2014-07-10,-0.011155833840930551,0.0019202541887322067,-0.01426479504147038,0.11377996547770985,-0.007081892850702043,0.44544653002398515,-0.11300160712530705,-0.7371956019229353,-1.198209863079902,-2.339808951103972,-2.0848622802153605,0.5714285714285714,0.6000000000000001,0.6153846153846155,0.7857142857142856,0.7999999999999998,0.7333333333333333,21063.37435017946
464,2014-07-11,-0.004183330339972091,0.0002728173906221265,-0.011913395888626721,0.12787817413959135,0.005486364233797225,7.286571745979131e-06,-0.6203525580624203,-1.2238176117584154,-1.535943376622384,-2.7912701161921905,-2.435166412830936,0.5714285714285714,0.6000000000000001,0.6923076923076923,0.7857142857142856,0.7999999999999998,0.7333333333333333,18117.40685811574
465,2014-07-14,0.0030884186788417978,0.008629349028226097,0.0,0.12305011322363346,0.0011823803356600937,-0.049313899193137445,-0.6527212145348127,-1.1916741801359265,-1.4705579803596658,-2.8424874102765285,-2.368459960256919,0.5714285714285714,0.7000000000000002,0.7692307692307693,0.7857142857142856,0.7999999999999998,0.7333333333333333,21573.16737484485
466,2014-07-15,0.003641347358058322,0.005188894040762726,-0.00409645888204746,0.11927843271671801,-0.0021801323030944397,0.009108290603787594,-0.3030095230213914,-0.842272536273514,-1.075165923863275,-2.558248904003102,-2.0037700749147236,0.42857142857142855,0.7000000000000002,0.6923076923076923,0.7857142857142856,0.7333333333333332,0.7333333333333333,29247.0660764327
467,2014-07-16,-0.010951543789020746,0.0005385727012823249,-0.01328549347781871,0.13755167371783594,0.01411034796326538,-1.2234043012279594,-1.5004013060903598,-2.0257497405084868,-2.3092630185836183,-3.777053589721202,-3.1692910993652235,0.5714285714285714,0.7000000000000002,0.6923076923076923,0.7857142857142856,0.7999999999999998,0.7999999999999999,35673.14657676577
468,2014-07-17,0.012194022187586029,0.014669459979829602,-0.0012835793527091743,0.0982621941641364,-0.014724728591187453,0.29179637354801446,0.05232969921784569,-0.42750031675837796,-0.7978953474400807,-2.2581163072124655,-1.543873131700213,0.5714285714285714,0.6000000000000001,0.6923076923076923,0.7142857142857142,0.7999999999999998,0.7333333333333333,29014.311267993035
469,2014-07-18,-0.006716874044056853,0.0,-0.010166061725806697,0.12591726693956717,0.010085242884078971,-0.6159415125180256,-0.8122094790488643,-1.276224569052531,-1.7201986430135485,-3.116409365762718,-2.3396444837995856,0.5714285714285714,0.6000000000000001,0.6923076923076923,0.7142857142857142,0.7999999999999998,0.7999999999999999,22009.529581746927
470,2014-07-21,-0.002086573471289821,0.0029030208771745336,-0.0070761678197541755,0.11528261106805093,0.0005448220666455228,-0.4682484166189327,-0.720883131160055,-1.1721341016572961,-1.7216519495465543,-2.968109486097603,-2.1688134996787456,0.7142857142857143,0.7000000000000002,0.7692307692307693,0.7142857142857142,0.8666666666666665,0.8666666666666668,18831.440746644996
471,2014-07-22,0.007087025387734425,0.01108487208949449,-0.002362302423447149,0.11295617527173119,-0.0015423938727100461,-0.21182913910368084,-0.46523832652530794,-0.9603091217692317,-1.503215287178028,-2.648905458128159,-1.837213823637296,0.5714285714285714,0.6000000000000001,0.6923076923076923,0.7142857142857142,0.7999999999999998,0.7999999999999999,26161.093879013155
472,2014-07-23,0.013009817669583423,0.014762927147894178,-0.00156853667379242,0.0976605801868573,-0.015264308684120875,1.200764217759076,1.045246170901848,0.5873559157957065,0.10266753497114589,-1.009211328600279,-0.19574205326101657,0.42857142857142855,0.5,0.6923076923076923,0.7142857142857142,0.7333333333333332,0.7333333333333333,41255.690568094404
473,2014-07-24,0.0053312737497022145,0.011329036449647445,-0.009044221162945343,0.08032386842169648,-0.030817533948308218,3.8583956738915237,3.8949634185886817,3.6909131473888745,3.249667884624796,2.1761546015047983,3.015463936710039,0.42857142857142855,0.39999999999999997,0.6923076923076923,0.6428571428571428,0.7333333333333332,0.6666666666666669,82732.24369065838
474,2014-07-25,-0.006771569037130498,0.004768717306031789,-0.007153075959047683,0.11265912047122928,-0.0018088643457966347,3.249541719862581,3.768649769622745,3.7467178969341486,3.392870042611218,2.4026751238530153,3.1629599221745686,0.2857142857142857,0.39999999999999997,0.6153846153846155,0.5714285714285714,0.6666666666666665,0.6666666666666669,39352.362696296856
475,2014-07-28,0.0060489389140867544,0.007201152046065307,-0.009409543746336069,0.10723365888199377,-0.006676092593223437,3.2686295185899272,4.149074785088835,4.275370583991922,4.024340545822569,3.134050445959824,3.7644074670112326,0.2857142857142857,0.39999999999999997,0.5384615384615384,0.5714285714285714,0.5999999999999999,0.6666666666666669,42959.152799613
476,2014-07-29,0.0029611041558677,0.016716018402597843,0.0,0.12045473615533653,0.005184808136712293,1.988179668354717,3.2872409663992963,3.5825670096933493,3.4156375091440427,2.6416735423967053,3.137030300472343,0.2857142857142857,0.39999999999999997,0.5384615384615384,0.5714285714285714,0.5999999999999999,0.6666666666666669,75909.7827698771
477,2014-07-30,0.01644423533887296,0.018765748271398985,-0.0033855485602306556,0.10072722317625216,-0.01251315431889477,2.3339668670412372,4.230369743759499,4.682921095683379,4.615677068995128,3.9836005519746642,4.2990477536930305,0.14285714285714285,0.39999999999999997,0.5384615384615384,0.5714285714285714,0.5333333333333332,0.6666666666666669,56653.093344576126
478,2014-07-31,0.014789062034739509,0.019255602977667596,-9.927543424315122e-05,0.08631788074271851,-0.025440173848814474,3.6852218768806733,6.347254224984122,7.05004771079476,7.065036874806263,6.642291250742471,6.8158983209411605,0.14285714285714285,0.3000000000000001,0.46153846153846156,0.5,0.5333333333333332,0.6,66613.39205955336
479,2014-08-01,0.0,0.003282938816641545,-0.01402701991724098,0.11213071550235032,-0.0022828663180781694,2.8054138645662974,5.959706841382717,6.899352141997461,7.040823725669854,6.807815578919896,6.905114118046907,0.14285714285714285,0.2,0.3846153846153847,0.5,0.5333333333333332,0.5333333333333333,59807.00019323518
480,2014-08-04,-0.014242186705474613,0.002357381443028883,-0.01679599286506217,0.1289803085359862,0.012833260583353434,1.049576690020193,4.101479901115268,5.14393289448507,5.49783447786345,5.411353379760286,5.430189710725908,0.2857142857142857,0.3000000000000001,0.3846153846153847,0.5714285714285714,0.5333333333333332,0.6,50916.3961480679
481,2014-08-05,-0.003842354679802984,0.009556660098522185,-0.005517221674876782,0.1112813494384679,-0.003044790463029412,0.8866940023121828,3.771983093289033,5.091240194994562,5.59981667176126,5.620976310110426,5.621603624164129,0.2857142857142857,0.2,0.3846153846153847,0.5,0.46666666666666656,0.5333333333333333,56012.793103448275
482,2014-08-06,-0.007192787608489293,0.003547147572118492,-0.008670775616726356,0.11456545997702317,-9.861856367943123e-05,0.5222218912820376,3.2487387640650622,4.759925292433054,5.386842685456039,5.490393407617278,5.505063196877158,0.2857142857142857,0.2,0.3846153846153847,0.42857142857142855,0.46666666666666656,0.4666666666666667,54456.583100947544
483,2014-08-07,0.007062997703296103,0.015008818618622355,-0.0005886305554516635,0.11961782921395647,0.004434154397009005,-0.3069199442914172,2.216271666223224,3.946739148742906,4.705916213967676,4.881601569343319,4.902959152489705,0.2857142857142857,0.2,0.3846153846153847,0.42857142857142855,0.46666666666666656,0.4666666666666667,56432.19489046115
484,2014-08-08,-0.01229664032045552,0.0015492157392449357,-0.01452362523744799,0.12932754536194313,0.01314479103350652,-1.6141949142500889,0.40942896652345073,2.3494629864481587,3.1846623788174933,3.397664551761226,3.450738889194538,0.42857142857142855,0.2,0.46153846153846156,0.5,0.5333333333333332,0.4666666666666667,45411.47139245228
485,2014-08-11,0.0010526411483253728,0.003349263157894633,-0.005454545454545379,0.127842538244493,0.011812472315243294,-2.250161913658999,-1.142848639932903,0.9372591060350377,1.8438669733042534,2.110636647260189,2.1283632532139274,0.5714285714285714,0.3000000000000001,0.46153846153846156,0.5,0.5333333333333332,0.5333333333333333,49739.66985645933
486,2014-08-12,0.0024920348415213844,0.007955544753080801,-0.0019170420412719658,0.11286213885848251,-0.0016268075076005806,-1.5691873030826864,-1.2590453463190876,0.8704035620676009,1.8543504463271576,2.2393698265385398,2.1916304796645747,0.5714285714285714,0.3000000000000001,0.3846153846153847,0.42857142857142855,0.5333333333333332,0.5333333333333333,40264.50291832641
487,2014-08-13,-0.007892753598602087,0.0032331303448789317,-0.007892753598602087,0.12354335216860313,0.007955639655343516,-1.890997100665981,-2.030241421582679,-0.106868886288769,0.8730803888050254,1.411148228426784,1.331454301089141,0.5714285714285714,0.39999999999999997,0.46153846153846156,0.42857142857142855,0.5999999999999999,0.5333333333333333,44359.02113503153
488,2014-08-14,-0.001419666802208397,0.003217830656148779,-0.006341150621194336,0.1199752982175264,0.004754594935392653,-1.7928088273697185,-2.4390857693247114,-0.8067173906127767,0.26703105389553894,0.920470689464592,0.7951961742166835,0.7142857142857143,0.5,0.46153846153846156,0.5,0.5999999999999999,0.5333333333333333,39548.49689382938
489,2014-08-15,0.0025534708256755856,0.006430868288838099,-0.005768876598616912,0.11551937613622965,0.0007570635803331172,-1.2929183336757966,-2.405484689664905,-1.0317198524445903,0.08876570248761428,0.8382767348222853,0.6622538168197689,0.8571428571428571,0.6000000000000001,0.5384615384615384,0.5714285714285714,0.5999999999999999,0.6,38765.78719059556
490,2014-08-18,-0.002710796334526089,0.0011216582224249372,-0.006543316324266635,0.12774721157973912,0.011726989421978251,-1.7640179439845305,-3.383809967014295,-2.3208603187120147,-1.1537585821695728,-0.32664271430898895,-0.5343456970278382,0.8571428571428571,0.6000000000000001,0.5384615384615384,0.5714285714285714,0.5999999999999999,0.6,32515.357285949973
491,2014-08-19,-0.00037279588892469295,0.003727809774618507,-0.004007455619549294,0.11800965653983697,0.0029911289947730513,-1.5217644432914956,-3.4109898009641593,-2.74219232473234,-1.4942327675710798,-0.607826488168195,-0.8492703780368926,0.8571428571428571,0.7000000000000002,0.5384615384615384,0.6428571428571428,0.6666666666666665,0.6666666666666669,33915.12207131066
492,2014-08-20,-0.0028783473410867177,0.004178319522144536,-0.004642525663208663,0.1188308165699159,0.003727940229292903,-1.4630616649611627,-3.3087939541543876,-3.2077630223806164,-1.9121233409936544,-0.9989242468113169,-1.2383243554674572,0.8571428571428571,0.8000000000000003,0.6153846153846155,0.6428571428571428,0.6666666666666665,0.6666666666666669,49596.03016519119
493,2014-08-21,0.0018523385954216653,0.005557089880919852,-0.003982587718971975,0.11746986567674922,0.002506912229485625,-1.2278519144762856,-3.0577227473663093,-3.467888948423914,-2.2046496141521543,-1.2492791225060973,-1.5091494607222256,1.0,0.9000000000000001,0.6923076923076923,0.6428571428571428,0.6666666666666665,0.7333333333333333,38140.14996627628
494,2014-08-22,0.00251611224519821,0.00475260469206229,-0.007175445106242462,0.10786164281049193,-0.0061128236572269845,-0.33414310598421926,-2.095391869812868,-2.7734444703233385,-1.6647292520529877,-0.6379838675957372,-0.9851824390335939,0.8571428571428571,0.8000000000000003,0.6923076923076923,0.6428571428571428,0.5999999999999999,0.7333333333333333,42899.94199796743
495,2014-08-25,-9.26368427096591e-05,0.0033342687474828825,-0.0022228211334368586,0.12153119452201655,0.006150420090659026,-0.6377429108408994,-2.265837486208211,-3.2301689952655255,-2.3561391182819413,-1.240704576754692,-1.6300782165938332,0.8571428571428571,0.9000000000000001,0.7692307692307693,0.6428571428571428,0.6666666666666665,0.7333333333333333,27915.087543613157
496,2014-08-26,-9.249491194684989e-05,0.005367397841336441,-0.0007402831897146411,0.11560459544858492,0.0008334927177118256,-0.4137840598939624,-1.9129486146864938,-3.1384568510505417,-2.4708378879976567,-1.3180620514684271,-1.7308314061922347,0.8571428571428571,1.0,0.8461538461538461,0.7142857142857142,0.7333333333333332,0.7333333333333333,26519.45209180922
497,2014-08-27,-0.0038692398746410506,0.003408521324499647,-0.004329811027273811,0.1197300892499642,0.004534684956340573,-0.6567174007349741,-1.9207814798293699,-3.406379040493779,-2.9644049193421673,-1.753585041762129,-2.198073584557625,0.8571428571428571,1.0,0.8461538461538461,0.7142857142857142,0.7333333333333332,0.7333333333333333,30232.992715780947
498,2014-08-28,-0.0057984812554352505,0.0015646387194727662,-0.007823276432153192,0.1157022546139499,0.000921252740247791,-0.570648405683194,-1.6580198022971282,-3.264310979380647,-3.1056532270369086,-1.8294856586422714,-2.2886909723019766,0.8571428571428571,1.0,0.9230769230769232,0.7142857142857142,0.7999999999999998,0.7999999999999999,29707.236912871846
499,2014-08-29,-0.001558613734298997,0.00027503438158982263,-0.0075181076372971,0.11898425161241644,0.0038654868282206323,-0.7740732084825619,-1.7374122530489422,-3.2735577087244394,-3.511171834313953,-2.19470956686737,-2.670152609409493,0.8571428571428571,1.0,1.0,0.7857142857142856,0.7999999999999998,0.7999999999999999,40681.1307417255
500,2014-09-02,0.0010099247339316886,0.0074366967946508655,-0.0008262578190647574,0.11314249513940378,-0.001375178634744123,-0.5128310900902822,-1.3010897359861162,-2.7731163460750663,-3.360593533623646,-2.058965543710689,-2.5486673338130372,0.7142857142857143,1.0,1.0,0.7857142857142856,0.7333333333333332,0.7333333333333333,37092.280152282045
501,2014-09-03,0.009127770690833259,0.011064032925170997,-0.0037801586186626546,0.10996779333140427,-0.00422326068014478,0.06058377053335118,-0.6651624338738338,-2.0687938978976472,-2.8381134699179134,-1.685773493306142,-2.1537924191809443,0.7142857142857143,0.9000000000000001,0.9230769230769232,0.7857142857142856,0.7333333333333332,0.6666666666666669,43047.12873914926
502,2014-09-04,-0.004778505789376886,0.00615693806285611,-0.006065024811615416,0.11837519426142173,0.003319155051816347,-0.15884688026914784,-0.7863595021163627,-2.0724486124498287,-3.029248088378622,-2.0251879738372836,-2.5268459799829834,0.7142857142857143,0.9000000000000001,1.0,0.8571428571428572,0.7333333333333332,0.7333333333333333,42307.39919132513
503,2014-09-05,0.004238059662446503,0.005896434439870646,-0.0032246084095760574,0.11180730124073346,-0.002573095337055298,0.16189392705627803,-0.3461505371596396,-1.5105217829098794,-2.6346401502719385,-1.7775325339193127,-2.289342572079467,0.5714285714285714,0.8000000000000003,1.0,0.8571428571428572,0.7333333333333332,0.7333333333333333,39661.79676006268
504,2014-09-08,0.002965424781190773,0.0050967934353889355,-0.0036141876150797003,0.10820557441658196,-0.005804137904517281,0.6619158542052528,0.29719095636100423,-0.6720913222156732,-1.959648457420582,-1.2380403363628667,-1.7787431124971387,0.42857142857142855,0.7000000000000002,0.9230769230769232,0.7857142857142856,0.6666666666666665,0.6666666666666669,32404.70725954194
505,2014-09-09,0.0039105958303427,0.007448742878049419,-0.0019553072261581095,0.10940714853197142,-0.004726342936295258,0.9736685750885155,0.780131824029362,-0.0177318603576615,-1.3603968362088326,-0.7972581844102211,-1.3875977198454903,0.2857142857142857,0.6000000000000001,0.8461538461538461,0.7857142857142856,0.5999999999999999,0.6666666666666669,33318.36623241404
506,2014-09-10,-0.0030208533937506887,0.0017936656282449004,-0.005192136316435447,0.0994187351455742,-0.013687166475659929,1.9514305656711306,2.0593166942623586,1.4340157068149617,0.1830786949031049,0.5043379550713434,-0.1305374570550799,0.14285714285714285,0.5,0.7692307692307693,0.7857142857142856,0.5999999999999999,0.6,76980.96922495987
507,2014-09-11,0.0006630173563033637,0.0006630173563033637,-0.00947059416500029,0.11109770512067674,-0.0032096087741597668,1.8291783966562614,2.2269421152341096,1.817451328985653,0.6771478987217527,0.7420840796442896,0.1155422534274253,0.14285714285714285,0.39999999999999997,0.7692307692307693,0.7857142857142856,0.5999999999999999,0.5333333333333333,51709.39120031788
508,2014-09-12,-0.00047606171613212567,0.0006665302037667242,-0.005903589961062439,0.108658103818561,-0.00539815801655219,1.9139142493464156,2.6260227046448925,2.3637132043818676,1.3327318518126408,1.19500377874997,0.6583710636568263,0.14285714285714285,0.39999999999999997,0.6923076923076923,0.7142857142857142,0.5999999999999999,0.5333333333333333,65740.76535160252
509,2014-09-15,-0.005149732928192541,0.0003814705285001274,-0.01563990067099086,0.11297711025568713,-0.0015236089710028988,1.5299331043339137,2.570776358285398,2.483583830802294,1.6017968072249866,1.2168170577719017,0.8122415799268312,0.0,0.3000000000000001,0.6153846153846155,0.7142857142857142,0.5999999999999999,0.4666666666666667,67249.61923278066
510,2014-09-16,-0.006198760192649644,0.009250438591927868,-0.01039485017742836,0.11467543975545502,0.0,1.02858473992391,2.352799392868943,2.4436216288515,1.7165756356245732,1.1212248799911118,0.8315868067749976,0.0,0.2,0.5384615384615384,0.7142857142857142,0.5999999999999999,0.4666666666666667,50444.355231305024
511,2014-09-17,0.011443427472707546,0.013655217110399409,-0.001057803655309164,0.10542719478725648,-0.008296752664311957,1.335291336662614,2.89588253227111,3.1637638705426907,2.6379576343138034,1.8257248295873607,1.6559276785772958,0.0,0.09999999999999998,0.46153846153846156,0.6428571428571428,0.5333333333333332,0.4,49255.660241497455
512,2014-09-18,-0.0003832950118187739,0.0020127181143461126,-0.009008951850065228,0.11842703147126676,0.003365657276406253,0.576415623143367,2.2556792075927534,2.6826253086654317,2.3299544296626395,1.3497585921107946,1.3412237607021593,0.14285714285714285,0.09999999999999998,0.46153846153846156,0.6428571428571428,0.5999999999999999,0.4,37528.232797747085
513,2014-09-19,0.02282700179832209,0.02429029315597897,-0.004194712629115083,0.0951253930301974,-0.01753879979194861,1.895287823709224,3.6240394984544233,4.2746137139769935,4.087407478905392,2.983684112018481,3.19941161192685,0.14285714285714285,0.0,0.3846153846153847,0.5714285714285714,0.5999999999999999,0.4,80824.28376109095
514,2014-09-22,0.011892923451081838,0.013478691506864315,-0.0007928840278913496,0.09716861020458789,-0.01570570193513454,2.857137491298034,4.709749381748152,5.604788286306106,5.626851206591499,4.450416734916773,4.8568535434168725,0.14285714285714285,0.0,0.3076923076923077,0.5714285714285714,0.5999999999999999,0.4,50476.69969320714
515,2014-09-23,0.008700900264044353,0.011001080328054469,-0.0011001200340057249,0.1046222570728581,-0.009018850386374733,3.0745892939320507,5.057644998864164,6.217284313868698,6.403492443096459,5.280762658935378,5.759143367463615,0.14285714285714285,0.0,0.3076923076923077,0.5,0.5333333333333332,0.4,57107.712013375574
516,2014-09-24,-0.011462411406988449,0.002865622614593555,-0.012944644652509107,0.128164256975001,0.012101211899274933,1.3255191086379847,3.2636893845998216,4.628737036434161,4.973879831307948,3.936096634654662,4.486161727799054,0.2857142857142857,0.0,0.3076923076923077,0.5,0.5999999999999999,0.4666666666666667,57281.610393753275
517,2014-09-25,0.01497334911117787,0.0169831671795162,-0.003215757145698661,0.0960607515698666,-0.016699687455821177,2.278311542540501,4.3692718509967365,5.996531306800845,6.533087643330826,5.59025436840046,6.203831775669966,0.2857142857142857,0.0,0.23076923076923075,0.42857142857142855,0.5999999999999999,0.4666666666666667,49851.275151195354
518,2014-09-26,-0.009364365691303944,0.002590177403571703,-0.011356834370098712,0.12442085687167181,0.008742826089983335,0.8780971633928436,2.9288754903907366,4.6902785156051285,5.374937632839472,4.572867306446127,5.238954180901745,0.42857142857142855,0.09999999999999998,0.23076923076923075,0.42857142857142855,0.5999999999999999,0.4666666666666667,29246.859013185665
519,2014-09-29,-0.00480821386741026,0.002704557693988585,-0.01572673513519507,0.10856799225026248,-0.005479077481338912,0.7884795694063751,2.9543034017038172,4.846329471964705,5.688236300891658,5.064319001044315,5.720004038295556,0.2857142857142857,0.09999999999999998,0.15384615384615383,0.35714285714285715,0.5333333333333332,0.4666666666666667,31616.749541866186
520,2014-09-30,0.01009795021809512,0.010804796635411451,-0.0023224881583610024,0.10574276325242149,-0.00801379343487818,1.1006887645227614,3.288337988615142,5.210555521845817,6.229365885549321,5.871730775411743,6.41624981840756,0.2857142857142857,0.09999999999999998,0.07692307692307696,0.28571428571428575,0.46666666666666656,0.4666666666666667,37826.93131200577
521,2014-10-01,0.010552176922936418,0.01424033383628398,-0.0034832906107642447,0.09869213315166991,-0.014339052156584264,2.0899561426158675,4.206983547226617,6.189363015836946,7.395693998724373,7.340933411440731,7.767655109246063,0.2857142857142857,0.09999999999999998,0.07692307692307696,0.21428571428571436,0.46666666666666656,0.4666666666666667,49453.97336896862
522,2014-10-02,0.00246379211728609,0.005851544775626882,-0.012935036939327071,0.11239162076000642,-0.002048840053999079,1.9211803561907992,3.8629008051360714,5.867193546332317,7.2532103229254075,7.453762046717749,7.761591015235614,0.2857142857142857,0.09999999999999998,0.07692307692307696,0.21428571428571436,0.3999999999999999,0.4,45793.06443715986
523,2014-10-03,0.00667421713393801,0.0097545642237864,-0.003696478115786772,0.1144464925614157,-0.00020551862831830192,1.3832561125125098,3.336378981813226,5.330082574167516,6.88727341655242,7.375370031920769,7.541124078283801,0.14285714285714285,0.09999999999999998,0.0,0.14285714285714285,0.33333333333333337,0.4,40269.04867306755
524,2014-10-06,-0.0019387959183674308,0.0013265000000000082,-0.011122408163265263,0.1216573352406698,0.006263620697059213,0.5320664311524226,2.1931480404031145,4.1622939826252425,5.855321794342183,6.622206764667404,6.646064420736164,0.2857142857142857,0.2,0.07692307692307696,0.14285714285714285,0.33333333333333337,0.4666666666666667,40635.73469387755
525,2014-10-07,0.02523758263688225,0.029672704213496548,-0.00010554382594107903,0.07714040800919775,-0.033673468958319575,3.178455204866859,5.05355165439072,7.1277715548132115,9.02172354609272,10.155629411971766,9.99185410866994,0.14285714285714285,0.2,0.07692307692307696,0.07142857142857145,0.2666666666666667,0.4,68420.33268494191
526,2014-10-08,-0.021417485330212482,0.002172778020221866,-0.031143330964442217,0.13762811616815407,0.020591445135616393,0.6266963138612303,2.365668398293752,4.436715201458252,6.378675954899404,7.769801775613061,7.4578271849138345,0.2857142857142857,0.2,0.15384615384615383,0.07142857142857145,0.2666666666666667,0.4,64294.91175797389
527,2014-10-09,0.02898394652406422,0.032299433155080326,-0.0027807700534759894,0.0783460128179243,-0.03259173382849745,3.171868516107157,5.126031174200807,7.322109178998315,9.367818221702784,11.120427036858871,10.64413509031079,0.2857142857142857,0.2,0.15384615384615383,0.0,0.20000000000000007,0.33333333333333315,68603.2780748663
528,2014-10-10,0.001181155412256718,0.015462289771146276,-0.016321228916178376,0.11026416061928535,-0.003957454647382619,2.894577835382939,4.947773604290218,7.111416532559556,9.196827393297081,11.275590229036126,10.628466363769483,0.2857142857142857,0.2,0.15384615384615383,0.0,0.1333333333333333,0.33333333333333315,66348.19144258105
529,2014-10-13,0.017561092931937194,0.025959838568935245,-0.0006544175392670937,0.09732038503258367,-0.015569633338795574,3.62908761627474,5.960176061476452,8.112590993024993,10.270199846326378,12.685432458228219,11.891055034673315,0.2857142857142857,0.2,0.15384615384615383,0.0,0.1333333333333333,0.2666666666666667,63834.07853403141
530,2014-10-14,-0.003125010674838058,0.02381464362668173,-0.004418146408896151,0.12829283682160209,0.012216480870804736,1.6717980772257945,4.034786613165187,6.188933668032681,8.322811267821795,10.9954809562254,10.073581016298384,0.42857142857142855,0.2,0.23076923076923075,0.0,0.1333333333333333,0.2666666666666667,73181.10970316455
531,2014-10-15,-0.01252830813385053,0.0017280916612201214,-0.02743269370051593,0.1121529081910948,-0.002262983226645865,1.067692186653102,3.736906142887775,5.798736148175165,7.9532684843077295,10.909079417999767,9.84586757437258,0.2857142857142857,0.2,0.23076923076923075,0.0,0.06666666666666665,0.19999999999999984,101279.9202411025
532,2014-10-16,-0.0318532932615464,0.009759802869150569,-0.0318532932615464,0.12250066475420196,0.014691432036754826,-0.5096383011737093,1.7460896957620209,3.7580388216683858,5.859577569551289,8.97304979572695,7.81144452019773,0.42857142857142855,0.2,0.3076923076923077,0.07142857142857145,0.06666666666666665,0.19999999999999984,79786.64649909151
533,2014-10-17,-0.008942724599388052,0.00578637540916227,-0.011257232679940166,0.12772314282631547,0.01941236810771052,-2.5348586608754275,-0.49392340693205083,1.356305972793237,3.4101927493727535,6.6113728391309134,5.374306800655182,0.42857142857142855,0.3000000000000001,0.3076923076923077,0.14285714285714285,0.06666666666666665,0.19999999999999984,78300.94387263722
534,2014-10-20,0.005317451933610995,0.013506370450987681,-0.008082548208896645,0.09437683385663753,-0.010731189564353816,-1.2896826143799611,0.26253457653797607,2.065578784390598,4.1103796512206525,7.442326716274605,6.085423726356898,0.42857142857142855,0.3000000000000001,0.3076923076923077,0.14285714285714285,0.0,0.13333333333333341,45418.54743613259
535,2014-10-21,-0.008864302939454616,0.004484315408116668,-0.008864302939454616,0.12813080124417442,0.019780830853931786,-2.6883007190656727,-1.7554244489062287,-0.12511710107354634,1.7593909101632388,5.078574182339657,3.663963037215523,0.5714285714285714,0.39999999999999997,0.3846153846153847,0.21428571428571436,0.06666666666666665,0.13333333333333341,41614.393071387974
536,2014-10-22,0.010151200169187025,0.014909622501850572,-0.005498540763455573,0.09101993913061657,-0.013765771320813247,-0.7887676214292538,-0.5430175335701781,1.034077097191699,2.8150799876644372,6.244927122500199,4.71602465426213,0.5714285714285714,0.39999999999999997,0.3846153846153847,0.21428571428571436,0.06666666666666665,0.13333333333333341,65678.3909273554
537,2014-10-23,-0.01682279692221611,0.006749320240233336,-0.01944193672132377,0.16122729668675184,0.04969838912724378,-4.453920773091802,-5.063596994201857,-3.8053028960583934,-2.225331834370714,1.0256299409942882,-0.49298326003263115,0.5714285714285714,0.5,0.3846153846153847,0.28571428571428575,0.06666666666666665,0.13333333333333341,117558.18558152067
538,2014-10-24,0.0007039420614654013,0.0024134955266794655,-0.010760247168941195,0.10814303469599795,0.0017128298199233782,-3.532648857147125,-5.069272627061849,-3.937111716148012,-2.5587057699616222,0.6660534698113896,-0.9010170662337114,0.7142857142857143,0.5,0.46153846153846156,0.35714285714285715,0.1333333333333333,0.13333333333333341,41569.79562407893
539,2014-10-27,0.0014207326829640543,0.002334036915627724,-0.014105936532312402,0.0962359059596476,-0.009050765622985568,-1.8832097734600262,-3.871982958702036,-3.1119720104289317,-1.8377653943018268,1.3634440662990466,-0.24393026560282083,0.5714285714285714,0.5,0.3846153846153847,0.35714285714285715,0.1333333333333333,0.06666666666666654,44103.93155972263
540,2014-10-28,-0.01700278699079527,0.0,-0.021055801856235568,0.1356614706900785,0.026588319499953217,-3.5615553785827148,-5.991626070841893,-5.523207004024478,-4.464556009816867,-1.4187928263056149,-2.980889488280025,0.5714285714285714,0.5,0.46153846153846156,0.35714285714285715,0.20000000000000007,0.06666666666666654,50113.66784837217
541,2014-10-29,0.013374558072171583,0.01646864923707647,-0.003493422427519377,0.09564060915342054,-0.009588938375887035,-1.7495303291010567,-4.554113243083313,-4.517786141251223,-3.5946774844050733,-0.6557833964047188,-2.1824231122942406,0.5714285714285714,0.5,0.46153846153846156,0.35714285714285715,0.20000000000000007,0.0,44179.057008083495
542,2014-10-30,-0.005291603223178787,0.004193270599310184,-0.010982487580571632,0.10591713342050535,-0.00029931310358932706,-1.1110870930315042,-3.973983980796436,-4.3328789393169975,-3.5649997028946,-0.814702868357231,-2.285259555094199,0.42857142857142855,0.5,0.46153846153846156,0.35714285714285715,0.20000000000000007,0.0,26465.652297657656
543,2014-10-31,-0.0005917167698761272,0.009466511804890443,-0.005620826126779388,0.1200542609442472,0.012480105535371822,-1.3664599295196478,-4.423468864361624,-5.28968886861525,-4.677051745009598,-2.183559080342512,-3.569057213793403,0.5714285714285714,0.6000000000000001,0.5384615384615384,0.42857142857142855,0.2666666666666667,0.06666666666666654,52929.67536019425
544,2014-11-03,0.013869486989927404,0.015366204197104327,-0.004490161599579268,0.09326681823316818,-0.011734695235569137,-0.05986220259405206,-2.7097504968096153,-3.995644505427165,-3.552842609806761,-1.2068508066366057,-2.533712843431668,0.42857142857142855,0.5,0.5384615384615384,0.35714285714285715,0.2666666666666667,0.0,44244.65910750689
545,2014-11-04,0.011560683383422754,0.014095923191401294,-0.005780346762190969,0.08847680471516539,-0.01606455315328781,1.4516015581484965,-0.634541915382314,-2.3629614043745195,-1.9835140623107095,0.186180914733014,-1.1005154045623522,0.2857142857142857,0.5,0.46153846153846156,0.35714285714285715,0.2666666666666667,0.0,49172.51131555105
546,2014-11-05,0.00040230357500026237,0.002313600148331263,-0.009657046186216878,0.11522295539568317,0.008112789523523567,0.7601947105485563,-0.9908546915001315,-2.888783109052795,-2.779885698734308,-0.8041101831087083,-2.005447003938854,0.42857142857142855,0.5,0.5384615384615384,0.35714285714285715,0.33333333333333337,0.06666666666666654,35363.650020535155
547,2014-11-06,-0.013873768154840205,0.0007927261602327373,-0.01654945925876683,0.1229404029144725,0.015089109062057515,-0.7729777750760114,-2.0478093672222086,-4.096813827519108,-4.160108695868514,-2.4126100796260985,-3.536898486152218,0.42857142857142855,0.5,0.5384615384615384,0.42857142857142855,0.33333333333333337,0.13333333333333341,33966.8908346887
548,2014-11-07,-0.004913521916007801,0.0006878930682410189,-0.008451257695533454,0.11556639456720941,0.008423107137597752,-1.3813897014729126,-2.3233871257555827,-4.478261264797956,-4.838545237483871,-3.3065636675842836,-4.341929069591311,0.5714285714285714,0.6000000000000001,0.6153846153846155,0.5,0.3999999999999999,0.19999999999999984,26612.600105864778
549,2014-11-10,-0.0034243029392848623,0.0033265238560467036,-0.0034243029392848623,0.1111403315570596,0.004422297252490548,-1.529065155391096,-2.3117718877064264,-4.4429917600170565,-5.071005101040004,-3.792428344937371,-4.705151979330902,0.7142857142857143,0.6000000000000001,0.6923076923076923,0.5714285714285714,0.46666666666666656,0.2666666666666667,32364.717956811644
550,2014-11-11,-0.002145723223892837,0.002633414636042275,-0.009070525788262285,0.10971162520185973,0.0031306682907947803,-1.6803337503350169,-2.0621055687930268,-4.205106764437594,-5.163271818361714,-4.132067903773773,-4.910711674075152,0.7142857142857143,0.7000000000000002,0.7692307692307693,0.6428571428571428,0.5333333333333332,0.33333333333333315,24034.89216849597
551,2014-11-12,-0.007961938206853758,0.0022332556992572528,-0.014273240397577158,0.11121149190584534,0.0044867093481653075,-1.7352667568533153,-2.2415587471977028,-4.129400701361363,-5.367148910564746,-4.585181731539634,-5.264560545807995,0.8571428571428571,0.7000000000000002,0.7692307692307693,0.7142857142857142,0.5333333333333332,0.4,27270.580294622396
552,2014-11-13,0.01928589635757194,0.020472742355130746,-0.004252803834904451,0.08605443709517657,-0.018254307415272675,0.44506199198430796,-0.3058893479596869,-1.9125814741165814,-3.471549488483938,-2.8807023894651618,-3.4366046690789687,0.8571428571428571,0.6000000000000001,0.7692307692307693,0.6428571428571428,0.5333333333333332,0.4,38809.20632172677
553,2014-11-14,-0.0033550030927571584,0.003552407876550534,-0.006808703643524927,0.10876461614461341,0.0022745758852089626,0.48917581899781126,-0.33478189996261065,-1.7545687552931954,-3.431374220850447,-3.1448964327489115,-3.6072854185173253,0.8571428571428571,0.7000000000000002,0.7692307692307693,0.7142857142857142,0.5333333333333332,0.4666666666666667,26252.208062096233
554,2014-11-17,-0.004424749393060368,0.003736529117104981,-0.012291052476628872,0.11017821570252484,0.0035525594788368142,0.24441419618417282,-0.6496690229282787,-1.7909827430817593,-3.570223531604644,-3.5311004699185244,-3.8747752792445467,0.8571428571428571,0.7000000000000002,0.7692307692307693,0.7142857142857142,0.5999999999999999,0.4666666666666667,24354.949587687795
555,2014-11-18,-0.0033320658238724654,0.004017992904566725,-0.00715408656258254,0.10994661835578023,0.0033431430829300446,-0.05039943673087466,-0.8512031954461596,-1.7444127876704907,-3.567885202244614,-3.8454185465521484,-4.089820513294962,0.8571428571428571,0.8000000000000003,0.8461538461538461,0.7857142857142856,0.6666666666666665,0.5333333333333333,27058.976214621947
556,2014-11-19,0.005528114347637114,0.009871668019595159,-0.004047423374706094,0.09822571720831719,-0.007252083980808566,0.5514054118530787,-0.04653216348415867,-0.7723367108425472,-2.550578444843954,-3.115672723742924,-3.264301354727006,0.7142857142857143,0.8000000000000003,0.7692307692307693,0.7857142857142856,0.6666666666666665,0.5333333333333333,46189.521830487996
557,2014-11-20,-0.017239632372989866,0.0004897933388106068,-0.019786424519009693,0.11487545429756874,0.007798548102083691,-0.288252290027613,-0.7724167184207431,-1.1894163511965705,-2.916239922621955,-3.7987769066164856,-3.861274854159913,0.7142857142857143,0.8000000000000003,0.8461538461538461,0.8571428571428572,0.7333333333333332,0.6,29900.06885693286
558,2014-11-21,-0.02019721992101131,0.006294091299974491,-0.021136684484829082,0.15349334249568636,0.04270746101186984,-3.907936534824241,-4.418567263457063,-4.915334715509079,-6.411120088558652,-7.604471067281349,-7.536012806856329,0.7142857142857143,0.9000000000000001,0.8461538461538461,0.8571428571428572,0.7999999999999998,0.6,82084.48845708281
559,2014-11-24,0.004152538733036559,0.004813155953313997,-0.0081162798047969,0.10115613601232143,-0.0046030322219633435,-2.8096909642915113,-3.481098723690468,-4.182620521430991,-5.504099711512045,-7.015366502303378,-6.873815741695644,0.7142857142857143,0.9000000000000001,0.7692307692307693,0.8571428571428572,0.7333333333333332,0.6,38774.00980346367
560,2014-11-25,-0.001317771109144772,0.0036709243913954914,-0.008565474558838049,0.10917149012024585,0.0026424779300813217,-2.4069500880854244,-3.2762734604797394,-4.090017952476099,-5.316128904675743,-7.112092215908894,-6.78964828891292,0.7142857142857143,0.9000000000000001,0.8461538461538461,0.8571428571428572,0.7999999999999998,0.6,31263.11956446008
561,2014-11-26,0.00472634460037491,0.006144257433176481,-0.0032139521390117665,0.1015625569446088,-0.004235731344441107,-1.439507620799485,-2.535342835873866,-3.4736323640365496,-4.550789633006769,-6.565846084461169,-6.126570672283771,0.5714285714285714,0.8000000000000003,0.7692307692307693,0.7857142857142856,0.7333333333333332,0.6,23288.53565280711
562,2014-11-28,0.03767396695176872,0.039860865603595697,-0.0047713221624517965,0.05197635408077517,-0.04905940972789957,3.4407806831371124,2.410535698568572,1.5256096661101504,0.606716965700449,-1.6906624722943797,-1.061879663275489,0.42857142857142855,0.7000000000000002,0.7692307692307693,0.7857142857142856,0.7333333333333332,0.6,57463.21585415936
563,2014-12-01,0.012525232323232327,0.014848494949494917,-0.012222212121212106,0.08865385597456976,-0.015904463080536724,4.780650852296664,3.83404246127077,3.1106203505611996,2.3448666092379833,-0.05065810334614618,0.7268376558284606,0.42857142857142855,0.6000000000000001,0.7692307692307693,0.7142857142857142,0.7333333333333332,0.6,75067.68686868687
564,2014-12-02,-0.00030146718316825805,0.0045221283384155875,-0.007938910502685026,0.11194701504975724,0.005151384135436254,3.8732665501370445,3.0851186055480095,2.49125772909935,1.9976482508563986,-0.4950301855051187,0.4553311389076553,0.42857142857142855,0.6000000000000001,0.7692307692307693,0.7857142857142856,0.7999999999999998,0.6666666666666669,39195.05990963602
565,2014-12-03,-0.001397474545817512,0.012776991415452077,-0.002196057097225146,0.11369664330853424,0.00673309551793011,2.2844526333879234,2.195324613417249,1.8038888228804062,1.3479242948785108,-1.0767169038833235,0.013967160056238548,0.42857142857142855,0.6000000000000001,0.8461538461538461,0.7857142857142856,0.7999999999999998,0.7333333333333333,69181.47155120783
566,2014-12-04,0.00020070232167568314,0.012039781519811,-0.001605257381463998,0.10061641808768984,-0.00509087279888587,1.906288169687742,2.615052544918961,2.3754545957930917,1.874755204192713,-0.5129416032882195,0.748752689645138,0.42857142857142855,0.6000000000000001,0.8461538461538461,0.7142857142857142,0.7999999999999998,0.6666666666666669,34012.244386741135
567,2014-12-05,0.01042720196828495,0.01194573812457711,-0.0007086454819664745,0.09636999084578779,-0.008929544087109886,1.7455868870786428,3.3544993299259085,3.267486228463823,2.8013239465553896,0.49903627560561326,1.8167395819791432,0.2857142857142857,0.5,0.7692307692307693,0.7142857142857142,0.7333333333333332,0.6666666666666669,36494.24232127194
568,2014-12-08,0.035800566929133915,0.03685041469816275,-0.0005249658792650935,0.0667154290940366,-0.03573604198941349,3.935519506195795,6.701171616487822,6.811658189444381,6.3895877006777235,4.2068432541139344,5.596111111994162,0.2857142857142857,0.39999999999999997,0.6923076923076923,0.6428571428571428,0.6666666666666665,0.6,75506.61154855644
569,2014-12-09,-0.013410152333477754,0.007543227057408952,-0.01728647513734327,0.10857116356956986,0.002099676822169938,2.946958408383482,5.984449132221759,6.273058059670733,5.989316277637657,4.054774697054642,5.417362806517989,0.42857142857142855,0.39999999999999997,0.6923076923076923,0.7142857142857142,0.7333333333333332,0.6666666666666669,68756.46680222526
570,2014-12-10,0.020318287045311356,0.02150075321976197,-0.0029025694335380603,0.07808513391250305,-0.025458224443099753,4.717878977388934,8.117302284180639,8.578801136178637,8.483969632575604,6.7882325944541355,8.083056701322144,0.42857142857142855,0.39999999999999997,0.6153846153846155,0.7142857142857142,0.6666666666666665,0.6666666666666669,72559.74196605274
571,2014-12-11,0.010680742028681856,0.017261829382633875,-0.0017262163830787935,0.10232375646430403,-0.0035475819840936618,4.039574657807599,7.777842915948607,8.45983984885008,8.53420577251831,7.212169961176662,8.409905007405039,0.2857142857142857,0.3000000000000001,0.5384615384615384,0.6428571428571428,0.6666666666666665,0.6666666666666669,50326.97388438938
572,2014-12-12,0.016574585635359185,0.016574585635359185,-0.005966861878453078,0.08011075228890374,-0.023627178040348307,5.029200597631145,9.127072511399902,10.427255628755816,10.77703426445915,9.764537239898852,10.756435057143076,0.14285714285714285,0.2,0.46153846153846156,0.6428571428571428,0.5999999999999999,0.6,114111.70718232045
573,2014-12-15,0.01671309192200554,0.01715878551532035,-0.0040111532033425545,0.09708047389035879,-0.008287339787898862,4.327895970333451,8.748910933075926,10.747318356909119,11.350185735792962,10.625023286387947,11.37350528330292,0.14285714285714285,0.2,0.46153846153846156,0.6428571428571428,0.5333333333333332,0.6,77147.74651810585
574,2014-12-16,-0.0012311731019106764,0.032572242335896284,-0.0021266398982153767,0.10119466684521128,-0.004568232447881848,3.2971947031794846,7.8968023050253855,10.61594897809226,11.458637836637653,11.028766504088306,11.590399046027544,0.14285714285714285,0.09999999999999998,0.3846153846153847,0.5714285714285714,0.5333333333333332,0.5333333333333333,85621.34544984758
575,2014-12-17,-0.003899699164345405,0.004345392757660216,-0.019164356545960937,0.11132512116694215,0.004589196966373388,1.9498619484844104,6.127342658462931,9.476592808392393,10.505377166304086,10.380958815065222,10.717396433524407,0.2857142857142857,0.2,0.3846153846153847,0.5714285714285714,0.5333333333333332,0.5333333333333333,96618.49860724233
576,2014-12-18,0.0021812301847261573,0.0021812301847261573,-0.012433187644602772,0.13016057450267593,0.021615537697208254,-0.7930371974821049,3.1877699831760253,6.622739879987116,7.77504510311029,7.984733119471854,8.109948684194034,0.2857142857142857,0.3000000000000001,0.3846153846153847,0.5714285714285714,0.5999999999999999,0.6,91005.65086690694
577,2014-12-19,-0.0014174790253786984,0.0029441064545208118,-0.009050289052996208,0.10648968574486073,0.0002181489502355305,-1.0187348659507878,2.5974794290180236,6.101538505138304,7.3426409339134135,7.852661218913148,7.82311710800192,0.42857142857142855,0.39999999999999997,0.46153846153846156,0.5714285714285714,0.6666666666666665,0.6,105649.42095355382
578,2014-12-22,0.0015164536395146921,0.005307603986135279,-0.005091009532062318,0.11360647258189771,0.006651603305630971,-1.730021703906015,1.363257065017831,4.89651677435059,6.238381721855424,7.081980741806704,6.829339785904298,0.5714285714285714,0.39999999999999997,0.46153846153846156,0.5714285714285714,0.6666666666666665,0.6666666666666669,49578.72270363952
579,2014-12-23,-0.005454566844919739,0.004705903743315476,-0.009090887700534789,0.12038780228647061,0.012781503876056366,-2.511843300614891,-0.4262814101093859,2.913165501411452,4.535141117687869,5.5836539896951365,5.275784714347975,0.7142857142857143,0.39999999999999997,0.46153846153846156,0.5714285714285714,0.7333333333333332,0.6666666666666669,38011.83422459893
580,2014-12-24,-0.0008536278184630985,0.00277424239464108,-0.0048015791207683955,0.10885123451097112,0.002352818546116575,-2.1355319399595785,-1.113490280796381,2.0496836967414556,4.008151601022836,5.190501071116782,4.879594368159501,0.8571428571428571,0.5,0.5384615384615384,0.6428571428571428,0.7999999999999998,0.6666666666666669,17649.447955074178
581,2014-12-26,-0.0029715164075714284,0.004563313024621207,-0.005412310132262177,0.11226837407273327,0.0054419702647929835,-1.9238759374971437,-1.993614971908808,0.8904144178396134,3.175729298562402,4.512253386078546,4.154869383572568,1.0,0.6000000000000001,0.5384615384615384,0.6428571428571428,0.7999999999999998,0.7333333333333333,33192.2495003741
582,2014-12-29,0.005228876376361935,0.00608259530554478,-0.0012805783937741566,0.10014342367219875,-0.005518561782991593,-0.7759472750343055,-1.567142587246384,0.836424724914897,3.443759314117867,4.902923696901218,4.513321056698127,0.8571428571428571,0.6000000000000001,0.5384615384615384,0.5714285714285714,0.7333333333333332,0.6666666666666669,25508.551013867796
583,2014-12-30,0.010908327504409954,0.0112323257903586,-0.0008639594281870666,0.09302666664085302,-0.011951826267140198,0.5631675364996314,-0.5970938757345667,1.6442274368838827,4.330545730618884,5.976437256649714,5.494587884552793,0.7142857142857143,0.5,0.5384615384615384,0.5,0.6666666666666665,0.6666666666666669,34531.88841269634
584,2014-12-31,0.014858516495777518,0.02228778566904599,-0.0008740522328641864,0.09358370430509488,-0.01144811177651417,1.6996670636919564,0.4377837576365895,2.4327060996631733,5.157548034282744,6.979226939301442,6.382907763928003,0.5714285714285714,0.5,0.5384615384615384,0.5,0.5999999999999999,0.6666666666666669,35518.502190751686
585,2015-01-02,-0.0011972137961649976,0.005333108576396572,-0.013278113189315821,0.11047829611917548,0.0038237776761465003,1.2438574805452962,-0.0077756959721897445,1.6470748551982384,4.360112338106337,6.324762260966632,5.64649555005281,0.5714285714285714,0.6000000000000001,0.5384615384615384,0.5,0.5999999999999999,0.6666666666666669,41007.92602336502
586,2015-01-05,0.038147754086496066,0.038952074445042895,-0.004940836549934935,0.047853582139826045,-0.052786308084897926,5.823941200734195,5.279793609839434,6.592149254583601,9.378956953156269,11.889176745813845,11.010003555099201,0.42857142857142855,0.6000000000000001,0.46153846153846156,0.42857142857142855,0.5333333333333332,0.6666666666666669,129855.37285828304
587,2015-01-06,0.009367387424917606,0.01399328074484485,-0.015034150398587243,0.09913014914726914,-0.006434404677395533,5.3114952471481125,5.6906498461041455,6.555523775042449,9.282317400696005,12.279504322687917,11.245177634081127,0.2857142857142857,0.6000000000000001,0.46153846153846156,0.42857142857142855,0.5333333333333332,0.6666666666666669,100156.27882320715
588,2015-01-07,-0.00501076198635142,0.0037581255838317063,-0.01582963252088887,0.1233913600826968,0.015496634687347743,2.6599614971541063,3.953337625169362,4.334571115238495,6.865063288371753,10.251569652783843,9.107323362404696,0.2857142857142857,0.7000000000000002,0.5384615384615384,0.42857142857142855,0.5333333333333332,0.6666666666666669,74148.87072428815
589,2015-01-08,0.00529817388454723,0.0064254312526821344,-0.009807270993205552,0.11758663116929613,0.010249495328561009,0.8132344698039917,2.814939268103789,2.924981093287804,5.093229577064906,8.805566426765111,7.581996562918669,0.42857142857142855,0.7000000000000002,0.6153846153846155,0.5,0.5333333333333332,0.6666666666666669,85872.07052049454
590,2015-01-09,0.012664004274637763,0.014147141719403455,-0.007187735146885643,0.09302957163068437,-0.011949013968880151,1.2272747846101772,3.729104087717805,3.745944493877773,5.836510274014128,9.738120673718441,8.413968544087558,0.42857142857142855,0.6000000000000001,0.5384615384615384,0.5,0.46666666666666656,0.6,55413.71636247082
591,2015-01-12,0.009667441704079183,0.010127724825960804,-0.009437208072703651,0.09665599683096837,-0.008670902770281264,1.3498144808543167,4.240165717770683,4.317436821809273,6.26447930053291,10.278174701379639,8.888404296138773,0.42857142857142855,0.5,0.5384615384615384,0.5,0.46666666666666656,0.5333333333333333,50080.713086450836
592,2015-01-13,0.015167268200743322,0.017714472002507753,-0.013546439265493593,0.09962778931076266,-0.005984447441574892,1.0486306976226878,4.375672987452739,4.597032958688851,6.360899620318827,10.496621699087205,9.023943575806115,0.2857142857142857,0.39999999999999997,0.5384615384615384,0.42857142857142855,0.3999999999999999,0.4666666666666667,58793.7183468316
593,2015-01-14,-0.013709782734983023,0.0017427791332635945,-0.020913245033112426,0.10240556113461308,-0.003473723855412003,1.2415305527871734,4.122900834792542,4.716546357329743,6.146168295557941,10.413736195952561,8.727456907537224,0.2857142857142857,0.3000000000000001,0.5384615384615384,0.35714285714285715,0.33333333333333337,0.4,120426.55896363426
594,2015-01-15,0.020279874288425148,0.021940203984819995,-0.0002371560721061705,0.08375580251815129,-0.01229934306944136,2.2571277000397627,4.687774337798278,5.755096618048938,6.852127754796378,11.33778210252785,9.37732486782461,0.2857142857142857,0.2,0.5384615384615384,0.35714285714285715,0.33333333333333337,0.4,79267.26375711575
595,2015-01-16,0.004531325965521971,0.005485320707306007,-0.009658931437408369,0.09126533202723297,-0.005455389663244992,2.2668068421247467,4.444019910113872,6.065279446275484,6.837046441203176,11.47561355416018,9.244236750976654,0.14285714285714285,0.09999999999999998,0.5384615384615384,0.35714285714285715,0.2666666666666667,0.33333333333333315,124310.94700319644
596,2015-01-20,0.0053590210151361894,0.006311766031776189,-0.009289019777432017,0.09869054066970384,0.001311807966114742,1.4491605821534081,3.5434935063327844,5.639937713529508,6.25026590545561,10.850292895530234,8.387950610261697,0.14285714285714285,0.2,0.5384615384615384,0.42857142857142855,0.33333333333333337,0.33333333333333315,70706.39465633685
597,2015-01-21,-0.020850497100251886,0.0003513997768045396,-0.020850497100251886,0.11554523666447514,0.016672546244522968,-0.4767641863604344,1.3043834445588098,3.596603358905881,4.118636464580794,8.590666722208296,6.128150794424925,0.2857142857142857,0.3000000000000001,0.5384615384615384,0.42857142857142855,0.3999999999999999,0.33333333333333315,77462.97759878257
598,2015-01-22,-0.008868889656761025,0.006219776549182265,-0.01601013591338385,0.11588791626928208,0.01698482432277837,-2.0341591765523193,-0.7137755630267417,1.639123012335908,2.155811637509286,6.402570781994665,3.9813547514436776,0.42857142857142855,0.39999999999999997,0.5384615384615384,0.5,0.46666666666666656,0.4,64129.38470398526
599,2015-01-23,0.013783436353423273,0.0162364091083238,-0.004789206812414348,0.08195904778100949,-0.013936835532318392,-0.6591360543938607,0.2287281897352056,2.7442028983384548,3.3357519050245976,7.471201678857087,5.014120149771228,0.42857142857142855,0.3000000000000001,0.46153846153846156,0.5,0.3999999999999999,0.33333333333333315,58724.615480368935
600,2015-01-26,-0.007787957779704313,0.002673520895891235,-0.013134918204520729,0.10263431298563086,0.0049060626816148645,-1.0345303063440392,-0.28485830191553596,1.8712087940829347,2.67624452314148,6.405335477714935,4.058552707066565,0.5714285714285714,0.39999999999999997,0.46153846153846156,0.5714285714285714,0.3999999999999999,0.33333333333333315,94622.9694830172
601,2015-01-27,-0.0013775830025694047,0.018785222762309983,-0.009392611381154992,0.01842963579552337,-0.07183550053719778,5.825211014107379,6.903343556114772,8.973863805568838,10.212748596705069,13.887753096262955,11.432005405884738,0.5714285714285714,0.39999999999999997,0.3846153846153847,0.5714285714285714,0.3999999999999999,0.33333333333333315,344263.254083012
602,2015-01-28,0.004874390579317822,0.014873077993423856,-0.0006249593644555018,0.09944990679067023,0.0020038954686862898,4.92616041974121,6.05696381441323,7.955216973038448,9.608303543472974,12.905145877016967,10.5675692418842,0.7142857142857143,0.39999999999999997,0.3846153846153847,0.6428571428571428,0.46666666666666656,0.33333333333333315,178342.95254733277
603,2015-01-29,-0.0011249500000000134,0.0022500000000000853,-0.014875025000000042,0.09711396354951307,-0.0001249338525992627,4.230343647330548,5.35695468348667,7.198001029086942,9.219318243478437,12.177301071312762,10.06440908713615,0.5714285714285714,0.3000000000000001,0.3846153846153847,0.5714285714285714,0.46666666666666656,0.33333333333333315,114461.5
604,2015-01-30,-0.005752144482279009,0.010628973232099881,-0.006877616520224783,0.09683959192300895,-0.0003751364174509053,3.304811858612844,4.774191725103405,6.531598446406206,8.770198823704556,11.629539809449119,9.580384790484441,0.42857142857142855,0.3000000000000001,0.3846153846153847,0.5,0.3999999999999999,0.33333333333333315,101920.96946452458
605,2015-02-02,-0.009401212736329212,0.0004948169467995367,-0.016699629722891074,0.10918822538189943,0.010879004819370985,1.1362922342440518,3.174493006086654,4.799264395669489,7.152348537048159,9.917044457907288,7.997346772416125,0.42857142857142855,0.39999999999999997,0.46153846153846156,0.5,0.46666666666666656,0.4,88432.94796803306
606,2015-02-03,-0.03217346358850026,0.002264096812776284,-0.03300757943297383,0.13905647058539294,0.03809985179371056,-2.8632551062058753,-0.7609148074518624,0.543694871549838,2.8941627914980783,5.46356726622983,3.7607601156280257,0.5714285714285714,0.5,0.46153846153846156,0.5,0.5333333333333332,0.4,129828.60271281225
607,2015-02-04,0.010128151682543773,0.016717547896920593,-0.0035386578476628294,0.07149365488761039,-0.023474838229294526,-1.2394098804910159,1.326616556393656,2.706622547968962,4.897434672292267,7.492843581269848,5.982650343132345,0.42857142857142855,0.5,0.46153846153846156,0.42857142857142855,0.5333333333333332,0.33333333333333315,107460.87092599894
608,2015-02-05,-0.0140002153882971,0.0007179250927367153,-0.02034219217422517,0.11894212905485135,0.019768374828608826,-2.51799158938224,-0.7017198343817865,0.5904647518583328,2.46278727860636,4.973474582232229,3.7418292773307105,0.5714285714285714,0.6000000000000001,0.5384615384615384,0.42857142857142855,0.5999999999999999,0.4,79455.74285030513
609,2015-02-06,0.00468692470480625,0.011176541415413466,-0.0049272443808104915,0.09252454024686618,-0.004307495676906248,-1.5468853617849554,-0.3279374489605913,0.8032558812465451,2.4659625018257803,5.005075255839242,4.005096690853738,0.42857142857142855,0.6000000000000001,0.46153846153846156,0.35714285714285715,0.5999999999999999,0.4,67076.27517218214
610,2015-02-09,-0.019133046395017117,0.0023621708364749416,-0.02031417315021089,0.11650326097551633,0.017545650703443272,-2.4565932780699407,-1.987541905496859,-1.121542980674417,0.3499657554439928,2.9187315299317174,2.0649347131866724,0.5714285714285714,0.6000000000000001,0.46153846153846156,0.42857142857142855,0.5999999999999999,0.4666666666666667,90867.07820640317
611,2015-02-10,0.013110822095093733,0.013110822095093733,-0.005244374130050744,0.08727277910933062,-0.00909409704200903,-0.8922197847600399,-1.2131760547236303,-0.38646012767178384,0.9330752993695457,3.5575332471102783,2.7617545619762707,0.5714285714285714,0.5,0.46153846153846156,0.42857142857142855,0.5333333333333332,0.4,78295.7800167633
612,2015-02-11,0.0017982735020609653,0.0031170601550385424,-0.014027166333669072,0.09084305371748536,-0.005840201583496962,0.13015770136111104,-0.9248680813728094,0.040390151247238215,1.2102012129223239,3.9131592673562476,3.106669315564714,0.42857142857142855,0.39999999999999997,0.46153846153846156,0.42857142857142855,0.46666666666666656,0.4,68607.07727571864
613,2015-02-12,0.006584496666879991,0.00861966968298411,-0.0026337962724027886,0.09882974564912828,0.0014386211232229051,-0.08038245841868186,-1.245060753266125,-0.2251829900669411,0.7397424645092743,3.5242717988997363,2.683570964917048,0.42857142857142855,0.5,0.5384615384615384,0.42857142857142855,0.46666666666666656,0.4666666666666667,55344.38555423663
614,2015-02-13,-0.011981628520438048,0.004228838396411527,-0.012921391269401727,0.11826881262717737,0.019154606875560587,-1.4246936424691214,-3.1766373551333493,-2.113836382112233,-1.203637002468405,1.4489688412521406,0.4982801208462506,0.5714285714285714,0.5,0.6153846153846155,0.5,0.46666666666666656,0.5333333333333333,66315.22458532448
615,2015-02-17,-0.00609037266656276,0.002342527606319589,-0.013820567363102665,0.10047367543913577,0.002936710387876351,-1.4104872508202915,-2.997510238415302,-2.3413390827059732,-1.509102092000525,1.0504057741540507,-0.049571801155157136,0.5714285714285714,0.6000000000000001,0.6923076923076923,0.5714285714285714,0.46666666666666656,0.6,45962.927593016895
616,2015-02-18,0.001415035327298364,0.011910317974870743,-0.0025943513233132043,0.08979763872217439,-0.006792973180415163,-0.4683367935286564,-1.9305984180857827,-1.6206236914938277,-0.9321717794441353,1.6344634869715602,0.34213087199332914,0.5714285714285714,0.5,0.6923076923076923,0.5,0.3999999999999999,0.6,42081.545681042015
617,2015-02-19,0.006122388735087858,0.008403325027491304,-0.013085281641586621,0.07784231245172446,-0.017688750335046577,1.0890065566531382,0.11833330959500898,0.11261932950279441,0.6507521461804888,3.301127449617325,1.818103177934205,0.42857142857142855,0.5,0.6153846153846155,0.42857142857142855,0.3999999999999999,0.5333333333333333,68828.5293338705
618,2015-02-20,-0.01350069840121515,0.002131702933877211,-0.024159165699688234,0.11226770791992946,0.013685621333420661,-0.18442127807606346,-0.8552277763600014,-1.291432401845094,-0.8137371098889679,1.7230732537306448,0.19318588417807092,0.5714285714285714,0.6000000000000001,0.6153846153846155,0.5,0.46666666666666656,0.5333333333333333,71403.5459165195
619,2015-02-23,0.004910815784185285,0.005869026371278618,-0.0041921069395641775,0.08490636747142655,-0.011250774274134123,0.9650462699934081,0.4996365795033597,-0.3581766530179942,0.19967057377354713,2.66741339760479,1.0835977762899018,0.5714285714285714,0.5,0.5384615384615384,0.5,0.46666666666666656,0.4666666666666667,62042.35997229273
620,2015-02-24,-0.008639088757396385,0.0022485443786983694,-0.010650911242603534,0.11052505177609473,0.012097415940941714,-0.07777961689724444,-0.6525878480045599,-1.6117296111883284,-1.0473456988300378,1.2410608287666935,-0.34890445807779225,0.5714285714285714,0.5,0.6153846153846155,0.5714285714285714,0.46666666666666656,0.4666666666666667,43533.91124260355
621,2015-02-25,-0.007398766708190951,0.002466224252114513,-0.011509148291035776,0.10569156766258292,0.007692340854563717,-0.8371883318090245,-1.1425320266438832,-2.4120010621579757,-1.8119393788687987,0.25600678942649946,-1.1489345204790724,0.5714285714285714,0.6000000000000001,0.6153846153846155,0.6428571428571428,0.5333333333333332,0.4666666666666667,40509.862231101295
622,2015-02-26,0.015513066270415266,0.015513066270415266,-0.0028640213771831124,0.0798549205945851,-0.015854370100545023,0.4909579559768895,0.46964554604871367,-0.6154218837635228,-0.2523123402679017,1.610915888474307,0.3764787888014709,0.42857142857142855,0.5,0.6153846153846155,0.6428571428571428,0.5333333333333332,0.4,53185.15561386078
623,2015-02-27,0.015440265007472531,0.015440265007472531,-0.00012066344702854614,0.08546681350278251,-0.010739914786012661,1.2545228308500134,1.533683817505449,0.6295538629869535,0.7892420560078772,2.410660224790706,1.3216078560869482,0.42857142857142855,0.5,0.5384615384615384,0.6428571428571428,0.46666666666666656,0.33333333333333315,52719.143480816805
624,2015-03-02,-0.0012047951807229174,0.0008433734939758963,-0.009156650602409666,0.09857475543773653,0.0012062218456301288,1.0809001063427415,1.2676419725525134,0.6804348214609623,0.6260756862744632,2.0019131138562907,1.0278163384258132,0.5714285714285714,0.5,0.6153846153846155,0.6428571428571428,0.46666666666666656,0.4,50059.24096385542
625,2015-03-03,-0.001569254059355596,0.011467950819312067,-0.002293505663616857,0.09513599106969695,-0.0019278307462219368,1.0002210208012174,1.371847083093658,1.0398805481272921,0.7113656931809764,1.9403481913784493,1.0816460860890054,0.42857142857142855,0.5,0.6153846153846155,0.5714285714285714,0.46666666666666656,0.4,52288.95906759822
626,2015-03-04,0.010277706707046086,0.010767135295467911,-0.011011880178200983,0.08254897212687484,-0.013399142453823343,2.064285945105282,2.601765250051069,2.4639704176797173,1.8567168315590576,3.0610051319891696,2.298766892882176,0.42857142857142855,0.5,0.5384615384615384,0.5,0.46666666666666656,0.4,83977.95201349742
627,2015-03-05,0.002699067532840882,0.002699067532840882,-0.017789276952784316,0.09429761406474868,-0.002691776054918882,1.8157243890517094,2.7016762723208965,2.5997311021561442,1.9519877519718731,3.058085521328735,2.4291415657030857,0.2857142857142857,0.39999999999999997,0.46153846153846156,0.5,0.46666666666666656,0.33333333333333315,87393.1826182264
628,2015-03-06,0.003872158477945531,0.014364239679346413,-0.006370160039224415,0.0777318635633426,-0.017789374277022096,2.751516726433345,4.109426204763111,4.345558241079961,3.5321793996524242,4.738393996066637,4.094793263557572,0.14285714285714285,0.3000000000000001,0.46153846153846156,0.42857142857142855,0.46666666666666656,0.33333333333333315,98847.36619656174
629,2015-03-09,-0.007919812100477763,0.006558569646295531,-0.008786041548967671,0.10753029892409338,0.009367957756564849,1.269298863194157,2.7392400049045085,3.2144863979129745,2.6137231785728465,3.6202716309236216,3.0045873104749488,0.2857142857142857,0.3000000000000001,0.46153846153846156,0.5,0.5333333333333332,0.4,58661.29572236842
630,2015-03-10,0.0013764609497455282,0.010636941026808122,-0.0021274682954589563,0.085031030242954,-0.011137094132255498,1.875317131715093,3.459244707590825,4.18029148490191,3.764943380196062,4.573192384483349,4.023449071659058,0.2857142857142857,0.3000000000000001,0.46153846153846156,0.42857142857142855,0.5333333333333332,0.33333333333333315,60698.5339407066
631,2015-03-11,0.005646236097098134,0.005646236097098134,-0.005520640107426811,0.09436759597473743,-0.0026280064798647196,1.5522478078257018,3.409214611118405,4.157852853812449,4.024913021108167,4.601124383882427,4.144469457056443,0.14285714285714285,0.3000000000000001,0.3846153846153847,0.42857142857142855,0.46666666666666656,0.2666666666666667,57868.512843268996
632,2015-03-12,0.00099756825046593,0.0036164234040048093,-0.004863436716213143,0.1039972090995307,0.006148172557003617,0.45961280330582,2.398756884276665,3.3010761880468475,3.3990565196573064,3.7616161544843374,3.3235225992851447,0.2857142857142857,0.3000000000000001,0.46153846153846156,0.5,0.46666666666666656,0.33333333333333315,45048.25688865801
633,2015-03-13,0.008456379838834627,0.00858261989463771,-0.013126353156896808,0.08411531801111605,-0.011971599162668323,1.2260804506877276,3.255434946322877,4.301512280367126,4.579334184589112,4.809904346605531,4.301752697880379,0.2857142857142857,0.3000000000000001,0.46153846153846156,0.42857142857142855,0.3999999999999999,0.33333333333333315,91791.24693453565
634,2015-03-16,-0.0050018881455310416,0.0003751281683741503,-0.011379304596982553,0.10749935346246509,0.009339832620108623,0.014290393857518957,1.8953539935350872,3.124383793817076,3.4352142017058274,3.6704213255772666,3.135102092305675,0.42857142857142855,0.3000000000000001,0.46153846153846156,0.42857142857142855,0.46666666666666656,0.4,44997.123733923676
635,2015-03-17,0.011472288520291585,0.011472288520291585,-0.002549356375373679,0.07639556233581879,-0.01900729405176782,1.6589429880009998,3.2595990793901963,4.717002740355758,5.2799937866579105,5.469073304567251,4.857339916817627,0.42857142857142855,0.2,0.3846153846153847,0.42857142857142855,0.3999999999999999,0.4,88971.59741131667
636,2015-03-18,-0.037870428184669125,0.001352514414053596,-0.037870428184669125,0.13753291509383447,0.03671159760724496,-1.8496188094813903,-0.6139155366552629,0.7716804924776666,1.4534986726897126,1.6467142241314292,1.19616893074459,0.42857142857142855,0.3000000000000001,0.3846153846153847,0.42857142857142855,0.46666666666666656,0.4666666666666667,149443.23584300416
637,2015-03-19,0.005119291053529373,0.005119291053529373,-0.006617530608941546,0.08052172702107341,-0.015246622384566089,-0.29788089727896816,0.6742366929957555,2.0518543754915797,2.8851409633252834,3.1084017982100587,2.765810726541984,0.42857142857142855,0.3000000000000001,0.3846153846153847,0.42857142857142855,0.3999999999999999,0.4666666666666667,65377.95194800609
638,2015-03-20,-0.007020556545866419,0.0007389826151253942,-0.012316787478339974,0.11232143175917786,0.013734614251553978,-1.3865247199251418,-0.848988783204907,0.5454481931203903,1.3381191561854244,1.6299092122757042,1.4153619989987432,0.5714285714285714,0.3000000000000001,0.46153846153846156,0.42857142857142855,0.46666666666666656,0.4666666666666667,101201.11599452847
639,2015-03-23,0.0012332717342840027,0.01023556592603625,-0.0008632260877161624,0.09589956905021069,-0.0012317214409931498,-1.1063570993569916,-0.880859939466383,0.4727204579083155,1.3393336717840487,1.629574827677449,1.5798940215424384,0.42857142857142855,0.3000000000000001,0.3846153846153847,0.42857142857142855,0.46666666666666656,0.4,58008.62180340963
640,2015-03-24,0.008325036966015054,0.008946247181427225,-0.00347919967150101,0.0889970933873021,-0.007522469055089243,-0.13491069877599182,-0.24052890696758533,1.056154944090637,1.9774105184733992,2.2123101121007682,2.3370373874266104,0.42857142857142855,0.3000000000000001,0.3846153846153847,0.42857142857142855,0.3999999999999999,0.33333333333333315,49436.12539374533
641,2015-03-25,0.014650613390300382,0.014775857566042383,-0.0003756448738336804,0.08879812571844359,-0.0077039760532038315,0.6207419290592542,0.3864016751299326,1.5640581171751489,2.6050147446849525,2.834433721217211,2.9863064638179004,0.2857142857142857,0.3000000000000001,0.3076923076923077,0.35714285714285715,0.33333333333333337,0.33333333333333315,60141.74905906901
642,2015-03-26,-0.0030044818354212355,0.011517351459089387,-0.004631885501948707,0.09752606239784889,0.0002504332535129272,0.8512910790648087,0.3451722340275909,1.2244668087314947,2.344598785011387,2.62537592384553,2.8864825755280377,0.42857142857142855,0.39999999999999997,0.3076923076923077,0.35714285714285715,0.3999999999999999,0.33333333333333315,53059.84325466362
643,2015-03-27,-0.002635860490419639,0.002635860490419528,-0.011422066309076717,0.09436667630722195,-0.0026288976683340737,0.8194583468878136,0.5074578054809153,1.244424672799549,2.358395350505149,2.890499303471006,3.0178108676637505,0.2857142857142857,0.3000000000000001,0.3076923076923077,0.28571428571428575,0.33333333333333337,0.33333333333333315,79538.35181471951
644,2015-03-30,-0.016713788249460904,0.0018433574348031279,-0.016836708240013154,0.1206644750930781,0.0213381008788327,-1.0621691529034138,-1.464211758816636,-0.9603422247806748,0.06934634569191189,0.7806747851438534,0.8009235087285127,0.42857142857142855,0.39999999999999997,0.3846153846153847,0.35714285714285715,0.3999999999999999,0.33333333333333315,56791.42754851564
645,2015-03-31,0.0059977884043207474,0.007747132422180725,-0.0027489816662376043,0.07918164722874366,-0.016468139538148407,0.38736531475216385,0.21511207160871404,0.5212459357457622,1.5989678194694434,2.4690261873809405,2.3230697819853763,0.2857142857142857,0.39999999999999997,0.3076923076923077,0.35714285714285715,0.33333333333333337,0.33333333333333315,60583.78146426067
646,2015-04-01,0.004897036726482229,0.01104969878264317,-0.003139126106719292,0.09190424016146159,-0.004873027192666246,0.6188514025021741,0.6565246839938643,0.822150966677726,1.881232173641556,2.960939917109462,2.6713041937903803,0.2857142857142857,0.3000000000000001,0.3076923076923077,0.28571428571428575,0.33333333333333337,0.33333333333333315,55827.72998278164
647,2015-04-02,-0.007976071983451405,0.003240304168502073,-0.01046854462783009,0.10551774473823361,0.00753391624228672,-0.17626423517984602,-0.006234062003285246,-0.020180086394494534,0.9747522071215764,2.173237668924788,1.790695552672461,0.42857142857142855,0.39999999999999997,0.3846153846153847,0.35714285714285715,0.3999999999999999,0.33333333333333315,44307.326129320194
648,2015-04-06,-0.013989446901201297,0.00625846131447938,-0.0185298200645434,0.11434441628582737,0.015578204396315076,-1.4217348779902328,-1.4068305310204532,-1.5549643213559339,-0.7060427401007541,0.5349784416698755,0.15777796888900575,0.5714285714285714,0.39999999999999997,0.46153846153846156,0.35714285714285715,0.3999999999999999,0.33333333333333315,55164.05228040379
649,2015-04-07,0.00844300957979871,0.011050397180899063,-0.00049666003853166,0.08445963836920489,-0.011657967897436783,-0.1418904530943177,-0.05852062321448637,-0.36537826260681916,0.26075255327457914,1.6791540946356154,1.1763577223268484,0.42857142857142855,0.39999999999999997,0.46153846153846156,0.28571428571428575,0.33333333333333337,0.33333333333333315,43782.212766535726
650,2015-04-08,0.004972575709284444,0.00994525087157494,-0.00646449511525371,0.09588900492027452,-0.001241458019523023,0.11898241852597025,-0.013323666761244635,-0.26343498539442844,0.2361970619059628,1.7128963811484654,1.1266571806833436,0.42857142857142855,0.3000000000000001,0.3846153846153847,0.28571428571428575,0.2666666666666667,0.2666666666666667,52164.587962068916
651,2015-04-09,-0.002231036192364977,0.006569149727317702,-0.004957870599900827,0.10052491682941178,0.0029834619395636697,-0.3010077649822751,-0.2585091910922932,-0.5146636969876051,-0.1602365575591902,1.3356787122165148,0.6799441147114393,0.42857142857142855,0.39999999999999997,0.46153846153846156,0.35714285714285715,0.33333333333333337,0.33333333333333315,53195.57907783837
652,2015-04-10,-0.01815980673510431,0.0024213680973697027,-0.022518160351529315,0.12336336086389643,0.023797895774453792,-2.173997194172139,-2.4550423556581213,-2.6599865795801314,-2.4982786422346637,-1.079508336866053,-1.6845456923964885,0.5714285714285714,0.39999999999999997,0.5384615384615384,0.35714285714285715,0.3999999999999999,0.33333333333333315,82709.65575570596
653,2015-04-13,0.005600182683225929,0.00572196257270452,-0.006574153963649354,0.09114050752248004,-0.005569080791822056,-1.1913476767755338,-1.8174572689042212,-2.001809357015183,-1.982678085078915,-0.5765430912420655,-1.2139556925812367,0.5714285714285714,0.39999999999999997,0.46153846153846156,0.35714285714285715,0.33333333333333337,0.33333333333333315,64448.72077489312
654,2015-04-14,-0.005421650602409622,0.002891542168674599,-0.0175903493975903,0.10873934399633334,0.010469905775189359,-1.7401035257476938,-2.6179014856876015,-2.800916695169686,-2.9436300496431644,-1.6184730068990127,-2.2543868755608765,0.5714285714285714,0.5,0.5384615384615384,0.42857142857142855,0.3999999999999999,0.4,71067.67469879518
655,2015-04-15,-0.021958700236791917,0.0066932711745761875,-0.025364066446027844,0.12580625160869596,0.026024247665730416,-3.6167336633370573,-4.643374178153903,-4.976079658655397,-5.252310325786135,-4.068265398085503,-4.711479266261087,0.5714285714285714,0.6000000000000001,0.5384615384615384,0.5,0.3999999999999999,0.4,113242.30139768429
656,2015-04-16,0.0007114773873122537,0.00663986277637485,-0.004031254637479442,0.08668565587879629,-0.0014207571684310416,-2.7238091509767526,-4.074370036897356,-4.4719175924463395,-4.9083985408698405,-3.934322600167295,-4.579633778159042,0.5714285714285714,0.5,0.5384615384615384,0.5,0.33333333333333337,0.33333333333333315,67491.29630032233
657,2015-04-17,0.0026417027214420408,0.003722346346329841,-0.007444704700344751,0.07455471815782921,-0.012568406576104585,-0.8850515520824165,-2.4875974192741235,-3.1062752243477765,-3.5636254307440662,-2.7515356054821027,-3.3592955036141903,0.5714285714285714,0.5,0.46153846153846156,0.42857142857142855,0.33333333333333337,0.2666666666666667,63807.83842229633
658,2015-04-20,-0.007565000178841652,0.0017730733279686106,-0.008510650319400681,0.10548068326652671,0.01585041115911423,-1.6576241716618867,-3.6799083471415472,-4.327205594219974,-4.842611289391918,-4.254923720988213,-4.786762901418329,0.5714285714285714,0.5,0.5384615384615384,0.5,0.3999999999999999,0.33333333333333315,46270.86870619075
659,2015-04-21,0.00881799353713042,0.012511952157100659,-0.003693958619970572,0.07948474565945696,-0.008037968124095851,-0.5204636372706961,-2.5123266618877316,-3.3591814911022255,-3.8640680981850584,-3.4420746103398514,-3.960690188547733,0.42857142857142855,0.5,0.46153846153846156,0.5,0.33333333333333337,0.33333333333333315,66978.26756385289
660,2015-04-22,-0.008719288015107018,0.0008247790447233339,-0.020973334948509392,0.10055110156058178,0.011320348369603161,-1.0608246986909764,-3.108303460153572,-4.191455453254389,-4.7155008855070735,-4.4913734088475765,-4.944455020228123,0.5714285714285714,0.6000000000000001,0.5384615384615384,0.5,0.3999999999999999,0.33333333333333315,76830.62212212954
661,2015-04-23,0.02429528217601984,0.03196130402215691,-0.011086248247597075,0.0872061241747093,-0.0009425701290898258,-0.5509449432499092,-2.5780270741111555,-3.821856871538365,-4.363980080338948,-4.345488637184081,-4.7290241831104085,0.42857142857142855,0.5,0.5384615384615384,0.5,0.3999999999999999,0.33333333333333315,223110.2133139378
662,2015-04-24,0.0011820213045394823,0.00673758881176334,-0.006855803944581629,0.08579327763547395,-0.0022407770522128168,-0.3039597504040259,-2.0400995148094236,-3.302107114495645,-3.9259916972030684,-4.108304272457475,-4.38807931788161,0.2857142857142857,0.39999999999999997,0.5384615384615384,0.42857142857142855,0.3999999999999999,0.2666666666666667,69125.47917556688
663,2015-04-27,-0.006562814799887073,0.00714871657919347,-0.010898862981392976,0.09762199358120749,0.008628674745539966,-0.9911040174805597,-2.4217500117880597,-3.788559902117139,-4.432943329586491,-4.904091982547653,-5.007532842215334,0.42857142857142855,0.5,0.5384615384615384,0.5,0.46666666666666656,0.2666666666666667,69282.95478064094
664,2015-04-28,-0.009048712611903986,0.00023206497327366016,-0.019721543609798498,0.09932722829205187,0.01019580128147135,-1.5064635093706924,-2.8745115535994126,-4.362700769071304,-5.1680205480684975,-5.778567923168687,-5.7656103651615,0.5714285714285714,0.6000000000000001,0.6153846153846155,0.5,0.46666666666666656,0.33333333333333315,66547.72621399279
665,2015-04-29,-0.02068569142857135,0.004799977142857292,-0.023314297142857154,0.1046437202077588,0.015081063174763765,-2.4963159614896258,-3.7066334052738403,-5.413579436066939,-6.247620447425961,-7.034704024848271,-6.8963664419526065,0.5714285714285714,0.6000000000000001,0.6153846153846155,0.5714285714285714,0.5333333333333332,0.4,80248.14285714286
666,2015-04-30,-0.00034529236919755846,0.004834323371351035,-0.007481514991304672,0.08052108578891226,-0.007085634171938304,-1.31379617024312,-2.611763268312084,-4.3270858162605785,-5.317248892762116,-6.246256391893834,-5.974293841597467,0.5714285714285714,0.5,0.6153846153846155,0.5,0.5333333333333332,0.33333333333333315,62845.45705040712
667,2015-05-01,0.003662572839788103,0.010415428279200167,-0.006981812739550897,0.0943695621126539,0.005639967432204296,-1.4584914633196666,-2.675176453305095,-4.406666374402701,-5.5643073221637085,-6.630053504650646,-6.245268733785759,0.5714285714285714,0.6000000000000001,0.6923076923076923,0.5714285714285714,0.5333333333333332,0.4,55511.18763263634
668,2015-05-04,0.004925543931538989,0.0075600913782327694,-0.001489175206557558,0.08736008833598485,-0.0008012710130460565,-0.9687371633341435,-2.1894847151223917,-3.908934519805529,-5.182510266202966,-6.384944855102292,-5.884657652490565,0.5714285714285714,0.5,0.6153846153846155,0.5714285714285714,0.5333333333333332,0.4,31551.11804517349
669,2015-05-05,0.0065517241379309255,0.014022999999999897,-0.003448310344827621,0.08449239080872517,-0.003436282700141291,-0.23317663854739434,-1.6436826498169133,-3.2393489002619846,-4.535515694120762,-5.893565385537092,-5.3076775101031926,0.5714285714285714,0.39999999999999997,0.5384615384615384,0.5714285714285714,0.46666666666666656,0.4,53144.97701149425
670,2015-05-06,0.008736659587002205,0.010920841727114494,-0.006552477446889804,0.08810675399473045,-0.0001149022746522732,0.05089936132642858,-1.4147851811123546,-2.8389102159585344,-4.205681924020011,-5.675061682434713,-4.995123446159622,0.42857142857142855,0.39999999999999997,0.5384615384615384,0.5,0.46666666666666656,0.4,51323.29132829731
671,2015-05-07,0.002545435612634428,0.005206490801804797,-0.006247842184426755,0.08122630353008464,-0.006437706227998663,0.7371849662414443,-0.5156836761241457,-1.8429116922387023,-3.2785956607596645,-4.890773915823276,-4.1888558439756585,0.2857142857142857,0.39999999999999997,0.5384615384615384,0.5,0.3999999999999999,0.33333333333333315,45038.916695591804
672,2015-05-08,0.005383129203599513,0.0060703013645699855,-0.006986611086624905,0.09931199385422751,0.010181699241250675,-0.30924006712386154,-1.2966890099443185,-2.434472803268639,-3.9831222855007176,-5.629676172848996,-4.896732542784199,0.2857142857142857,0.39999999999999997,0.5384615384615384,0.5,0.46666666666666656,0.4,40969.107455505844
673,2015-05-11,-0.004168018615569036,0.007547651488599261,-0.007660257102408141,0.10642937318436907,0.016721878869449425,-1.6446853024250863,-2.529795212048358,-3.671720069035489,-5.18420087442103,-6.92092841295755,-6.195433943395856,0.42857142857142855,0.5,0.5384615384615384,0.5714285714285714,0.46666666666666656,0.4666666666666667,77531.95294129614
674,2015-05-12,0.0003402676796613324,0.002041651450015891,-0.01020873365659103,0.08075417906512072,-0.0068713700311636705,-0.8361574275103645,-1.5888458098345493,-2.643596686797911,-4.156506962435003,-6.043873367445574,-5.2956773445553385,0.2857142857142857,0.39999999999999997,0.5384615384615384,0.5714285714285714,0.46666666666666656,0.4,46124.22476745804
675,2015-05-13,0.001695997247942005,0.0071234507660908886,-0.0026006670601388393,0.09168806942227481,0.0031758938294617067,-0.9659489295290813,-1.6056080155802066,-2.6221689821156136,-4.102160840356639,-6.075841933063309,-5.316968943940415,0.42857142857142855,0.5,0.5384615384615384,0.5714285714285714,0.5333333333333332,0.4666666666666667,35936.3578485446
676,2015-05-14,0.0004507662936841239,0.00957852173943019,-0.0010141537303167691,0.09192333551209408,0.0033919884276303325,-1.0206265599878805,-1.60499753917962,-2.721687411087237,-4.107604269178056,-6.140413099626041,-5.330004401507948,0.5714285714285714,0.6000000000000001,0.5384615384615384,0.5714285714285714,0.5999999999999999,0.4666666666666667,36379.43805229745
677,2015-05-15,0.0007915865656451526,0.001470066719438945,-0.009385977609408624,0.08443051241395794,-0.0034931710493230073,-0.44103409838150975,-1.0096818058186185,-2.160442598243839,-3.4260695974970057,-5.525324752949256,-4.70068412183754,0.5714285714285714,0.5,0.5384615384615384,0.5714285714285714,0.5333333333333332,0.4666666666666667,36242.35632703833
678,2015-05-18,0.0011326084365996802,0.0023785139610543737,-0.007248827644706912,0.08650904536921589,-0.0015832463432862154,0.017799124464112914,-0.6836222257337043,-1.7350789959573398,-2.9286392557637764,-5.169789786896228,-4.249419232361684,0.5714285714285714,0.39999999999999997,0.5384615384615384,0.5714285714285714,0.5333333333333332,0.4,34820.61020702673
679,2015-05-19,0.007450722316614478,0.007680032271435877,-0.008367675570097988,0.07529001123224521,-0.011892702866610483,1.2101337199799111,0.49044600487297974,-0.40827745759436374,-1.4646014736341972,-3.8153239538034622,-2.882830928739011,0.42857142857142855,0.3000000000000001,0.46153846153846156,0.5,0.46666666666666656,0.4,65070.06980905708
680,2015-05-20,-0.0034118389628113865,0.002274502445126725,-0.009098180370749498,0.09683911872413398,0.007909216698075205,0.27945115318341873,-0.21282343793185277,-0.972625205076616,-1.993759989593602,-4.369524743885367,-3.366851013835759,0.42857142857142855,0.39999999999999997,0.5384615384615384,0.5,0.5333333333333332,0.4,43687.16103718867
681,2015-05-21,-0.012313880839272762,0.0032464009124280047,-0.015560281751700655,0.10555864552843852,0.015921863428523197,-1.105056541211824,-1.6199988597502601,-2.286866404358179,-3.215294962351567,-5.630887084599534,-4.550453649544051,0.5714285714285714,0.39999999999999997,0.5384615384615384,0.5714285714285714,0.5999999999999999,0.4666666666666667,91295.31498273111
682,2015-05-22,0.006205607792133971,0.009816123541107613,0.0,0.07970439512674798,-0.007836256725768043,-0.29334679178535383,-0.7357923087159546,-1.3087994250503887,-2.1965174078607763,-4.6488336447441325,-3.5048509330144473,0.42857142857142855,0.39999999999999997,0.5384615384615384,0.5,0.5333333333333332,0.4666666666666667,39306.233644609056
683,2015-05-26,0.003301468729575152,0.0035292123647181484,-0.006261327698603214,0.0785321348872956,-0.008913410380034903,0.4570029472579451,0.22525251127445411,-0.2455698750143509,-1.1794899663768788,-3.5571903762665613,-2.408682906624393,0.2857142857142857,0.39999999999999997,0.5384615384615384,0.42857142857142855,0.46666666666666656,0.4666666666666667,35855.10363643459
684,2015-05-27,0.0007961783620604734,0.010236601688730529,-0.0030709281863269267,0.0892231218733539,0.0009106881743308204,0.28273081386358534,0.20961544023265777,-0.19605394467318016,-1.1239792422095052,-3.4094280895160645,-2.236134958576552,0.42857142857142855,0.5,0.5384615384615384,0.5,0.5333333333333332,0.4666666666666667,51376.389703762274
685,2015-05-28,0.015347052311427634,0.016742180752419955,-0.0032554237122329743,0.06459105618768124,-0.021724130487446258,2.1309712813612602,2.40004610024227,2.0097277213192433,1.1850752925647523,-1.070850614846508,0.14185575873466583,0.42857142857142855,0.5,0.46153846153846156,0.5,0.5333333333333332,0.4666666666666667,68585.20931086596
686,2015-05-29,0.004922620721987903,0.011837810595405562,-0.0024613103609938403,0.07950177576903394,-0.008022423979737736,2.6354569600358424,3.0615862420635187,2.7130405330896057,2.033527568223281,-0.14188645399754174,1.1293229429488738,0.42857142857142855,0.39999999999999997,0.3846153846153847,0.42857142857142855,0.46666666666666656,0.4,54918.127988748245
687,2015-06-01,0.006196644524688821,0.009821162280149176,-0.009704220854720336,0.09091051132020889,0.00246137882748676,1.9825917601021814,2.5379547733293206,2.3856838177273687,1.850228827986733,-0.2156518206610225,1.0015741656917543,0.42857142857142855,0.39999999999999997,0.46153846153846156,0.5,0.46666666666666656,0.4666666666666667,46496.13605164429
688,2015-06-02,-0.01114075690241989,0.005918556479483694,-0.012765440704780029,0.0963749202799784,0.007482679483366672,0.7012734490810857,1.6114364317983965,1.558939971255735,1.1476562012927571,-0.7582432754210222,0.40743448516578074,0.42857142857142855,0.5,0.46153846153846156,0.5,0.5333333333333332,0.5333333333333333,32699.476562619853
689,2015-06-03,0.0042907919184462795,0.00962536206800313,-0.00487075246883617,0.08898982576908487,0.0006964331536885027,0.23358539745339524,1.3576550757736117,1.4291717550866778,1.136903606939521,-0.6437050413349854,0.46718460491061986,0.5714285714285714,0.5,0.5384615384615384,0.5714285714285714,0.5333333333333332,0.5333333333333333,32886.62497201815
690,2015-06-04,0.000350988646882211,0.010881022453714584,-0.001755013434479813,0.07864063769405383,-0.008813731939442349,0.7287443905072077,1.9856596380200209,2.245846958431663,2.0725764152856208,0.36931276263860724,1.3943118098815876,0.5714285714285714,0.39999999999999997,0.5384615384615384,0.5714285714285714,0.46666666666666656,0.4666666666666667,44168.88365309602
691,2015-06-05,-0.012086007713445479,0.005229482676485153,-0.013248099480019815,0.09561679830428838,0.006786101243875686,-0.26065173125898733,1.100679864822518,1.5046542165047416,1.4144536091290405,-0.13643587482535802,0.7676549936404209,0.5714285714285714,0.5,0.6153846153846155,0.5714285714285714,0.5333333333333332,0.5333333333333333,45758.44058944425
692,2015-06-08,-0.004062669667726726,0.0038305396673119496,-0.0042948693141062755,0.08949658417219619,0.0011620748612752863,-0.3532068337841143,0.8058984232584665,1.371358548756696,1.2946661515864655,-0.07626733616988846,0.7458744865947109,0.7142857142857143,0.6000000000000001,0.6923076923076923,0.5714285714285714,0.5999999999999999,0.6,38951.988068415834
693,2015-06-09,-0.0031131556630985546,0.01026173145641418,-0.003574368606905187,0.09555844981604755,0.006732435708923568,-0.7873372840838333,0.08976609643236433,0.6616015701667033,0.5855594850719514,-0.5602051227471705,0.14231326527676114,0.8571428571428571,0.7000000000000002,0.6923076923076923,0.5714285714285714,0.5999999999999999,0.6,45945.03784344387
694,2015-06-10,-0.011641116241824734,0.00259941220842852,-0.012658250022889339,0.11018986630067196,0.02017759975704303,-2.2733178173135915,-1.845459467396826,-1.3449422157857938,-1.3392908426067551,-2.3504785429706576,-1.6911043221716215,0.8571428571428571,0.7000000000000002,0.6923076923076923,0.6428571428571428,0.6666666666666665,0.6,53311.61121227584
695,2015-06-11,0.0051038336192317235,0.006691663983025009,-0.0028354316169997285,0.08441914846393406,-0.0035037181298280817,-1.6056575426982689,-1.59431934592571,-0.9975283967041948,-0.9599914973354107,-1.8260719445496565,-1.2385106349110386,0.7142857142857143,0.6000000000000001,0.6923076923076923,0.5714285714285714,0.5999999999999999,0.6,32582.64596991371
696,2015-06-12,0.0011382925700236246,0.006374570435391469,-0.0031872283024981796,0.0842824291540829,-0.0036294148932940473,-0.9838092440669022,-1.299283119871042,-0.6688801184289161,-0.5768655626855912,-1.3185227401406152,-0.7792388808958495,0.5714285714285714,0.6000000000000001,0.6153846153846155,0.5714285714285714,0.5999999999999999,0.5333333333333333,25187.38987338395
697,2015-06-15,0.00011479398995040135,0.002984069883532836,-0.008952129310873302,0.07931314258340283,-0.008195657417548574,0.10657129360003292,-0.5418862007201097,0.06394026631495464,0.25003405375065846,-0.43011869513599477,0.12362272912405103,0.5714285714285714,0.6000000000000001,0.5384615384615384,0.5714285714285714,0.5999999999999999,0.4666666666666667,31228.198825749987
698,2015-06-16,0.0023097933853699626,0.004965943178932619,-0.004042014276106398,0.08148744085025927,-0.006197713923540071,0.8199604819861817,-0.03134109357282311,0.5867864538569689,0.8587310263562076,0.2527028856136537,0.789605248041525,0.42857142857142855,0.5,0.5384615384615384,0.5714285714285714,0.5333333333333332,0.4666666666666667,33432.42341764284
699,2015-06-17,-0.004126085959885395,0.0034384297994269897,-0.010659025787965737,0.09652668480319693,0.0076222617513632684,0.23740471494075877,-0.6860495398937627,-0.23087306662055163,0.12934052584028244,-0.39733183273801265,0.061555848358474385,0.42857142857142855,0.6000000000000001,0.6153846153846155,0.6428571428571428,0.5333333333333332,0.5333333333333333,38999.57306590258
700,2015-06-18,-0.006976212100269774,0.003430878238085855,-0.006976212100269774,0.09060171004448403,0.0021775114889224234,0.135607637800228,-0.728657033859692,-0.4367575916829236,-0.08290902127262578,-0.5364151509726689,-0.15781651096997695,0.42857142857142855,0.7000000000000002,0.6923076923076923,0.6428571428571428,0.5333333333333332,0.5333333333333333,38569.44742519562
701,2015-06-19,-0.0028564900430697593,0.005027445327723035,-0.004227548133942549,0.0892276477149927,0.0009149412990658856,-0.1126269690318038,-0.6569898829557608,-0.5500764991131613,-0.22525211735676676,-0.529398657915614,-0.22818977005701901,0.42857142857142855,0.7000000000000002,0.6923076923076923,0.6428571428571428,0.5999999999999999,0.6,44684.787637766945
702,2015-06-22,-0.003398617992476094,0.0005664778712974883,-0.0063441488504866195,0.0975575507746902,0.00856960331729728,-0.9451627298077803,-1.3311521765599243,-1.4522650919996827,-1.068566813435523,-1.28286937600951,-1.0467982572988643,0.5714285714285714,0.7000000000000002,0.6923076923076923,0.7142857142857142,0.5999999999999999,0.6,41333.54315173478
703,2015-06-23,-0.0003391633806385519,0.0019220577248861836,-0.004974505538988261,0.09045095579231521,0.0020390015793723126,-1.049817484417781,-1.3526518306274715,-1.662485850595452,-1.2694744022345383,-1.3852225123779816,-1.2110058972002458,0.7142857142857143,0.7000000000000002,0.7692307692307693,0.7142857142857142,0.6666666666666665,0.6666666666666669,28704.484297529147
704,2015-06-24,0.007031904435338632,0.007258704939518967,-0.001134149963347042,0.08478712076526707,-0.0031655803990169318,-0.5670833379264884,-0.8206508872722451,-1.3323792211965002,-0.9790307972327383,-0.9756539966124245,-0.8593749608789225,0.7142857142857143,0.7000000000000002,0.7692307692307693,0.6428571428571428,0.6666666666666665,0.6666666666666669,38715.11747116065
705,2015-06-25,0.017297047771021035,0.01856550947226121,-0.0006918473167452088,0.0703355205599947,-0.0164453989915051,1.1168890725108849,0.89285050992014,0.25148744867613537,0.6062128871039407,0.718233363523102,0.7893973082523376,0.7142857142857143,0.6000000000000001,0.6923076923076923,0.6428571428571428,0.6666666666666665,0.6,37350.24495674302
706,2015-06-26,-0.00368578668509556,0.0014973162865699052,-0.01163328726099977,0.08948679625326972,0.0011531845038987854,0.9296634422266026,0.8317592821805109,0.18043930268565322,0.4298594202975625,0.6192233410195591,0.6861372632865459,0.7142857142857143,0.6000000000000001,0.7692307692307693,0.7142857142857142,0.7333333333333332,0.6,50532.28726099977
707,2015-06-29,0.010785439245529549,0.016881535162431405,-0.002344724419294675,0.06917969678716651,-0.017507459690297433,2.3697767266307457,2.508779434709618,1.9644822671620155,2.138237360881168,2.3507933293603456,2.4129820637614596,0.5714285714285714,0.5,0.7692307692307693,0.7142857142857142,0.6666666666666665,0.5333333333333333,55653.15982458992
708,2015-06-30,0.014972836595142702,0.016859231313369527,-0.00023575807592535192,0.08210813801836392,-0.0056273322910038726,2.4943615345863535,2.7806787705394465,2.501657103565913,2.5853065442122514,2.8721890899260805,2.859500919152258,0.42857142857142855,0.39999999999999997,0.6923076923076923,0.6428571428571428,0.5999999999999999,0.5333333333333333,48076.10445649611
709,2015-07-01,0.01715309173864532,0.017867779078062362,-0.004883811967259399,0.07706993090073322,-0.010257106031668628,2.8214177340148083,3.486778920946243,3.437997827635808,3.419561353971967,3.841298352977107,3.782192125778572,0.2857142857142857,0.39999999999999997,0.6153846153846155,0.5714285714285714,0.5999999999999999,0.4666666666666667,63086.554368822675
710,2015-07-02,0.0017776961997284513,0.0047404836954425544,-0.006281097639764144,0.09380607206538571,0.005122157389054971,1.608375450414301,2.6656660149803058,2.806468675429552,2.7126463872513495,3.2297237309083737,3.1158388545825533,0.2857142857142857,0.5,0.6153846153846155,0.6428571428571428,0.5999999999999999,0.5333333333333333,30601.039485732617
711,2015-07-06,0.006013228959393269,0.012026457918786315,-0.005051100299432343,0.07236897663321606,-0.014576892348808212,2.2489512083553764,3.842454800839068,4.194371913302852,4.030582403887939,4.646508794845228,4.449102657791415,0.2857142857142857,0.5,0.6153846153846155,0.6428571428571428,0.5333333333333332,0.5333333333333333,58887.75384512919
712,2015-07-07,-0.011906179590574606,0.0015478628776726122,-0.025479224323829652,0.09922552956915442,0.010102156387640449,0.7620038102171156,2.5827986705914574,3.0355164810777824,2.8230481150814057,3.5148814440794762,3.2534554190777776,0.42857142857142855,0.6000000000000001,0.6153846153846155,0.6428571428571428,0.5999999999999999,0.6,61815.88443426323
713,2015-07-08,0.00948105054628856,0.01166896845760168,-0.006199039973223797,0.0659465262794181,-0.02047859951283626,2.07852507293671,4.295095409334282,4.965072965287942,4.810385106248027,5.5586467962440045,5.20308071876685,0.2857142857142857,0.5,0.5384615384615384,0.6428571428571428,0.5999999999999999,0.6,52571.0208790089
714,2015-07-09,0.021300011719916467,0.024605153027172033,-0.002815558750996372,0.08056007005108468,-0.007049857323481512,2.17196575298757,4.532810339026527,5.4165221690193555,5.395828847363671,6.144302269355384,5.755899932926889,0.2857142857142857,0.39999999999999997,0.46153846153846156,0.6428571428571428,0.5999999999999999,0.5333333333333333,54604.21349968873
715,2015-07-10,0.005964662058072667,0.009251393566612531,-0.003408387013794645,0.09435983208484178,0.005630977424229799,1.1355515891171564,3.4805686275128034,4.459322964154988,4.658726661340973,5.358085799143786,4.962699540218973,0.42857142857142855,0.39999999999999997,0.46153846153846156,0.6428571428571428,0.5999999999999999,0.5333333333333333,42543.12556192026
716,2015-07-13,-0.009206073759039701,0.004662840801803458,-0.011477750017667931,0.10796984817130273,0.018137456033904042,-0.7190606792702114,1.2417260216101234,2.3405397663431193,2.6862684012022298,3.352529975817986,2.8984864949444855,0.5714285714285714,0.39999999999999997,0.5384615384615384,0.6428571428571428,0.5999999999999999,0.6,50554.95469339974
717,2015-07-14,-0.01101112965914186,0.002604795200151555,-0.011129552582637259,0.09890102869940232,0.009804146325634644,-1.6694417634337544,-0.0786619421208945,1.1557906330086132,1.6144466370179744,2.2368873765685526,1.7583858050449042,0.5714285714285714,0.39999999999999997,0.6153846153846155,0.6428571428571428,0.6666666666666665,0.6,44963.480759702594
718,2015-07-15,0.004634018315873734,0.008317454452592354,-0.004871720300773763,0.08436653406412442,-0.00355222792022869,-1.1474636794167603,-0.06279205796025922,1.3483519736464666,1.9210992931890658,2.471778872684105,1.9962110377287345,0.5714285714285714,0.39999999999999997,0.6153846153846155,0.6428571428571428,0.6666666666666665,0.5333333333333333,43507.79070775709
719,2015-07-16,0.011819460080719768,0.013490890317791493,-0.004178581562116035,0.08305995100033114,0.004437067384572391,-1.492306539304189,-0.6890228908746798,0.7847983118011825,1.4067920722163008,1.9093624146704569,1.4311832932407897,0.5714285714285714,0.5,0.6923076923076923,0.6428571428571428,0.6666666666666665,0.6,44005.68471808298
720,2015-07-17,0.004689742439165867,0.005892231558815242,-0.004810028628666307,0.07055155853813244,-0.00716340050619213,-0.49937227843163123,-0.2186277371501233,1.3234773176569181,2.043890882285271,2.5208975671138,2.09213597388338,0.5714285714285714,0.39999999999999997,0.6153846153846155,0.5714285714285714,0.6666666666666665,0.6,35250.321055732515
721,2015-07-20,0.009847999999999857,0.012644389057750782,-0.0013373981762917486,0.06647631479932792,-0.01094256564093643,0.828544019119426,0.6882191388853709,2.1903227454391105,3.012793697056848,3.5338074345365955,3.142118828999596,0.5714285714285714,0.39999999999999997,0.5384615384615384,0.5,0.6666666666666665,0.6,52174.07598784195
722,2015-07-21,-0.00510822178170478,0.008148844464256344,-0.01179762817079022,0.07788213546461198,-0.00036476516872285814,1.008091612787343,0.5665038723800198,1.9670303348584772,2.813627996430901,3.4295318120134644,3.0919259526069443,0.42857142857142855,0.39999999999999997,0.46153846153846156,0.42857142857142855,0.5999999999999999,0.5333333333333333,57064.19025705193
723,2015-07-22,0.015546614454698737,0.01705116557043218,-0.007647943639720545,0.046013758516582515,-0.029919691036710216,3.5655550006907344,3.361778389773873,4.652091667229197,5.6442017435117675,6.3582752803193365,6.070162058446282,0.2857142857142857,0.39999999999999997,0.3846153846153847,0.42857142857142855,0.5333333333333332,0.4666666666666667,127640.6718244315
724,2015-07-23,0.010665973361055014,0.02809578673630808,-0.0029916104185071513,0.03934064000106208,-0.036108395932722415,6.180315350215171,6.608728187176904,7.905955039206525,9.129476975602667,10.003787742495241,9.725501550473826,0.14285714285714285,0.3000000000000001,0.3076923076923077,0.42857142857142855,0.46666666666666656,0.4666666666666667,180929.02787187934
725,2015-07-24,0.010643968742285681,0.013009172483815279,-0.003285151203289094,0.0673356107461427,-0.010145621327772969,5.900125297546177,7.11110935053294,8.307155702897418,9.767777702530388,10.789117343091403,10.527712015133872,0.14285714285714285,0.3000000000000001,0.3076923076923077,0.42857142857142855,0.46666666666666656,0.4666666666666667,120575.87570504272
726,2015-07-27,-0.0018587360594793934,0.005310687732342112,-0.007302217206585082,0.06722344407089564,-0.01024972334300922,5.396025113895475,7.471006672938962,8.758197673583123,10.407697092042966,11.56356265918117,11.295161650925568,0.0,0.2,0.3076923076923077,0.42857142857142855,0.3999999999999999,0.4,136345.25597450876
727,2015-07-28,-0.023913615632728313,0.004757045574145469,-0.025584957901580885,0.11349263044814006,0.03266070914220709,1.0744567031062857,3.72873323028593,4.813601023134417,6.517572521353632,7.8072183223270475,7.496642123520103,0.14285714285714285,0.3000000000000001,0.3076923076923077,0.42857142857142855,0.3999999999999999,0.4666666666666667,201837.52149445258
728,2015-07-29,-0.0003879348147435291,0.0016810681060115407,-0.010603905066496666,0.07203701792386763,-0.0057854785082785964,0.7537186579931632,3.9986561029348833,4.9808000386485585,6.707439561339168,8.212591220206766,7.804193733880349,0.14285714285714285,0.3000000000000001,0.3076923076923077,0.35714285714285715,0.33333333333333337,0.4666666666666667,178387.71903818133
729,2015-07-30,-0.017485577983039735,0.0002553286599955573,-0.021314588929536304,0.09249799386826263,0.013190208981136875,-1.2635664786791012,2.366841906021433,3.2680451194233795,4.936774255150178,6.609416271783841,6.060861674570517,0.2857142857142857,0.3000000000000001,0.3846153846153847,0.35714285714285715,0.33333333333333337,0.4666666666666667,94270.85945812022
730,2015-07-31,-0.00038152106250244344,0.005214345868536752,-0.006104476895757771,0.08212874425952577,0.003573598540349776,-1.8204567663875681,1.6167279205399065,2.624652737467126,4.161933861622424,6.025352026233621,5.365854186044072,0.42857142857142855,0.3000000000000001,0.46153846153846156,0.35714285714285715,0.3999999999999999,0.4666666666666667,78895.09864794984
731,2015-08-03,0.015014185477240982,0.015143644443602389,-0.006601112953634192,0.05948829130392563,-0.01742335717986454,-0.009242161553912887,2.8244131441246045,4.0531687076039935,5.529104906552629,7.653307710139101,6.872331288467959,0.42857142857142855,0.2,0.3846153846153847,0.28571428571428575,0.3999999999999999,0.4,83396.61627238891
732,2015-08-04,0.009530078577808743,0.01644912575585189,-0.0036553264661965956,0.06906415614667738,-0.008542729999982845,0.9455582147926078,3.077223914671179,4.589832259784843,5.936546117224095,8.32948549954331,7.430149177840795,0.42857142857142855,0.2,0.3846153846153847,0.28571428571428575,0.3999999999999999,0.4,76008.1403657739
733,2015-08-05,0.008064555465578271,0.01352758897740336,-0.002081113504726173,0.08221703655179757,0.0036554669023447506,0.8677755317534341,2.062586249665821,3.816108070238622,5.130453751008335,7.6753226151035525,6.707455371294757,0.5714285714285714,0.2,0.3846153846153847,0.35714285714285715,0.46666666666666656,0.4,59597.07724758366
734,2015-08-06,-0.0061966951484210275,0.002452917666575294,-0.016524645191384413,0.08641021700237883,0.007544211608813578,0.05348780987004531,0.7727539609686307,2.789337341681586,3.948330769301922,6.626195599997642,5.576795785036182,0.5714285714285714,0.3000000000000001,0.46153846153846156,0.35714285714285715,0.46666666666666656,0.4,72417.02313991768
735,2015-08-07,0.002975753616564214,0.011126937364122957,-0.004528386537347773,0.0759090355880887,-0.002194595484447781,0.26615343763076726,0.53601097437741,2.7903748305025733,3.8428917226866366,6.594352984523,5.463367523012219,0.5714285714285714,0.3000000000000001,0.46153846153846156,0.35714285714285715,0.3999999999999999,0.33333333333333315,101581.35086579957
736,2015-08-10,-0.02644714189385511,0.0018711825413579852,-0.02819363631768279,0.11831492271210986,0.037132782981792234,-3.001139216740867,-3.2470724850044985,-0.9634270116494092,-0.04807225116099101,2.5548426245427303,1.4536386627824527,0.5714285714285714,0.39999999999999997,0.46153846153846156,0.42857142857142855,0.3999999999999999,0.33333333333333315,112793.40554918136
737,2015-08-11,0.008841645196800973,0.01140439503582269,-0.01037926690954305,0.049758244203761626,-0.02644710093539715,-0.47411533341483736,-0.7761549485118535,1.4319456286866705,2.4318619867375935,5.056353043570971,3.8647164949966895,0.42857142857142855,0.39999999999999997,0.3846153846153847,0.42857142857142855,0.33333333333333337,0.33333333333333315,115228.36807753243
738,2015-08-12,-0.020400405990887327,0.0025342752796317924,-0.025342119243338068,0.09043438792425418,0.011276130892199143,-1.2833859391533475,-1.6979058633630806,0.013289377042946526,1.0775564333123766,3.6397708091598036,2.3908659365146745,0.5714285714285714,0.5,0.3846153846153847,0.42857142857142855,0.33333333333333337,0.4,91696.92427009437
739,2015-08-13,0.010159477619354984,0.01054526721848581,-0.0007716692188357577,0.06242670796394956,-0.014698200390477423,0.402327938561009,-0.07900429397738051,1.1604621253663572,2.3727614637846672,4.923319674214377,3.565422681317565,0.5714285714285714,0.5,0.3846153846153847,0.42857142857142855,0.33333333333333337,0.4,72819.21417643482
740,2015-08-14,-0.01057451931646114,0.003057778138814582,-0.011339024368429707,0.08839805911539433,0.009387790566859788,-0.23843070070025396,-0.7198366456732996,-0.10010359828388493,1.2053522365202962,3.725805446499675,2.331512899191357,0.5714285714285714,0.6000000000000001,0.3846153846153847,0.42857142857142855,0.3999999999999999,0.4666666666666667,48559.32739356166
741,2015-08-17,-0.005220320789147914,0.001273211086411763,-0.016934071594931654,0.07896236352925934,0.000637032889256206,-0.10549891120520405,-0.7139228666918629,-0.4438138328057173,1.005536822262365,3.419925342745289,1.994050766502009,0.5714285714285714,0.6000000000000001,0.46153846153846156,0.5,0.3999999999999999,0.4666666666666667,66548.52805513715
742,2015-08-18,-0.003932986551636541,0.002283684344075221,-0.008119766556711316,0.08211957212591225,0.00356496755817326,-0.18305200120761755,-0.9315912665472603,-1.0046914986226896,0.5505565658012967,2.8163242624863027,1.4251328446857503,0.7142857142857143,0.7000000000000002,0.5384615384615384,0.5714285714285714,0.46666666666666656,0.4666666666666667,65292.07282415631
743,2015-08-19,0.010851258966476651,0.014597557700681829,-0.0046505746208203025,0.05898648828525155,-0.01788871731147179,1.1275685838979754,0.7861584198822991,0.502574995156313,2.19802983263091,4.402746642927502,3.027692128783599,0.5714285714285714,0.6000000000000001,0.5384615384615384,0.5,0.46666666666666656,0.4,75631.3433338151
744,2015-08-20,0.011385878215632639,0.018583927832277025,0.0,0.06434604602986482,-0.0129182156457468,2.1463078881772235,1.8976485571094992,1.6091069267741842,3.2333599465979024,5.424699495222107,4.122827490657044,0.5714285714285714,0.5,0.5384615384615384,0.42857142857142855,0.46666666666666656,0.33333333333333315,101651.9196883696
745,2015-08-21,0.01253336000000016,0.0173333733333334,-0.0005333466666667119,0.05837788010551437,-0.01845335458443209,3.3200200722764084,3.598113429968408,3.4000208710356583,4.760496311360596,7.005419781911226,5.752442296477267,0.42857142857142855,0.5,0.5384615384615384,0.35714285714285715,0.3999999999999999,0.2666666666666667,157405.66666666666
746,2015-08-24,-0.013732491073880748,0.02828889041472138,-0.03556711068387797,0.04693380376440692,-0.029066401884331516,5.443943454861211,6.328707715100812,6.280972406771901,7.378263503885729,9.733279195196376,8.542850106377253,0.42857142857142855,0.5,0.5384615384615384,0.35714285714285715,0.3999999999999999,0.2666666666666667,208860.5764899753
747,2015-08-25,0.0438523881169135,0.047599224190930656,-0.00041630586778518275,0.06702173052153704,-0.010436764020038014,5.281312304466357,6.972363091369105,7.1864717701324965,7.930891131676576,10.432449242789987,9.245084300932117,0.2857142857142857,0.39999999999999997,0.5384615384615384,0.28571428571428575,0.33333333333333337,0.2666666666666667,130823.31670342262
748,2015-08-26,-0.0006769053468158592,0.0028428183494184633,-0.018140029045348616,0.10535958870749007,0.025117922724908315,1.7985282562211324,4.004140808146217,4.308086297223035,4.837169889246362,7.334783815357393,6.2725279745336815,0.2857142857142857,0.39999999999999997,0.5384615384615384,0.35714285714285715,0.3999999999999999,0.2666666666666667,112197.45219175097
749,2015-08-27,-0.008194593804145112,0.007401493132355608,-0.0189003558604095,0.104404073023322,0.0242318589817081,-1.2065311679522517,1.389667882565604,1.7351992404325278,2.0458005588215977,4.5165936818584385,3.5587858728153066,0.2857142857142857,0.5,0.6153846153846155,0.42857142857142855,0.46666666666666656,0.33333333333333315,112841.97579471447
750,2015-08-28,-0.010006517840941975,0.0009216590225804566,-0.017379855854372073,0.08240831598594012,0.003832865717245726,-1.8583652380034121,0.6066017003648838,1.1962752295959334,1.3613291742045286,3.8637880641433586,2.9584130536846054,0.42857142857142855,0.5,0.6153846153846155,0.5,0.46666666666666656,0.4,87550.02386639989
751,2015-08-31,-0.014652040432966196,0.0043170459362362745,-0.020146519619400394,0.08523211799738162,0.006451409471441183,-2.4818560033747716,-0.18780391480376357,0.41117224011246734,0.5564794179371502,2.988017853825653,2.0579279292239905,0.5714285714285714,0.6000000000000001,0.6153846153846155,0.5714285714285714,0.46666666666666656,0.4666666666666667,91830.49942879383
752,2015-09-01,-0.005340480498251532,0.013885179869554731,-0.005874539228984288,0.05655221686161083,-0.020146221462564173,-0.49590918409925244,1.4810120335941868,2.3256288135293124,2.529553331248535,4.828683728252892,3.821083971651218,0.5714285714285714,0.5,0.6153846153846155,0.5714285714285714,0.3999999999999999,0.4,120868.15565102387
753,2015-09-02,-0.0026280684002120136,0.0007885151324182882,-0.015111708675734858,0.09555077384180555,0.016021314783042806,-1.4492264448747183,-0.2750197408707189,0.6808024221321984,0.9127976347054201,2.97890153998126,1.9102631672735848,0.7142857142857143,0.6000000000000001,0.6923076923076923,0.6428571428571428,0.46666666666666656,0.4666666666666667,69984.5471743902
754,2015-09-03,0.020147750979761625,0.020953728178122022,-0.008999301907292145,0.05489620564800668,-0.021681979004064877,1.1935077861052745,1.5475318845247443,2.75671619961535,3.1075437489265667,4.9806532828279515,3.811563666972817,0.7142857142857143,0.5,0.6153846153846155,0.6428571428571428,0.3999999999999999,0.4,148784.768251945
755,2015-09-04,-0.001367961733733547,0.007660821003032003,-0.010259918201365736,0.05872302271195573,-0.01813297129929259,2.911856872527574,2.8913352921153157,4.370391544867802,4.7830686821553225,6.64525939165117,5.335541452519865,0.5714285714285714,0.39999999999999997,0.5384615384615384,0.5714285714285714,0.3999999999999999,0.4,164257.55442567865
756,2015-09-08,0.0037684924454173263,0.004306863890705337,-0.009959690042004588,0.09597625976860713,0.016415702864002624,0.9882802931739487,0.7950486888064434,2.493118643754988,2.9451154959698744,4.710013432806326,3.3286005100842564,0.5714285714285714,0.39999999999999997,0.6153846153846155,0.6428571428571428,0.46666666666666656,0.4666666666666667,76012.45588101793
757,2015-09-09,0.02796054040516105,0.03070172739448629,-0.0024671052969722496,0.058828857190876827,-0.01803494974096642,2.257600937177484,2.2106086927995428,3.905601102578382,4.57198050568568,6.357761041766397,4.863726946115499,0.42857142857142855,0.39999999999999997,0.5384615384615384,0.5714285714285714,0.46666666666666656,0.4,80306.01864455892
758,2015-09-10,0.0064899338991972755,0.012289423150770862,-0.005385239033008582,0.07029482928612274,-0.007401217526168513,2.2270856095542912,2.579194409027785,4.310826144610824,5.045462366341957,6.807086893768521,5.356052606567352,0.2857142857142857,0.39999999999999997,0.5384615384615384,0.5,0.46666666666666656,0.33333333333333315,84355.53367457977
759,2015-09-11,-0.00550728371914988,0.003992854357408371,-0.01032631186808397,0.08140209571952961,0.002899521586382958,1.4850388759508615,2.049544315757279,3.596852173995968,4.5140900306154474,6.1358137588581885,4.884265249168984,0.42857142857142855,0.5,0.5384615384615384,0.5714285714285714,0.5333333333333332,0.33333333333333315,60770.033764465115
760,2015-09-14,-0.005771595675618912,0.0016490587460102901,-0.010443795950685564,0.08035407288603036,0.0019279206498383772,0.6360389012105783,1.8482723087111408,3.070976100397993,4.12501404389054,5.584112512949191,4.551701529369856,0.42857142857142855,0.6000000000000001,0.6153846153846155,0.6428571428571428,0.5999999999999999,0.4,58152.08745993215
761,2015-09-15,-0.020917202442552796,0.0021452935868788714,-0.025878250847995332,0.1050951374570579,0.024872848865248987,-1.7814155184436853,-0.3821517975378108,0.3198740960402624,1.4878426883580431,2.728600855082308,1.98596603778467,0.5714285714285714,0.7000000000000002,0.6153846153846155,0.6428571428571428,0.6666666666666665,0.4,68507.98180453254
762,2015-09-16,-0.010444222771605283,0.003040772118465984,-0.014013709862688017,0.09360076122941785,0.014212761852613998,-2.678096012283515,-1.611010356935183,-1.2685367821249183,-0.020299735826168064,1.0522944285851432,0.4759422292618387,0.7142857142857143,0.7000000000000002,0.6153846153846155,0.6428571428571428,0.6666666666666665,0.4666666666666667,69086.78515451857
763,2015-09-17,0.018093492252052368,0.021874183685503423,-0.0020253038624169495,0.055752003933111194,-0.020888408920389012,-0.6481198623033868,0.3337089181395081,0.5317466578038887,1.956909447375943,2.944848219880991,2.493347323917283,0.5714285714285714,0.6000000000000001,0.5384615384615384,0.6428571428571428,0.6666666666666665,0.4666666666666667,104576.3725243687
764,2015-09-18,0.020456456715050697,0.022822139955160914,-0.0034789868705957794,0.04624463843308724,-0.029705572552784165,2.1748610567683846,2.9988822694223316,3.2417482899417482,4.665813003026553,5.753245692877562,5.373140441147428,0.5714285714285714,0.5,0.5384615384615384,0.5714285714285714,0.5999999999999999,0.4666666666666667,128862.06528161613
765,2015-09-21,0.0019401190720556016,0.009423391938836456,-0.003464523089549698,0.08277703965412608,0.004174768487396507,1.6986048588454539,2.1470135902302623,2.5320681610989215,3.939654336516396,5.062820284816305,4.678884199851385,0.7142857142857143,0.5,0.6153846153846155,0.6428571428571428,0.5999999999999999,0.5333333333333333,105249.82565128461
766,2015-09-22,-0.007812458147321566,0.0016741489955356403,-0.014508942522321489,0.0711028655184478,-0.006651955240153384,2.190298052382711,2.5101695471113183,2.99811800996046,4.274956491134185,5.593648061859047,5.157449079779131,0.5714285714285714,0.5,0.6153846153846155,0.5714285714285714,0.5999999999999999,0.5333333333333333,79760.43973214286
767,2015-09-23,0.020940186080065093,0.022934488159593425,-0.0005697008790469527,0.05601195983237206,-0.020647276089991173,3.8217347268326707,4.071021852684975,4.991859620080508,6.088725325381028,7.619725304419678,7.11395892177773,0.42857142857142855,0.39999999999999997,0.6153846153846155,0.5714285714285714,0.5999999999999999,0.5333333333333333,67724.07411930517
768,2015-09-24,0.006078935893057524,0.013677719741137295,-0.017477218048151166,0.010691285466852829,-0.062678047930665,8.858008853249988,10.09118361571566,11.559557969153932,12.49402702477096,14.471701153107585,13.795481203274761,0.2857142857142857,0.39999999999999997,0.6153846153846155,0.5,0.5333333333333332,0.5333333333333333,343305.9752291652
769,2015-09-25,0.00030774082912876644,0.012157494052439599,-0.003693520912887549,0.06483801312248083,-0.012461979934277334,7.888137443603371,10.587868258071186,12.315872836157805,13.168332130749416,15.44723830572532,14.682753753820643,0.14285714285714285,0.39999999999999997,0.5384615384615384,0.42857142857142855,0.46666666666666656,0.4666666666666667,190289.84994040398
770,2015-09-28,0.007054350101044937,0.008308496499318085,-0.012541134777533491,0.05852861670423826,-0.018313324697948108,7.600830069946207,11.474028996792086,13.525028772946834,14.437994516793395,17.09552308291562,16.217493179750498,0.14285714285714285,0.3000000000000001,0.46153846153846156,0.35714285714285715,0.46666666666666656,0.4666666666666667,197083.179384164
771,2015-09-29,-0.010262727733252208,0.016793671802011412,-0.011040274017735108,0.08706520327502942,0.008151653900200229,5.053651937250447,9.611930687711645,11.74519791242712,12.785175062928289,15.628914855141108,14.573610085875366,0.2857142857142857,0.39999999999999997,0.46153846153846156,0.42857142857142855,0.46666666666666656,0.4666666666666667,136593.62405829964
772,2015-09-30,-0.0062730109199355955,0.004283935062975308,-0.018512836314063086,0.09588070755194744,0.01632718034442071,1.8797022437158972,7.079475934071522,9.142774385197372,10.369494917466016,13.287946157136265,12.178705384009447,0.2857142857142857,0.5,0.46153846153846156,0.5,0.5333333333333332,0.4666666666666667,120107.62729331966
773,2015-10-01,0.019257617941568883,0.026556903658284003,-0.012113651376202128,0.06227291730123552,-0.014840904789940268,1.7970900589382222,7.778500357432794,10.009694575594729,11.443664295466082,14.518674754883731,13.223887223935549,0.2857142857142857,0.39999999999999997,0.46153846153846156,0.5,0.46666666666666656,0.4666666666666667,123201.3625283796
774,2015-10-02,-0.029071477735379547,0.0004567123496215242,-0.039573806982061144,0.10021273962345689,0.02034474305350842,-1.2111259448961076,4.860848129861517,7.062413894750197,8.834538075124199,11.840263606540514,10.44184388692344,0.42857142857142855,0.39999999999999997,0.46153846153846156,0.5714285714285714,0.5333333333333332,0.5333333333333333,133677.8493308455
775,2015-10-05,-0.03599303266840126,0.004336556808326009,-0.03845046256143403,0.13538968960467868,0.05296816106686064,-5.482596331621325,-0.9715895935355268,1.3140288053948623,3.2110812650291143,5.949279067989677,4.501709935828413,0.5714285714285714,0.39999999999999997,0.5384615384615384,0.6428571428571428,0.5333333333333332,0.5333333333333333,154117.242266551
776,2015-10-06,-0.018073976277887427,0.00465972889014421,-0.024569302456933118,0.10383731539033958,0.02370608313023448,-6.4933127727091815,-3.750945019166607,-1.1854194126182493,0.667199137849317,3.272563436910647,1.770297362985973,0.7142857142857143,0.39999999999999997,0.6153846153846155,0.6428571428571428,0.5333333333333332,0.5333333333333333,136459.03953685402
777,2015-10-07,0.013924467771716298,0.033106025849930054,-0.017476485541765507,0.07157632263858105,-0.0062128134223846665,-4.571105854819024,-3.5227119835481657,-0.8328913967260654,1.0286020136349494,3.6844225200201253,2.0639004056726584,0.7142857142857143,0.39999999999999997,0.5384615384615384,0.5714285714285714,0.46666666666666656,0.5333333333333333,118039.64157604326
778,2015-10-08,-0.021158074674725857,0.004732795363741493,-0.027700419136994392,0.10064374946693322,0.020744607906290513,-5.013132411594268,-5.485409879611824,-2.9225045984303755,-1.2289266500750906,1.3014976249394516,-0.2318698243348738,0.7142857142857143,0.5,0.6153846153846155,0.5714285714285714,0.5333333333333332,0.5333333333333333,84792.99135824005
779,2015-10-09,0.007573534043189278,0.016689971247266122,-0.0061711357852257676,0.07017037832157302,-0.007516828390967678,-3.103583154358891,-4.855735006493189,-2.262064958522081,-0.7383212561143271,1.8436588316874225,0.31898091186548516,0.5714285714285714,0.39999999999999997,0.6153846153846155,0.5,0.5333333333333332,0.5333333333333333,78168.70218079795
780,2015-10-12,0.014326269503546207,0.014609914893617182,-0.002553191489361839,0.06617708218334917,-0.011220235889789043,-0.7659510433079886,-3.895634686820393,-1.296848059087774,0.16515795336820016,2.714972406501648,1.274985830344444,0.5714285714285714,0.39999999999999997,0.5384615384615384,0.5,0.5333333333333332,0.4666666666666667,65864.24822695035
781,2015-10-13,-0.002992717770919806,0.012255964436538758,-0.01296844842435374,0.07322831061653945,-0.004680756093572436,0.6107593475490836,-3.4467320999738593,-1.0091131251340313,0.33439321790602605,2.9404790995230634,1.6433571703655891,0.42857142857142855,0.39999999999999997,0.46153846153846156,0.42857142857142855,0.5333333333333332,0.4666666666666667,67332.62027457946
782,2015-10-14,-0.008485334584716897,0.0049497808647966934,-0.01612217530932225,0.08657344334560513,0.007695616952291706,0.1515195200001873,-3.6881051023721856,-2.025713839201315,-0.620745748050433,1.8923696992228178,0.8125736804955874,0.42857142857142855,0.5,0.46153846153846156,0.5,0.5999999999999999,0.4666666666666667,57171.96078592789
783,2015-10-15,-0.0050826060967780196,0.0012705915213726549,-0.01510659282488791,0.08010540596323978,0.0016970906005289166,-0.016139443995799585,-3.2613346716901748,-2.5150796668294673,-0.9035749666593484,1.4605702417239241,0.5191480121219838,0.42857142857142855,0.6000000000000001,0.46153846153846156,0.5714285714285714,0.5999999999999999,0.4666666666666667,64207.666830194365
784,2015-10-16,0.013490284156142174,0.016504047072330552,-0.008180238231917492,0.06076850150845159,-0.016235984455357122,1.4904769379767036,-1.060984514218466,-1.2055211117780185,0.49511062827569674,2.8227580405616015,1.9329077597236788,0.42857142857142855,0.6000000000000001,0.46153846153846156,0.5,0.5333333333333332,0.4,119258.47187141216
785,2015-10-19,-0.0002886819816089181,0.0028873106490823197,-0.006784957706869821,0.07193070031942206,-0.005884229746188185,1.5611857585319466,0.03609718094816916,-0.7987987446674172,0.8996975876112145,3.151583032315197,2.260727957402997,0.2857142857142857,0.5,0.46153846153846156,0.5,0.46666666666666656,0.4,82458.94293893213
786,2015-10-20,-0.020065405723583618,0.01309242976059899,-0.02504618009304882,0.09384179186579256,0.014436128268125126,-0.09349886114649042,-0.8883917515671858,-2.338579200534796,-0.6454483793154941,1.4756227269485667,0.5546178609092678,0.42857142857142855,0.5,0.46153846153846156,0.5714285714285714,0.46666666666666656,0.4666666666666667,89997.5807598654
787,2015-10-21,0.01320508147567323,0.032008096225293325,-0.0012917468434550106,0.06906883028076849,-0.008538341647554848,0.5966937067915623,0.5064721196302191,-1.6349140066315937,0.05844502637240012,2.1673669753372815,1.2061004036532097,0.42857142857142855,0.5,0.46153846153846156,0.5,0.46666666666666656,0.4666666666666667,124577.73186676421
788,2015-10-22,-0.04176071000680204,0.027511358387895868,-0.04331262880837894,0.09700254720349699,0.028737320144312406,-1.9140261290240157,-1.7059480628954127,-4.284890954334841,-2.7913510680954268,-0.7247657358945725,-1.79756039801926,0.5714285714285714,0.5,0.5384615384615384,0.5,0.46666666666666656,0.5333333333333333,196234.89995355107
789,2015-10-23,-0.0005575052264809033,0.009477351916376442,-0.015191581881533134,0.07944707937351136,0.012274328800182088,-2.7407003581944367,-2.565847860646475,-5.002329887497591,-4.069892081360593,-1.91238603891154,-3.0630643736853758,0.5714285714285714,0.5,0.6153846153846155,0.5,0.5333333333333332,0.6,110695.86411149826
790,2015-10-26,0.0037752238720032416,0.010906124618545565,-0.0013981963673739273,0.06293991179025138,-0.0032057329797332557,-2.133725170919698,-2.104414052898229,-4.213555051593176,-3.92536823178975,-1.6479863877593148,-2.782155861906055,0.42857142857142855,0.39999999999999997,0.6153846153846155,0.42857142857142855,0.5333333333333332,0.5333333333333333,87450.06630807045
791,2015-10-27,-0.0029833641566040514,0.009802571527242065,-0.029123498069661857,0.04951017738615815,-0.01579960882895881,-0.2622653033671263,-0.4529249098548238,-2.1816856716045385,-2.527736264886926,-0.2190915337976107,-1.346869901291392,0.42857142857142855,0.39999999999999997,0.6153846153846155,0.42857142857142855,0.46666666666666656,0.4666666666666667,117636.45017243145
792,2015-10-28,-0.01695152123174204,0.0019452549403187192,-0.020703042646893932,0.09029412217402188,0.022446303053102357,-1.7639582288958455,-2.5466318662608955,-3.7752902485744144,-4.622726542148225,-2.513533427242176,-3.519944392819041,0.5714285714285714,0.39999999999999997,0.6153846153846155,0.5,0.5333333333333332,0.4666666666666667,76237.70951453787
793,2015-10-29,-0.006669487193698864,0.00833679299240253,-0.009587355709498868,0.06635832015658982,0.0,-1.2723558106045973,-2.4019270505763024,-3.2901433983773654,-4.592579361588034,-2.633463194138308,-3.506034384891721,0.42857142857142855,0.39999999999999997,0.5384615384615384,0.42857142857142855,0.5333333333333332,0.4,60042.07266856923
794,2015-10-30,-0.009864378952305186,0.003973160815814891,-0.018632703620570013,0.08147131546535435,0.014172593818120527,-1.8515273630440365,-3.445890674936092,-4.034122452097888,-5.822991813266098,-4.029417449414419,-4.808978943359121,0.5714285714285714,0.5,0.6153846153846155,0.5,0.5333333333333332,0.4666666666666667,101227.93824438794
795,2015-11-02,-0.018025236374777265,0.004035553082354371,-0.02031200001678779,0.0860812500436463,0.018495684178191363,-2.9689854761194567,-4.724110532283953,-5.176889883356961,-7.297061417353823,-5.801656341695638,-6.446378892622418,0.5714285714285714,0.6000000000000001,0.6153846153846155,0.5714285714285714,0.5333333333333332,0.4666666666666667,79047.96847183042
796,2015-11-03,-0.004147130434782542,0.007625418060200673,-0.0073578996655518925,0.07223946212739052,0.0055151694629644865,-2.9278539176862295,-4.785965806676984,-5.2934464252333395,-7.343168196266037,-6.28256235674689,-6.921509993617702,0.5714285714285714,0.6000000000000001,0.6153846153846155,0.6428571428571428,0.5333333333333332,0.5333333333333333,66970.23745819398
797,2015-11-04,0.010596820499121806,0.018511025412031312,-0.0029510528658196478,0.06350522549098825,-0.002675582173507496,-2.0868046725927125,-4.099101274604189,-4.751120276481979,-6.60172259830275,-5.959028927279142,-6.681538113104057,0.5714285714285714,0.5,0.5384615384615384,0.6428571428571428,0.46666666666666656,0.5333333333333333,73477.19959175588
798,2015-11-05,0.005793600029727841,0.018054392103821204,-0.01360821862559658,0.061638027925141836,-0.004426323902439466,-0.9142894564114767,-3.1616853513894205,-4.031364585689456,-5.650661971927162,-5.517145287431036,-6.228974677514076,0.5714285714285714,0.5,0.5384615384615384,0.6428571428571428,0.46666666666666656,0.4666666666666667,84058.55154864522
799,2015-11-06,-0.005687947220365364,0.00013545504525769303,-0.020449540652737963,0.06089834100576175,-0.005120257158093833,-0.04254953327527122,-2.1471635903542063,-3.3572699386741234,-4.669767024161208,-4.976502931230642,-5.639028223323028,0.42857142857142855,0.5,0.46153846153846156,0.5714285714285714,0.46666666666666656,0.4666666666666667,75007.12974041874
800,2015-11-09,0.02142163056644364,0.02392546980004817,-0.0057031020406608235,0.03819753943280557,-0.026408198944588013,2.652851919073207,0.7451735686645033,-0.6446045994984106,-1.7236901421858408,-2.39008192791349,-3.058567725910122,0.42857142857142855,0.39999999999999997,0.46153846153846156,0.5,0.3999999999999999,0.4666666666666667,82274.70012902629
801,2015-11-10,-0.008836103824382158,0.0020709926825899228,-0.011045188457821431,0.07436807562506997,0.00751132061774773,1.777089993734915,0.34220540676330735,-1.2072163537916736,-2.0248394752257592,-3.097982248688136,-3.720461636970318,0.42857142857142855,0.5,0.5384615384615384,0.5714285714285714,0.46666666666666656,0.4666666666666667,60385.58014634819
802,2015-11-11,0.008760908982844873,0.013071811260085608,-0.0012516200110349596,0.058702620447107945,-0.007179331346370499,2.030318708030565,1.170115173560271,-0.32624246831620685,-0.9718724562851722,-2.3991058439013613,-2.9254720685600977,0.2857142857142857,0.39999999999999997,0.5384615384615384,0.5,0.46666666666666656,0.4,58276.009691168976
803,2015-11-12,0.031459304896049645,0.03393524416339977,-0.003641129994690906,0.018163888490151825,-0.04519510011993744,5.592752320967698,5.637482135724814,4.3037774445137345,3.728285888379279,2.0440655423498377,1.8187663966934053,0.14285714285714285,0.3000000000000001,0.46153846153846156,0.42857142857142855,0.46666666666666656,0.33333333333333315,127172.01909857156
804,2015-11-13,-0.013356312509966162,0.007180813177401157,-0.016228594696047538,0.08142300177039341,0.014127332990067298,3.112372896297888,3.9720150367430485,2.8222399218113425,2.2624057237715878,0.4456153481931846,0.6206498182529829,0.2857142857142857,0.39999999999999997,0.46153846153846156,0.42857142857142855,0.5333333333333332,0.33333333333333315,92338.5128108364
805,2015-11-16,-0.01292791608080579,0.0032675664621049094,-0.016479556989338895,0.0779973599095396,0.010914849769908974,1.221763938529019,2.8494289706079368,1.8121975459495676,1.1982520303765565,-0.7353478530553126,-0.1692398147195573,0.42857142857142855,0.5,0.5384615384615384,0.5,0.5999999999999999,0.4,73412.83823574141
806,2015-11-17,0.01066433219000329,0.013978988528303482,-0.004899783901135324,0.05120893422470929,-0.014206379206744613,1.764340555665922,4.066025518376137,3.3401986932980687,2.57139821162935,0.6376652962986507,1.5078681550296569,0.42857142857142855,0.39999999999999997,0.5384615384615384,0.42857142857142855,0.5333333333333332,0.4,69346.16917923576
807,2015-11-18,-0.00597266780432304,0.001848649032992089,-0.013367505688282044,0.0806499076491527,0.013402210319398478,0.09955775785694954,2.5221543453321615,2.0295062045447843,1.2051442683042701,-0.7285619087423534,0.39630766966045616,0.5714285714285714,0.5,0.5384615384615384,0.5,0.5333333333333332,0.4,53871.298065984076
808,2015-11-19,-0.007426407059114903,0.001285404225310094,-0.02027990661010748,0.06180899292811226,-0.004266130956053882,0.03672968280366007,2.658426644667089,2.5428113467866886,1.654008439598842,-0.3327504884293453,1.0852153160279876,0.42857142857142855,0.39999999999999997,0.5384615384615384,0.5,0.5333333333333332,0.4,89916.17037634263
809,2015-11-20,-0.009277424926587452,0.000983975273882054,-0.013775583550401871,0.08341510599581348,0.015995389165559537,-1.6928297834581385,0.7209188578119141,0.9458256404340393,0.14124220682403266,-1.844441153114651,-0.2585808181263194,0.5714285714285714,0.39999999999999997,0.5384615384615384,0.5714285714285714,0.5333333333333332,0.4666666666666667,91299.25430559817
810,2015-11-23,-0.0005631371682542907,0.012390946735748143,-0.001830442206298577,0.06455951127752613,-0.0016867168209824257,-1.0520206870144877,0.5159485372452144,1.0674339108986075,0.3653263530350115,-1.4792193318754143,0.014721723387922658,0.5714285714285714,0.3000000000000001,0.46153846153846156,0.5,0.46666666666666656,0.4666666666666667,54175.29065796778
811,2015-11-24,-0.008683515162926758,0.0043416945562548825,-0.013445377774639167,0.07206389260382551,0.005350724791747252,-1.2245023047320225,-0.3341465455107384,0.5215264045190349,-0.10117408264195271,-1.7655369315485059,-0.4630502265512648,0.5714285714285714,0.39999999999999997,0.5384615384615384,0.5,0.46666666666666656,0.5333333333333333,53871.5475105729
812,2015-11-25,0.003496992684207445,0.005595202282702605,-0.010770695503446559,0.06770219295343116,0.001260229140635838,-1.1290161637025675,-0.7323578281963727,0.4682754347811402,-0.09801704947702827,-1.6092529971588942,-0.5128829378919453,0.5714285714285714,0.5,0.6153846153846155,0.5714285714285714,0.5333333333333332,0.6,48858.98178374547
813,2015-11-27,-0.0005616540218805754,0.004352681769830502,-0.007301375915453878,0.06233101076334302,-0.0037766150309962443,-0.3871335510957863,-0.6188067940053332,0.7989977832672635,0.41688159582820017,-0.9814909375561287,-0.12875440245746494,0.5714285714285714,0.5,0.5384615384615384,0.5714285714285714,0.46666666666666656,0.5333333333333333,23055.725315126016
814,2015-11-30,-0.018169304386254637,0.0019270336702812418,-0.02064693680256191,0.08776926200120538,0.020078602968317982,-1.8896855778698707,-2.5002437704810587,-1.1404965843286874,-1.4044840302478212,-2.6679220261067504,-2.0104758799451727,0.5714285714285714,0.6000000000000001,0.6153846153846155,0.5714285714285714,0.5333333333333332,0.5333333333333333,77533.75354343417
815,2015-12-01,0.010760257427620434,0.015092244692349155,-0.009921744268355015,0.05035917558486114,-0.0150034477204255,-0.0878368227312909,-1.1019692393961722,0.27017126901023314,0.23007687344134276,-0.9231226892098543,-0.44446928422338106,0.5714285714285714,0.5,0.5384615384615384,0.5714285714285714,0.5333333333333332,0.5333333333333333,91927.45421823517
816,2015-12-02,0.0023933267970339678,0.015486386252096196,-0.005772152692836263,0.058460394156470086,-0.007406451166432126,0.6355554470917291,-0.4525142798798898,0.7964536454476923,0.985507237704808,0.019164360203771658,0.3641737801170608,0.42857142857142855,0.5,0.46153846153846156,0.5,0.5333333333333332,0.4666666666666667,71351.95046252217
817,2015-12-03,0.021682984228647006,0.02268813932636604,-0.0038770247541216607,0.04549054953245002,-0.019569139286381265,2.36112477715944,1.63494207403716,2.458908192112097,2.8929414372890205,2.057387995297333,2.3555793116142754,0.42857142857142855,0.5,0.3846153846153847,0.42857142857142855,0.46666666666666656,0.4,116753.74033249196
818,2015-12-04,-0.008859702392410629,0.0007144326644286103,-0.01686195983729799,0.07156455354645974,0.004882218170993102,1.57392144793147,1.1768729891210805,1.6501385880865804,2.314442763661595,1.559593405479931,1.8555419199491885,0.42857142857142855,0.5,0.46153846153846156,0.5,0.46666666666666656,0.4,75049.0110724488
819,2015-12-07,0.00468108536159928,0.005412551120354658,-0.00936219998007315,0.04167269775746729,-0.023149331565679443,3.326915120883167,3.3624428624440927,3.650832146039029,4.633026595062106,3.9230813564935962,4.246323725671086,0.2857142857142857,0.39999999999999997,0.46153846153846156,0.5,0.46666666666666656,0.4,99558.68256934344
820,2015-12-08,0.00676280422658837,0.009317748582540641,-0.005410294478354394,0.037967716646236216,-0.026623777936934268,5.14834631650789,5.883672034651521,5.963468836937791,7.203502057825406,6.604349083254624,7.013319005577068,0.2857142857142857,0.39999999999999997,0.46153846153846156,0.42857142857142855,0.46666666666666656,0.33333333333333315,103189.56051712412
821,2015-12-09,0.005917144232004734,0.016841039791167356,-0.011379152700400352,0.056261980904400044,-0.009467959382105873,4.692537282330522,6.417833677869855,6.544269666362479,7.899832985066402,7.457079286600421,7.880866338697934,0.14285714285714285,0.3000000000000001,0.46153846153846156,0.42857142857142855,0.3999999999999999,0.33333333333333315,130146.1624853793
822,2015-12-10,-0.006025821302763967,0.010695978187525323,-0.007080340783986561,0.07396223581021277,0.007130847468201029,2.8364831013004244,5.272673134693462,5.355889284933957,6.780227237302561,6.576414432305988,7.008564966210051,0.2857142857142857,0.39999999999999997,0.46153846153846156,0.42857142857142855,0.46666666666666656,0.4,86758.57005541895
823,2015-12-11,-0.0007642213052116986,0.010239920525752622,-0.014519287788476443,0.05109701805398492,-0.014311449765442075,3.106912847780796,6.1778047640693945,6.4139721711682585,7.844252521656103,7.979558930248265,8.324262533283267,0.2857142857142857,0.3000000000000001,0.46153846153846156,0.35714285714285715,0.3999999999999999,0.4,115734.90096286107
824,2015-12-14,-0.007410858707916135,0.000907395603112926,-0.021022382591241007,0.07760360721435045,0.010545520992636392,1.2704217259356998,4.540448113210815,5.120562148511376,6.25270310436139,6.7155984657159,6.950566926864177,0.42857142857142855,0.39999999999999997,0.5384615384615384,0.35714285714285715,0.3999999999999999,0.4,111479.63620021312
825,2015-12-15,-0.019325857677902625,0.0031460524344568697,-0.022621752808988815,0.07651865575381556,0.009528165824450152,-0.37666990156427493,3.056177289118267,3.92295208401372,4.8325298169162645,5.590782018741902,5.73696937301893,0.42857142857142855,0.39999999999999997,0.5384615384615384,0.42857142857142855,0.46666666666666656,0.4,90803.49438202247
826,2015-12-16,-0.022150029206290167,0.002362610715259894,-0.0233313936306645,0.08185437569351217,0.014531818579605726,-1.9386522739528123,1.1823898167368618,2.2466461838634544,2.988144574934748,4.036499298160434,4.109779236333777,0.5714285714285714,0.39999999999999997,0.5384615384615384,0.5,0.5333333333333332,0.4666666666666667,99638.69138157574
827,2015-12-17,0.03513093882493257,0.04021571524758971,-0.0003082434419646729,0.021952917953417916,-0.041642076417416685,1.961263103258526,4.88333917420527,6.359969325029868,6.971167536409784,8.424806572067434,8.322255972603255,0.5714285714285714,0.39999999999999997,0.5384615384615384,0.5,0.46666666666666656,0.4666666666666667,104775.5761239884
828,2015-12-18,-0.007832944127892039,0.011672584677121955,-0.015512255943599174,0.06980874084170363,0.003235715436925801,1.4568805190116052,3.7178891756617594,5.635888839522329,6.2542570132278374,7.914815077873416,7.67185744764558,0.7142857142857143,0.39999999999999997,0.5384615384615384,0.5714285714285714,0.5333333333333332,0.4666666666666667,207200.6555490454
829,2015-12-21,0.005364776375376357,0.008890282308101849,-0.013182112605214957,0.06848737313697861,0.0019966826119250936,1.005079522273089,2.819259750267844,5.076493047982034,5.648922435881709,7.566200323767891,7.117893343708515,0.7142857142857143,0.5,0.6153846153846155,0.5714285714285714,0.5333333333333332,0.5333333333333333,81413.77870676821
830,2015-12-22,-0.03157438786292133,0.005554699280532205,-0.0336208575576169,0.11817244898761436,0.04858991041724581,-3.0530291971939794,-2.2187728035594767,0.017393407874677358,0.5706060413670055,2.4957958514415957,1.9065625722207047,0.8571428571428571,0.6000000000000001,0.6153846153846155,0.6428571428571428,0.5333333333333332,0.5333333333333333,141750.19767570836
831,2015-12-23,-0.0042925025653527404,0.008584904973313767,-0.01287739323046777,0.08942799511373867,0.021634023237379507,-4.335371868887661,-4.263828992462604,-2.177557827019738,-1.4962148374980222,0.2619895919936388,-0.4500807053237965,0.8571428571428571,0.7000000000000002,0.6923076923076923,0.7142857142857142,0.5333333333333332,0.5333333333333333,108545.28857556572
832,2015-12-24,0.0053329924473763946,0.007495027709499613,-0.0046122659820814205,0.05857693229548855,-0.007296949014230392,-3.0906486778464304,-3.6218824770265057,-1.5971488116601096,-0.7850230181614015,0.9255350140614071,0.06876387382912519,0.7142857142857143,0.6000000000000001,0.6153846153846155,0.6428571428571428,0.5333333333333332,0.5333333333333333,33468.30095716205
833,2015-12-28,0.00787403009991161,0.008748876968536878,-0.008019874365124524,0.05406231346321411,-0.011530654438191679,-1.7810392508784467,-2.4747019004801807,-0.6513204559365215,0.27807715062793115,2.0400086347920343,1.001111439407154,0.5714285714285714,0.6000000000000001,0.5384615384615384,0.5714285714285714,0.5333333333333332,0.5333333333333333,56633.58569161314
834,2015-12-29,0.0004335742033940715,0.0054920940745164515,-0.008238170017685675,0.07584307867438556,0.00889454289148639,-1.7611906653621112,-3.060924159678058,-1.6669032486490098,-0.6163115127538643,1.0447461735132224,-0.08134464438864786,0.7142857142857143,0.7000000000000002,0.6153846153846155,0.6428571428571428,0.5999999999999999,0.5333333333333333,51155.234971636506
835,2015-12-30,-0.00043671566642267123,0.013684597068434945,-0.0017470082472849091,0.05865229451820042,-0.0072263921007557075,-0.3015638240490226,-2.0662220653320684,-1.2256623365526464,0.02235292609060746,1.666558152418296,0.5128592733114168,0.5714285714285714,0.7000000000000002,0.5384615384615384,0.5714285714285714,0.5999999999999999,0.5333333333333333,45980.94654296268
836,2015-12-31,0.007210094279136214,0.01677455881069112,-0.00029424661998578294,0.05502549510440846,-0.010627581210883696,1.341134551858647,-0.8481793053585429,-0.4169036180592056,0.9885098702959505,2.5824096785943773,1.4046165850849501,0.42857142857142855,0.6000000000000001,0.5384615384615384,0.5714285714285714,0.5333333333333332,0.4666666666666667,63826.25226349695
837,2016-01-04,-0.016325945472156045,0.0013237829481917984,-0.0333872196907552,0.06682901799492225,0.0004415595863880295,1.2081571873227448,-0.6229945596441078,-0.6737718405772419,0.7784720056205785,2.314762016014038,1.1951303784151213,0.42857142857142855,0.7000000000000002,0.6153846153846155,0.5714285714285714,0.5999999999999999,0.4666666666666667,126295.51790841353
838,2016-01-05,0.016349554345266748,0.017241424156382745,-0.012782416955743336,0.05522250138427376,-0.010442766223795252,1.7220184508732528,0.5488806010947478,0.2073801423440269,1.643453211893764,3.1301329759858776,2.2044349729902324,0.2857142857142857,0.6000000000000001,0.6153846153846155,0.5714285714285714,0.5999999999999999,0.4,91246.02870462289
839,2016-01-06,-0.0036242524369638485,0.009513696624680046,-0.009060676395942657,0.049557731562474894,-0.015754999311098916,2.6685913871417277,2.101217355510676,1.5410365755375688,2.9911073424461865,4.481450495647721,3.6933126061005517,0.2857142857142857,0.5,0.5384615384615384,0.5,0.5333333333333332,0.4,100260.24886346649
840,2016-01-07,0.017829262086788367,0.024710635356750776,-0.0043790898401484535,0.029642728621551262,-0.0344307606236981,5.292911615567286,5.319723528689924,4.832660492983254,6.241904839034151,7.8243034713102455,7.10264491969248,0.2857142857142857,0.39999999999999997,0.5384615384615384,0.42857142857142855,0.46666666666666656,0.4,134523.5563735464
841,2016-01-08,0.016432311321973314,0.019592320752215064,-0.005688118096253469,0.05551792374140785,-0.010165826549572543,5.042555358373657,6.219677819653535,5.664787381121172,6.885546839320478,8.534796259906718,7.927236703125762,0.14285714285714285,0.39999999999999997,0.5384615384615384,0.42857142857142855,0.46666666666666656,0.4,130801.65238106097
842,2016-01-11,0.035789766783963284,0.03627785852809717,-0.010086269560984795,0.035693585803311834,-0.028756427045556365,6.474700163606406,8.941643294176504,8.449339389979071,9.400635492401488,11.34467349586965,10.711379269194232,0.14285714285714285,0.3000000000000001,0.5384615384615384,0.35714285714285715,0.3999999999999999,0.4,157301.74674958928
843,2016-01-12,0.0136363803128694,0.014610422552286506,-0.01964284154684548,0.06861337729821715,0.0021147963509071666,4.775050001804426,8.289661794702718,7.850963514512643,8.592305316913574,10.691099943711935,10.08720325375192,0.2857142857142857,0.3000000000000001,0.5384615384615384,0.42857142857142855,0.46666666666666656,0.4,139497.38115254484
844,2016-01-13,0.019379225149929846,0.030711102491560283,-0.00821152912155576,0.05406744622650339,-0.011525982762976117,4.330998073807613,8.670206428456506,8.753495191342386,9.263783751695343,11.550890511081002,10.889900949517695,0.14285714285714285,0.2,0.5384615384615384,0.42857142857142855,0.3999999999999999,0.4,118857.59942287074
845,2016-01-14,-0.016540838284888504,0.011241384294202739,-0.030351678175686625,0.09052604317870183,0.02266390521491579,0.8694805743242107,5.38782453836002,6.048923281650276,6.4196214469237844,8.834412049081308,8.030921887643405,0.2857142857142857,0.2,0.5384615384615384,0.5,0.46666666666666656,0.4666666666666667,148413.96707885017
846,2016-01-15,-0.005845983060731252,0.0036746451256830515,-0.018707182540624423,0.025258784089298603,-0.026504095932029292,2.2959193680585077,7.22483363861437,8.45461070376745,8.765496823966789,11.443602546958287,10.46403177273374,0.2857142857142857,0.2,0.46153846153846156,0.42857142857142855,0.3999999999999999,0.4,209117.09268612147
847,2016-01-19,0.020836846024679945,0.025580247765208286,-0.009317279507323084,0.038395733975427726,-0.014030357287825646,2.7546781114243357,7.6976709547245115,9.364457204850396,9.799890438595526,12.606352508009833,11.475640813672626,0.2857142857142857,0.2,0.3846153846153847,0.42857142857142855,0.33333333333333337,0.33333333333333315,144012.2160598546
848,2016-01-20,-0.012412837741662353,0.009692229047913115,-0.04165958099541611,0.04924706399498846,-0.003726852001768366,2.2409215401625993,6.943742847079548,9.345435258537771,9.791167239036746,12.633991054512506,11.332523681674012,0.2857142857142857,0.09999999999999998,0.3846153846153847,0.42857142857142855,0.33333333333333337,0.33333333333333315,184622.36023425675
849,2016-01-21,-0.01155970868754752,0.01222983769860675,-0.02412462764490919,0.06893112329924622,0.014963316804686322,0.48951951634466084,4.391750599992839,7.365224021485428,7.849150338090882,10.584128976614139,9.113832742614525,0.42857142857142855,0.2,0.3846153846153847,0.5,0.33333333333333337,0.33333333333333315,147398.90195007375
850,2016-01-22,0.00409970482125277,0.025910150869137505,-0.006231584125942935,0.07593299164138734,0.021611749738762454,-1.6030912187573132,1.4642267543136578,4.824295121859934,5.299459380702021,7.925611569055935,6.3513245142946095,0.42857142857142855,0.3000000000000001,0.3846153846153847,0.5,0.3999999999999999,0.4,128165.61200393572
851,2016-01-25,0.018131566223450246,0.024866137109307518,-0.0025902607494386887,0.00015080844170789476,-0.05034447604843484,3.063874038577019,5.7035811957518945,9.587538692426524,10.467865643097696,13.139336536874824,11.38539539487493,0.42857142857142855,0.2,0.3076923076923077,0.5,0.3999999999999999,0.33333333333333315,189456.77931272666
852,2016-01-26,-0.012846484110885625,0.00845165652467883,-0.01808654496281259,0.07590516387012247,0.021585283697878044,0.3211628261534205,2.590204943123431,6.477926597867167,7.762957828931971,10.306819014210777,8.56736603083581,0.42857142857142855,0.3000000000000001,0.3076923076923077,0.5,0.46666666666666656,0.4,137624.08451656526
853,2016-01-27,0.0018861454046639192,0.026920421810699535,-0.014746244855966983,0.03821838165288671,-0.01419888251599477,1.3864484856171755,3.2005726435788695,7.1785559345856065,8.849415533386228,11.397656267109223,9.602265645317631,0.42857142857142855,0.3000000000000001,0.3076923076923077,0.42857142857142855,0.3999999999999999,0.33333333333333315,188850.1659807956
854,2016-01-28,0.01522586721591801,0.02242958341749901,-0.041093679073553435,0.10301377194273642,0.04732526663343539,-2.7154141622136363,-1.7047242783359784,1.816901170455587,3.5915740346033287,5.992622860757546,4.348695089832688,0.5714285714285714,0.39999999999999997,0.3846153846153847,0.42857142857142855,0.46666666666666656,0.33333333333333315,222117.5257983456
855,2016-01-29,-0.008836808842004773,0.0008033258096618034,-0.02377898381172916,0.07317342406108529,0.01899139288732954,-3.741276456820508,-3.5673824230421536,-0.5469825195987155,1.5543071168291789,3.7073566883466746,2.244280478907057,0.7142857142857143,0.5,0.3846153846153847,0.5,0.5333333333333332,0.4,132084.47133401444
856,2016-02-01,-0.01164274303600088,0.006060621912908681,-0.021052631243179687,0.06095592736692468,0.0073908016205517235,-3.7616798324300205,-4.048152248501113,-1.6670438153869593,0.7178313457790964,2.6027750099248514,1.3850212135117168,0.7142857142857143,0.6000000000000001,0.46153846153846156,0.5,0.5999999999999999,0.4,94986.2393143981
857,2016-02-02,0.010054409429846922,0.014504714504852911,-0.003131663198670309,0.019074173350586365,-0.03237650994144092,-0.6145592000733613,-0.8574333332034612,1.1169360928802385,3.8663011159496996,5.64320126203508,4.547098921119752,0.5714285714285714,0.5,0.46153846153846156,0.42857142857142855,0.5333333333333332,0.4,103547.70952855478
858,2016-02-03,-0.028449486328433693,0.005215710447289412,-0.05484433380749176,0.09830572238112212,0.04285489287908528,-3.4884531287258436,-4.577887408970927,-3.330311643130701,-0.6443518761296674,1.0429500708507122,0.1898539622934292,0.7142857142857143,0.6000000000000001,0.46153846153846156,0.42857142857142855,0.5999999999999999,0.4666666666666667,131690.16484905957
859,2016-02-04,-0.03577927586081375,0.015615509636378366,-0.03577927586081375,0.09794900426294184,0.04251619487290115,-5.95166075327872,-7.9864427420249795,-7.307956566634976,-4.8622993268482295,-3.17956474050175,-3.867632200379423,0.7142857142857143,0.6000000000000001,0.5384615384615384,0.42857142857142855,0.5999999999999999,0.5333333333333333,190993.54504236727
860,2016-02-05,-0.006805882933792251,0.009679355277706359,-0.014216620649578515,0.055726889405763425,0.0024256809098832655,-4.493991554175302,-7.533918878468371,-7.480483542376792,-5.222261801761475,-3.521688216045382,-4.091811029026882,0.8571428571428571,0.7000000000000002,0.6153846153846155,0.5,0.5999999999999999,0.5333333333333333,112880.12010521234
861,2016-02-08,0.013007060606780696,0.016413703424784876,-0.01424592709055661,0.0286427950718231,-0.02329093784361591,-1.4422897142803426,-4.7150845441580325,-5.168740003875916,-3.136471522090256,-1.3292305779741054,-1.906623255920692,0.7142857142857143,0.7000000000000002,0.6153846153846155,0.5,0.5333333333333332,0.5333333333333333,97792.4314712471
862,2016-02-09,-0.0004692319724698413,0.007508274675426252,-0.012670123572657621,0.04257191483474165,-0.010065099834211,-0.06256550290515417,-3.1742278457552398,-4.098583880687434,-2.397669792204793,-0.39256287076303575,-0.9167500266193507,0.5714285714285714,0.7000000000000002,0.6153846153846155,0.42857142857142855,0.5333333333333332,0.5333333333333333,88197.02909432192
863,2016-02-10,0.0342774064093565,0.03604760276870933,-0.002252961091936956,0.023684019083025643,-0.02799937280819753,2.6874817506828963,-0.10345023477728033,-1.226463629361929,0.08621839535813969,2.3634976098352523,1.8378949210212658,0.42857142857142855,0.6000000000000001,0.6153846153846155,0.42857142857142855,0.46666666666666656,0.5333333333333333,95837.43089537224
864,2016-02-11,-0.008141996417521558,0.014655609835531713,-0.014655626119524423,0.04079988072409635,-0.011747700278853301,4.080308999708926,1.1340691730882035,-0.007975741482924015,0.9439221200657322,3.419458674960474,2.9078174272243684,0.42857142857142855,0.5,0.5384615384615384,0.42857142857142855,0.3999999999999999,0.4666666666666667,114882.56945122944
865,2016-02-12,-0.018368962205258632,0.005067284083379864,-0.02106099695768815,0.08301300416461799,0.028334243218576693,1.1853824634691312,-1.0598382935608774,-2.5359148494283446,-2.0636171790550994,0.5144284669777566,-0.12736618986428638,0.42857142857142855,0.6000000000000001,0.6153846153846155,0.42857142857142855,0.3999999999999999,0.5333333333333333,68049.67084558445
866,2016-02-16,-0.016101748445050523,0.005213985664989984,-0.02606963695858966,0.08752737663843724,0.03262071854257376,-2.1753908115000886,-3.5226859909718744,-5.343907489146982,-5.225254829847714,-2.664218092343962,-3.4495506863057024,0.42857142857142855,0.6000000000000001,0.6153846153846155,0.5,0.3999999999999999,0.5333333333333333,73904.84379551977
867,2016-02-17,-0.018733303040936566,0.007879854062448732,-0.02289623779672212,0.08628065686287911,0.03143674485852199,-4.914818677367904,-5.513772124903493,-7.705692281238408,-8.015154237412148,-5.583604459812763,-6.445885613197111,0.42857142857142855,0.7000000000000002,0.6923076923076923,0.5714285714285714,0.46666666666666656,0.5333333333333333,109630.27833389003
868,2016-02-18,0.015577721616255813,0.022383468433901932,-0.014821596423702399,0.035321983948031654,-0.01694902807274179,-2.942703562756288,-3.3402473906552155,-5.603807579234954,-6.268762630247149,-3.9832089242406,-4.902551867097305,0.42857142857142855,0.6000000000000001,0.6923076923076923,0.5714285714285714,0.46666666666666656,0.4666666666666667,93397.36236849536
869,2016-02-19,-0.007642922887279857,0.001528569291610049,-0.020482972194526994,0.04202241425005049,-0.0105868492976392,-1.5788080535601767,-1.9587686685895944,-4.112616520870427,-5.10681983357919,-2.9076838394131665,-4.012281210680824,0.42857142857142855,0.5,0.6923076923076923,0.5714285714285714,0.3999999999999999,0.4666666666666667,76350.27105934793
870,2016-02-22,-0.02807903812446977,0.0031198782683072857,-0.02807903812446977,0.08359859578754292,0.028890194738015573,-3.245107946380743,-4.2224604016377505,-6.2659539243510975,-7.421126796789812,-5.527637995138335,-6.730042780449286,0.5714285714285714,0.5,0.6923076923076923,0.6428571428571428,0.46666666666666656,0.4666666666666667,85984.74018676988
871,2016-02-23,0.02021894223500964,0.022195181243465756,-0.0012162055520859028,0.029232970610328923,-0.02273055886772224,-0.045609633253340665,-1.4398658687818089,-3.738291591525933,-4.999507893714849,-3.2815356254602857,-4.618839900814264,0.5714285714285714,0.5,0.6153846153846155,0.5714285714285714,0.46666666666666656,0.4,85122.13902589143
872,2016-02-24,-0.01791135479256334,0.001366180997245614,-0.04265326545172732,0.05477318268840481,0.0015201671024651642,0.39465777311480377,-1.3064848650898964,-3.308319944702054,-4.8323743454433465,-3.4892047954420913,-4.818662210140667,0.5714285714285714,0.5,0.6923076923076923,0.6428571428571428,0.46666666666666656,0.4,97740.35235616358
873,2016-02-25,-0.008725770893248441,0.0,-0.024522415758651772,0.06260411925586506,0.008955720741886664,-0.22566956877785316,-2.127706710126709,-3.6428897527385318,-5.410066236470346,-4.437403999149215,-5.66256988744388,0.5714285714285714,0.5,0.6923076923076923,0.6428571428571428,0.5333333333333332,0.4,64346.82511888333
874,2016-02-26,0.007776222172444225,0.016898414076637724,-0.006280932872098188,0.05950996422573551,0.006017721622396666,-0.905808206428893,-2.6330393330113555,-3.61041411927584,-5.602017632189549,-5.067857002742427,-6.164111681001994,0.5714285714285714,0.5,0.7692307692307693,0.7142857142857142,0.5999999999999999,0.4666666666666667,62056.72115787104
875,2016-02-29,-0.008271758121348172,0.01299859732637798,-0.017872955001755675,0.06624429636055207,0.012411997633346994,-1.7872848492909599,-3.4975597747268994,-4.326495361517225,-6.301946452107532,-6.232834061699788,-7.122472912729993,0.7142857142857143,0.6000000000000001,0.7692307692307693,0.7857142857142856,0.6666666666666665,0.5333333333333333,127668.1341655451
876,2016-03-01,-0.009407932227988414,0.005789579145438095,-0.025329282114881058,0.07479578839946965,0.020531914273013374,-3.0043656310521083,-4.9056109514962305,-5.779211016463092,-7.655644683689888,-8.093282145922176,-8.718843630981944,0.8571428571428571,0.7000000000000002,0.7692307692307693,0.8571428571428572,0.7333333333333332,0.5333333333333333,64430.904150059585
877,2016-03-02,-0.009080383788428237,0.007927400169821297,-0.016863621369139103,0.057592773321015533,0.004197552058283982,-2.983581232552568,-4.55772792734378,-5.714571686595615,-7.542838575402677,-8.42462469119678,-8.743354889943678,0.8571428571428571,0.8000000000000003,0.7692307692307693,0.8571428571428572,0.7999999999999998,0.6,69201.943320969
878,2016-03-03,-0.02968636933797919,0.004599331010452845,-0.03289199999999992,0.08914811676651468,0.03415957096155964,-4.999502927881627,-6.680936337506793,-8.09357839229914,-10.060725783586866,-11.295818713775885,-11.323161524617598,1.0,0.9000000000000001,0.8461538461538461,0.8571428571428572,0.7999999999999998,0.6666666666666669,99966.94425087108
879,2016-03-04,-0.010296540927871578,0.015376208971785266,-0.017847268964704455,0.06917155786260198,0.01519160174795764,-5.056089126380359,-7.127165107771516,-8.843253935779238,-10.674566509157357,-12.437196952206941,-12.151874171108135,1.0,0.9000000000000001,0.8461538461538461,0.9285714285714286,0.8666666666666665,0.6666666666666669,130717.01925963862
880,2016-03-07,-0.02634738637210321,0.012839454841759412,-0.02634738637210321,0.08107750509105549,0.026496405362931297,-5.921011202491955,-8.611165898646146,-10.635149242462816,-12.234656814452283,-14.432407546032133,-13.912372513641714,1.0,0.9000000000000001,0.8461538461538461,0.9285714285714286,0.8666666666666665,0.7333333333333333,143644.8530284547
881,2016-03-08,0.028579337993336118,0.033179951212326086,-0.002927728861240819,0.010352414372424956,-0.04065773164722675,-0.9659458418377675,-4.292906419667741,-6.475362458867961,-7.847404608516539,-10.59590575506466,-9.79149955594405,0.8571428571428571,0.8000000000000003,0.7692307692307693,0.9285714285714286,0.8666666666666665,0.7333333333333333,121961.91139148566
882,2016-03-09,0.006400431067186574,0.011548545503747842,-0.008487560519511828,0.05522754152284226,0.001951693690787737,-0.32997157251952736,-3.9078642178080436,-6.174522972234353,-7.490721377328691,-10.481151982894843,-9.456770292278161,0.8571428571428571,0.9000000000000001,0.8461538461538461,0.9285714285714286,0.9333333333333333,0.7999999999999999,68287.57374612882
883,2016-03-10,0.00938898529443688,0.00938898529443688,-0.012191745905384632,0.045698580641508224,-0.00709628690111741,0.8368071970521029,-2.6265222699130897,-5.008142511692326,-6.373118989097071,-9.545989594406457,-8.30717533381703,0.7142857142857143,0.9000000000000001,0.8461538461538461,0.8571428571428572,0.9333333333333333,0.7999999999999999,89018.05704849976
884,2016-03-11,-0.006043983267418396,0.004120810269746755,-0.007142911793561302,0.07442457556024817,0.02017955227844248,-0.48666879351194625,-4.013948357835373,-6.189839065509862,-7.7296084305707,-10.939793445967938,-9.606373785322331,0.7142857142857143,0.9000000000000001,0.9230769230769232,0.8571428571428572,0.9333333333333333,0.8666666666666668,65754.49179579016
885,2016-03-14,0.0,0.009762119767821487,-0.008249772793217036,0.05215937003649307,-0.0009616704418831112,-0.19838386080971437,-3.2389885750320646,-5.358374697144075,-7.0485790400161115,-10.464766758429578,-9.057771467539066,0.5714285714285714,0.9000000000000001,0.9230769230769232,0.8571428571428572,0.8666666666666665,0.7999999999999999,69571.38816558279
886,2016-03-15,-0.013804527504016395,0.0004141220205928775,-0.02181116726087351,0.04897279370973151,-0.003987370796537326,0.12227351953748578,-2.2047807390307317,-4.368806753617971,-6.2243652361979045,-9.701955257744698,-8.12061414823969,0.42857142857142855,0.8000000000000003,0.8461538461538461,0.7857142857142856,0.8666666666666665,0.7999999999999999,64526.88336477406
887,2016-03-16,-0.02354049090882382,0.002286871255683165,-0.028786644002509854,0.080795328742439,0.026228435395150296,-2.5192929146163223,-3.9480620938081357,-6.228128703297875,-8.218501161083125,-11.59856291609297,-9.885456044573537,0.42857142857142855,0.8000000000000003,0.8461538461538461,0.7857142857142856,0.8666666666666665,0.7999999999999999,89334.49041353191
888,2016-03-17,-0.022397957249065792,0.005270105262974889,-0.03135711379823147,0.07527282142896574,0.02098487649358627,-3.738003360243436,-5.072468558565646,-7.6134072576765295,-9.64474573139762,-12.91267262014636,-11.075857647771215,0.5714285714285714,0.8000000000000003,0.8461538461538461,0.7857142857142856,0.9333333333333333,0.8666666666666668,175440.36560101804
889,2016-03-18,0.008082695003541751,0.019477951245820302,-0.01099777380418998,0.04720553269743477,-0.005665510901628812,-2.508081864720446,-3.796199137153089,-6.497054316936746,-8.614578781416016,-11.897812889509884,-10.024410276303641,0.42857142857142855,0.7000000000000002,0.8461538461538461,0.7857142857142856,0.8666666666666665,0.8666666666666668,182193.24695648276
890,2016-03-21,-0.004743708060926388,0.006061391567550256,-0.011200395456587131,0.05903329948771341,0.005565346353503031,-2.194915578059453,-3.6886182721763805,-6.357583955748569,-8.557510326817507,-11.849555042294458,-10.008482195282308,0.5714285714285714,0.7000000000000002,0.9230769230769232,0.8571428571428572,0.8666666666666665,0.9333333333333335,56866.83577372296
891,2016-03-22,0.0005293580200123049,0.007015208192645561,-0.004103308903905756,0.048453699467690736,-0.004480317950545265,-1.2347521560004293,-2.671830272635556,-5.41678178259385,-7.512052449134798,-10.953008945846033,-9.117517108681405,0.42857142857142855,0.6000000000000001,0.8461538461538461,0.8571428571428572,0.7999999999999998,0.8666666666666668,47988.409080499965
892,2016-03-23,0.01750815689467955,0.01954401465798039,-0.0014929424538546732,0.027104275353608376,-0.02475173538872033,1.4560976385459945,-0.0145447242588026,-2.5056924048670437,-4.569960846546106,-8.282604723037357,-6.306427283193816,0.42857142857142855,0.5,0.8461538461538461,0.8571428571428572,0.7999999999999998,0.7999999999999999,72649.65146579804
893,2016-03-24,-0.03134547707072011,0.0007968787249716947,-0.03400183246112598,0.07618525280311661,0.021851277317813,-0.17267342111074724,-1.9201990032627347,-3.9953519667010884,-6.03476900866603,-9.694269311208304,-7.853830369861148,0.5714285714285714,0.5,0.8461538461538461,0.8571428571428572,0.7999999999999998,0.8666666666666668,93452.31261185664
894,2016-03-28,-0.0022570100902813417,0.0030536776420606593,-0.011417963356346261,0.05359172945599622,0.00039851002098334476,-0.026562211486425014,-1.9071091962474696,-3.474077425127098,-5.592816590919969,-9.219406205973002,-7.53548011104378,0.5714285714285714,0.5,0.8461538461538461,0.8571428571428572,0.7999999999999998,0.8666666666666668,45476.96070100903
895,2016-03-29,-0.013682423005330291,0.0005262596888235826,-0.02394421723604212,0.06282007561221459,0.009160848830368717,-0.9134159402516717,-2.3953641940251402,-3.777702930581772,-6.038684919063286,-9.489358898137379,-8.003088515703272,0.5714285714285714,0.6000000000000001,0.8461538461538461,0.8571428571428572,0.7999999999999998,0.9333333333333335,53741.92714792982
896,2016-03-30,0.0056201802216657715,0.00967191191551664,-0.006535093281006543,0.060099977221221845,0.006578161968751495,-1.3667746920639323,-2.60004389825933,-3.858205355376565,-6.1677405395068385,-9.600687652610418,-8.15879728287009,0.7142857142857143,0.6000000000000001,0.8461538461538461,0.9285714285714286,0.8666666666666665,0.9333333333333335,63870.38769124591
897,2016-03-31,-0.003135589193420607,0.0077083354101341595,-0.003919558349626984,0.053584981841420465,0.00039192149478806115,-1.2840997427242984,-2.1547948964129593,-3.432371922097932,-5.685631284469217,-9.191268928386066,-7.724062151210919,0.7142857142857143,0.7000000000000002,0.8461538461538461,1.0,0.9333333333333333,0.9333333333333335,56815.04315630986
898,2016-04-01,-0.01484566981578761,0.0010418283495008396,-0.027607800135332705,0.05661216158793381,0.0032662098187077326,-1.3747929294787409,-2.1021971266377393,-3.2872467620936874,-5.551773267170034,-9.05002911334687,-7.4793878162540235,0.8571428571428571,0.7000000000000002,0.8461538461538461,1.0,1.0,0.9333333333333335,63526.802272069246
899,2016-04-04,0.011093462611021288,0.017432646362484983,-0.003962004702033561,0.03849726594888736,-0.013933980650486566,0.40374439769856885,-0.4367608393580191,-1.6709434382021437,-3.7483040265695045,-7.291591048073709,-5.6320306738151915,0.8571428571428571,0.7000000000000002,0.7692307692307693,1.0,1.0,0.9333333333333335,57440.89041941508
900,2016-04-05,0.0010632908310284073,0.008107389901844453,-0.008506113995377818,0.04649589449941338,-0.006339228329429236,1.0347918986740812,0.46423542775171356,-0.8917414709458837,-2.6899573359869033,-6.321354215186126,-4.570892019094764,0.7142857142857143,0.7000000000000002,0.6923076923076923,0.9285714285714286,0.9333333333333333,0.8666666666666668,58303.09511706792
901,2016-04-06,0.003988247753413443,0.004653004458215815,-0.020207444559858456,0.05289228541129587,-0.00026570062610964396,1.0426511798456994,0.5745018401859259,-0.8369127213508243,-2.248646844166524,-6.003348559498201,-4.165311536493865,0.5714285714285714,0.6000000000000001,0.6153846153846155,0.8571428571428572,0.8666666666666665,0.7999999999999999,65537.4197615206
902,2016-04-07,0.004314412951716529,0.00687612260687942,-0.005527787664225237,0.03847078627025935,-0.013959024716711621,2.1186775645380296,1.8316931961905647,0.7235569410201093,-0.5133068247333172,-4.414256453104981,-2.542430116767236,0.42857142857142855,0.5,0.6153846153846155,0.7857142857142856,0.7999999999999998,0.7333333333333333,64725.98030812944
903,2016-04-08,0.009145945101437736,0.012104936438599445,-0.004707437920845714,0.05572793905897999,0.0024267685811210082,1.4564315708293085,1.4775711006806747,0.6385522413577593,-0.43471777935416567,-4.332789162342776,-2.4620997092085206,0.42857142857142855,0.6000000000000001,0.6153846153846155,0.7857142857142856,0.8666666666666665,0.7999999999999999,66051.4563833882
904,2016-04-11,-0.00026793515749445884,0.015409380225487546,-0.00026793515749445884,0.05713833646534616,0.0037658376872595767,0.7101819791463626,0.9762600415531786,0.4696334818661274,-0.5431406387536697,-4.350338320657199,-2.47543713641013,0.42857142857142855,0.6000000000000001,0.6923076923076923,0.7857142857142856,0.9333333333333333,0.8666666666666668,52321.12457411729
905,2016-04-12,-0.013666229005682817,0.008409987080420178,-0.02141914642363074,0.07391679154183683,0.01969727145677691,-1.3647427282497682,-0.9226526907572086,-1.264622370259716,-2.1489531455471167,-5.761213475382931,-4.029280931327972,0.42857142857142855,0.7000000000000002,0.6923076923076923,0.7857142857142856,0.9333333333333333,0.9333333333333335,67405.04644956758
906,2016-04-13,-0.02856052174499646,0.0003792114386154122,-0.032478189023563475,0.09510529708389348,0.039816123053359576,-4.526011271008312,-4.224516108855947,-4.660207578661546,-5.562729977482439,-8.836578835295683,-7.222116163276926,0.5714285714285714,0.8000000000000003,0.7692307692307693,0.7857142857142856,1.0,0.9999999999999999,118357.40206085183
907,2016-04-14,0.004933573500307098,0.008475622701747287,-0.008602150211177162,0.05210739698950628,-0.001010954720147561,-3.740858234265809,-3.787844534863949,-4.165544691545852,-5.186597166890062,-8.265422117429255,-6.652216870577465,0.5714285714285714,0.7000000000000002,0.7692307692307693,0.7142857142857142,0.9333333333333333,0.9333333333333335,67959.78173456868
908,2016-04-15,0.002652507329859999,0.007704951565111751,-0.005557597715235674,0.054770782861899514,0.0015178734157788032,-3.1739956860967755,-3.586308555802864,-4.020274304942073,-5.131805780362708,-7.984620741156368,-6.335365771965318,0.7142857142857143,0.7000000000000002,0.7692307692307693,0.7142857142857142,0.9333333333333333,0.9333333333333335,69577.12478408802
909,2016-04-18,-0.00984225867507893,0.007823381703470078,-0.01400632176656147,0.05423644082328094,0.0010105504790358655,-2.3560177826111195,-3.3916180542522767,-3.915877092252029,-4.888687325312013,-7.717290428846868,-5.983595741119496,0.8571428571428571,0.7000000000000002,0.7692307692307693,0.7857142857142856,0.9333333333333333,0.9333333333333335,60835.59305993691
910,2016-04-19,-0.004975755752901545,0.006219679141929113,-0.011568603203988226,0.0683218758834021,0.014384843272567505,-2.6673540561650944,-4.416860506985476,-4.986995164953512,-5.858935495685158,-8.603296033318674,-6.865812597866494,0.8571428571428571,0.7000000000000002,0.8461538461538461,0.7857142857142856,0.9333333333333333,0.9999999999999999,78161.7077766228
911,2016-04-20,0.006395811547424524,0.010785051687611125,-0.005517870717779538,0.04465663554343546,-0.008085647802220652,-0.958465230571659,-3.3510632987743816,-3.9825780579112458,-4.716212345146598,-7.430690385662297,-5.725026569259417,0.7142857142857143,0.6000000000000001,0.7692307692307693,0.7857142857142856,0.8666666666666665,0.9999999999999999,67177.33125604042
912,2016-04-21,0.0011441138497780834,0.011695880412108783,-0.0059751077561601695,0.03890811053701726,-0.003925529813062156,0.030246349637952363,-2.7330265571743007,-3.3717361162672432,-4.042718064695217,-6.702648582359149,-4.992079919585879,0.5714285714285714,0.5,0.7692307692307693,0.7142857142857142,0.7999999999999998,0.9333333333333335,82748.80509789956
913,2016-04-22,0.0077885597548521535,0.010980592441266701,-0.014300344739530124,0.03849412093919047,-0.004322387028062757,0.456120822869055,-2.006969612666709,-2.6268851916714575,-3.3392210441048897,-5.89710065935366,-4.314684883000785,0.42857142857142855,0.5,0.7692307692307693,0.7142857142857142,0.7333333333333332,0.9333333333333335,128952.01327885599
914,2016-04-25,0.022268511234945665,0.026956634627469223,-0.007683344085384292,0.022627092343744604,-0.019535133625757428,2.179210747942295,0.15723938796998738,-0.548685785999925,-1.1784691070278464,-3.664159929120314,-2.235076963168958,0.42857142857142855,0.5,0.6923076923076923,0.7142857142857142,0.6666666666666665,0.8666666666666668,105218.42824300783
915,2016-04-26,-0.006439149866345195,0.0011589954627431176,-0.015196406562874354,0.05468326829996628,0.011199323438018327,0.9085531716653827,-0.6616850473398883,-1.4626474430078362,-2.087688546823263,-4.368617827127541,-3.185314926448324,0.42857142857142855,0.6000000000000001,0.6923076923076923,0.7142857142857142,0.6666666666666665,0.8666666666666668,78375.04434317979
916,2016-04-27,-0.008896759023894418,0.0026690264361972638,-0.013726512455516149,0.05683738055843701,0.013264544878919038,-0.3769776950684811,-1.4876594780463215,-2.5465735511206233,-3.2099915197441042,-5.24359348598209,-4.1751759127296895,0.42857142857142855,0.7000000000000002,0.6923076923076923,0.7142857142857142,0.7333333333333332,0.8666666666666668,56675.41077783426
917,2016-04-28,0.0036012733118970797,0.018263639871382686,-0.0019292861736334155,0.030674107528353867,-0.011819916483979953,0.4722045624625304,0.06899050634290305,-1.2597097286536907,-1.9140498986025434,-3.782400932964236,-2.7874066017544497,0.2857142857142857,0.6000000000000001,0.6153846153846155,0.7142857142857142,0.6666666666666665,0.7999999999999999,62308.967845659165
918,2016-04-29,0.0038599587768919363,0.016469364173065326,-0.005146693191627749,0.042599876492429134,-0.0003858370723343052,0.2812245063162022,0.457835234747761,-1.1040137595220267,-1.758422226253853,-3.4604436172510744,-2.490745492272328,0.2857142857142857,0.5,0.5384615384615384,0.6428571428571428,0.6666666666666665,0.7333333333333333,99107.33634703634
919,2016-05-02,-0.006294938658527149,0.0029548305732183255,-0.015673086622460808,0.04461263818169958,0.0015437829601874231,-0.023842928934825203,0.5300886894400669,-1.146855939389546,-1.7713111249189506,-3.329985425656601,-2.430249359453507,0.42857142857142855,0.5,0.5384615384615384,0.7142857142857142,0.6666666666666665,0.7333333333333333,42780.348549915136
920,2016-05-03,0.00641693286515288,0.00969089824920255,-0.010214758902373555,0.023171552529621442,-0.019013102544995775,1.5471734011745175,2.290888815540848,0.8545856570184807,0.2911416224109953,-1.2910189020312601,-0.37708976291946916,0.42857142857142855,0.39999999999999997,0.5384615384615384,0.7142857142857142,0.6666666666666665,0.6666666666666669,62609.004418412725
921,2016-05-04,0.026131493160870045,0.02788254385459421,-0.004579687623375239,0.014045112524385006,-0.02776331022688161,3.9562793843525235,4.82257744097172,3.7170619306273522,3.139530461533746,1.5951842816454453,2.5639483733351343,0.42857142857142855,0.39999999999999997,0.5384615384615384,0.6428571428571428,0.6666666666666665,0.6,93454.0132935079
922,2016-05-05,0.01868389863052755,0.02486601147319667,-0.0012364885116570301,0.022631211948906937,-0.01953118815120125,5.073295447853199,6.359623293936556,5.671679986839884,5.105647647381506,3.5778377961301677,4.574385700770267,0.2857142857142857,0.3000000000000001,0.5384615384615384,0.5714285714285714,0.5999999999999999,0.5333333333333333,110882.36157599448
923,2016-05-06,-0.016357646996215225,0.0008178435003021178,-0.023718620178317606,0.05116977168208847,0.007830655864302205,3.220909592751253,5.034247867793695,4.844542402011132,4.195717391099896,2.8484401961447636,3.691481866590851,0.2857142857142857,0.3000000000000001,0.6153846153846155,0.5714285714285714,0.5999999999999999,0.6,94505.54178698825
924,2016-05-09,0.021898884174892164,0.02613729904121631,-0.0029669257271395244,0.006320969674862731,-0.03516909853558681,5.576644547770537,7.971388758569131,8.474356647770254,7.741913380796728,6.5840523659724814,7.311243956586488,0.2857142857142857,0.2,0.5384615384615384,0.5,0.5999999999999999,0.5333333333333333,132875.52066793613
925,2016-05-10,-0.023858818815092553,0.0027581987930436203,-0.02647918834700902,0.06849546441297183,0.024441976748678762,2.031249475359953,4.758953489326423,5.794388566701869,5.009227417958373,4.10147090017019,4.646615923587438,0.42857142857142855,0.3000000000000001,0.5384615384615384,0.5,0.5999999999999999,0.6,89742.48118208574
926,2016-05-11,0.005798674582355279,0.0162916056882505,-0.0009664365594368451,0.041851654190866006,-0.001103243658334141,1.0769017159728556,4.260269891754476,5.718263431433512,4.9467836347199645,4.227392651536932,4.667897859672232,0.2857142857142857,0.3000000000000001,0.46153846153846156,0.42857142857142855,0.5999999999999999,0.5333333333333333,64777.406737539684
927,2016-05-12,0.017015356360475353,0.02147839699351728,-0.007252399187687386,0.03249019249477225,-0.010078731916516537,1.1775270323034492,4.662285981871195,6.3519068504794385,5.851464549794505,5.277686027580297,5.683009150676099,0.2857142857142857,0.3000000000000001,0.3846153846153847,0.42857142857142855,0.5999999999999999,0.5333333333333333,63130.10445457899
928,2016-05-13,0.022263408020551045,0.024404152989867534,-0.0001427429713144468,0.019291165401833288,-0.022733524195495014,2.6809856001359877,6.411948344447005,8.26750463695911,8.087339419321516,7.669930822857807,7.958241853735704,0.2857142857142857,0.3000000000000001,0.3846153846153847,0.42857142857142855,0.5333333333333332,0.5333333333333333,91581.70301127445
929,2016-05-16,-0.0043846960842161,0.014144272170195427,-0.00848654915784508,0.05237988128826965,0.008990911888098863,1.343707199283406,4.761570687826899,6.783761053528092,6.932557756704827,6.612097733151967,6.838935647785638,0.42857142857142855,0.3000000000000001,0.3846153846153847,0.5,0.5333333333333332,0.5333333333333333,63873.11869338552
930,2016-05-17,-0.004926192613953995,0.015904249856259822,-0.008444841304229178,0.04816580580859409,0.0049504109163847065,0.38002241183408003,3.4784467938131503,5.759451115107184,6.284974765820306,5.948956146238493,6.142702350259621,0.42857142857142855,0.3000000000000001,0.3846153846153847,0.5714285714285714,0.5333333333333332,0.5333333333333333,68146.78037377422
931,2016-05-18,0.000425088563540843,0.018132980203030336,-0.007224734791031917,0.036249686658863745,-0.006474292873684617,0.9956955236383846,3.428255519967438,5.83990213480845,6.823669222499351,6.499352409947279,6.624669028566732,0.42857142857142855,0.3000000000000001,0.3076923076923077,0.5,0.46666666666666656,0.5333333333333333,73182.17456768236
932,2016-05-19,0.007201497911565546,0.009938110326947802,-0.0056171539680254234,0.025862870281568417,-0.01643271856275874,2.0493278099446455,4.303396071795751,6.953890737867985,8.377987163726598,8.082263986715677,8.143904400708646,0.2857142857142857,0.3000000000000001,0.3076923076923077,0.42857142857142855,0.3999999999999999,0.4666666666666667,88391.62566613854
933,2016-05-20,0.001860555237130912,0.013024129968908227,-0.0017175181744302215,0.04961211448520064,0.006337331438453164,0.8832607424702044,2.8317773605062824,5.681286050176548,7.414599323166637,7.2329283711432435,7.2102248414782855,0.42857142857142855,0.3000000000000001,0.3846153846153847,0.42857142857142855,0.3999999999999999,0.5333333333333333,82031.34226281628
934,2016-05-23,-0.008522712826059209,0.007812428755328726,-0.011505766718586163,0.05091395849705038,0.007585508679138542,-0.14002558864580905,1.452910778675176,4.349961353289422,6.201825474856548,6.3387677551930866,6.216868866553482,0.5714285714285714,0.39999999999999997,0.46153846153846156,0.42857142857142855,0.46666666666666656,0.6,56845.58929413099
935,2016-05-24,-0.004360627619109714,0.0022507245604570514,-0.011815952275479047,0.05322477398741765,0.009800931913599875,-0.9042776428012544,0.15172758484109927,2.9553502602717385,4.809503515937696,5.1903468199999026,5.048358074534787,0.7142857142857143,0.5,0.5384615384615384,0.5,0.5333333333333332,0.6,54470.7993794795
936,2016-05-25,-0.012953052225437411,0.0017913325065455066,-0.018051508887970136,0.06471637192665836,0.020818836286572884,-2.5571418609328878,-1.9124459715210818,0.5223132459924562,2.3848065692434695,2.9787059816621664,2.830239767373377,0.7142857142857143,0.6000000000000001,0.5384615384615384,0.5,0.5999999999999999,0.6,69385.79895273529
937,2016-05-26,0.01609317380429598,0.020948861793871787,-0.0002775249645525779,0.03595984983066747,-0.006752293555829847,-1.6905679834178122,-1.3724714515331415,0.7696600070929316,2.7634956486925155,3.5732038592467097,3.47484449736577,0.5714285714285714,0.5,0.46153846153846156,0.42857142857142855,0.5999999999999999,0.5333333333333333,57523.97065690981
938,2016-05-27,0.0026403974797164498,0.0033351584676926116,-0.006392426436804044,0.04126605741604217,-0.0016645787082475438,-1.2546719266319006,-1.0908944660786846,0.554529726644093,2.5549791867820026,3.6197954739270566,3.5809859914708086,0.5714285714285714,0.5,0.46153846153846156,0.35714285714285715,0.5333333333333332,0.4666666666666667,40909.22847290479
939,2016-05-31,-0.006619817773553471,0.009102137385129438,-0.007723141422613766,0.050974067117773414,0.00764297714753992,-1.3968450206035876,-1.8411205386300478,-0.5503305339667142,1.4589164753481931,2.725778099095555,2.7401849245691112,0.7142857142857143,0.5,0.5384615384615384,0.42857142857142855,0.5333333333333332,0.4666666666666667,56165.04451341761
940,2016-06-01,-0.004012647184695517,0.003044153993807308,-0.01383700071275773,0.03955013009552566,-0.003309846049049159,-0.594990276774543,-1.5309646366268748,-0.5870834520745327,1.4800651054977632,2.9424307771696023,2.9590039152513237,0.5714285714285714,0.5,0.46153846153846156,0.42857142857142855,0.46666666666666656,0.4,37357.51822437463
941,2016-06-02,-0.013854998077085123,0.00027161096421046693,-0.01820162925013724,0.06248562570442706,0.018679974377962427,-1.7929939396128747,-3.1503487144110887,-2.587290653234531,-0.6088232609101962,1.0104618162010803,0.8868152471857904,0.5714285714285714,0.6000000000000001,0.5384615384615384,0.5,0.46666666666666656,0.4666666666666667,62689.842324469886
942,2016-06-03,-0.018523440584709006,0.0013325959310688251,-0.025852918098975053,0.06312001579265902,0.01928817598897581,-2.8994024832161958,-4.509971970939031,-4.379882766065646,-2.5729099533117528,-0.8842707268317151,-1.1459012611274577,0.5714285714285714,0.7000000000000002,0.6153846153846155,0.5714285714285714,0.5333333333333332,0.5333333333333333,87686.89861823163
943,2016-06-06,-0.013870675578923852,0.0014394268892810036,-0.01714207058733508,0.062183374275068815,0.018390103019280568,-3.93314218796319,-5.699693467354383,-5.880399518862333,-4.389733369052584,-2.614086721602571,-3.0052430089416826,0.5714285714285714,0.7000000000000002,0.6923076923076923,0.5714285714285714,0.5333333333333332,0.6,62483.953218658804
944,2016-06-07,-0.003645345753035767,0.006119008101002743,-0.004817029158105002,0.04832528564066885,0.005103437607604011,-3.541201443108599,-5.6428607180118995,-6.144408501368536,-4.9621460656454115,-3.004530755003898,-3.560032440756289,0.7142857142857143,0.7000000000000002,0.6923076923076923,0.5714285714285714,0.5333333333333332,0.6666666666666669,55137.655256832586
945,2016-06-08,-0.007809512126366491,0.007553398955916002,-0.01088207641938188,0.060655119037114735,0.016925046378370112,-4.021812418458525,-6.5256040960571475,-7.259613038670675,-6.527434457503967,-4.482363647284182,-5.220120838477882,0.8571428571428571,0.8000000000000003,0.7692307692307693,0.6428571428571428,0.5333333333333332,0.6666666666666669,76657.55746180314
946,2016-06-09,0.002980754122304141,0.004406376132380707,-0.006739307582202758,0.03031695464175388,-0.01216237292290856,-1.9791964763469894,-4.659154946657795,-5.830808758457772,-5.4025093867936524,-3.2060322899245874,-4.1202016297287365,0.7142857142857143,0.8000000000000003,0.6923076923076923,0.6428571428571428,0.5333333333333332,0.6,49047.72736916914
947,2016-06-10,0.0038142970381991326,0.006970919465617564,-0.008549283290139154,0.027727612843391647,-0.014645017295170426,0.18414271226778745,-2.6634166378786572,-4.205727478800203,-4.08155946312645,-1.7465940439416627,-2.794003946265222,0.7142857142857143,0.7000000000000002,0.6923076923076923,0.5714285714285714,0.5333333333333332,0.5333333333333333,64177.61454923865
948,2016-06-13,0.006247427638677694,0.014754658457211578,0.0,0.032027815226833845,-0.010522019073239575,1.5552217232655652,-1.1697548365157462,-2.96361762074141,-3.1152165371115537,-0.801023929641409,-1.877678268681926,0.5714285714285714,0.6000000000000001,0.6923076923076923,0.5714285714285714,0.5333333333333332,0.4666666666666667,54321.7414200688
949,2016-06-14,0.002671613643179027,0.009217232043585044,-0.012156077849905467,0.03787253103735844,-0.004918234681166034,2.022814902878367,-0.32156174071424903,-2.179315198624876,-2.6067799723943463,-0.41971512164337144,-1.4663657003490371,0.42857142857142855,0.5,0.6923076923076923,0.5714285714285714,0.5333333333333332,0.4666666666666667,54212.19724534869
950,2016-06-15,0.0015985347009459527,0.011722352471027042,-0.009724310643399403,0.04592811490858573,0.0028052106920966047,1.4805197854597774,-0.3625253127624739,-2.175753144259329,-2.7707540288763877,-0.8040673747566118,-1.8401940255355242,0.42857142857142855,0.5,0.6923076923076923,0.6428571428571428,0.5333333333333332,0.4666666666666667,50645.06367390436
951,2016-06-16,-0.007734284777551226,0.0020002800906862017,-0.02186958319428145,0.04189074763061562,-0.001065732415244991,1.2420744523890637,0.020955618360019024,-1.8211947790958471,-2.5893936285076746,-0.8091969565578783,-1.876060242732469,0.2857142857142857,0.5,0.6153846153846155,0.5714285714285714,0.46666666666666656,0.4,54203.56205372882
952,2016-06-17,-0.0076386408534177,0.009614170946924627,-0.00908734360595298,0.05607637597759929,0.012535013215697832,-0.4214387965837507,-0.8438233420188568,-2.701736445650227,-3.5530858121938236,-2.1526736542099023,-3.159302305442313,0.2857142857142857,0.6000000000000001,0.6923076923076923,0.6428571428571428,0.5333333333333332,0.4,71670.27617542473
953,2016-06-20,0.006280308779275101,0.012037132016223806,-0.0005233677875180476,0.04987051139147303,0.006585008178770169,-1.2093214444700906,-1.1261473647060871,-2.9021263235222583,-4.000860378961912,-2.8719100384946405,-3.8410508348021843,0.42857142857142855,0.6000000000000001,0.7692307692307693,0.6428571428571428,0.5999999999999999,0.4666666666666667,53522.48554232631
954,2016-06-21,-0.0005229572629875667,0.0053602302355924,-0.006275277978174398,0.04382109547341484,0.0007850288130246685,-1.2009008082143335,-0.8096294187941888,-2.5661618346148107,-3.8865960778316277,-3.0156453954129248,-3.9669054071216014,0.5714285714285714,0.7000000000000002,0.7692307692307693,0.7142857142857142,0.5999999999999999,0.5333333333333333,43038.614146675754
955,2016-06-22,0.006018566008112014,0.008635300274761226,-0.003270966897815031,0.042184187885505375,-0.0007844130261978055,-0.8990467220693854,-0.4691502510607015,-2.1139799990554042,-3.590120237264438,-2.9983871735792977,-3.888900119095584,0.5714285714285714,0.6000000000000001,0.6923076923076923,0.7142857142857142,0.5999999999999999,0.5333333333333333,39993.76645296349
956,2016-06-23,-0.007159255853243951,0.00038352083375703394,-0.012784453940367535,0.06742958905230467,0.023420158171447047,-2.5532402488166683,-2.4564444201050417,-3.919960648115528,-5.424264938111989,-5.174664148793539,-5.942948757295641,0.7142857142857143,0.6000000000000001,0.6923076923076923,0.7857142857142856,0.6666666666666665,0.6,46033.26174847531
957,2016-06-24,0.02971378926076662,0.03532797528862064,-0.0005477338155243094,-0.026202292495579815,-0.0663514404905785,3.972936256635151,4.144100584730159,2.938136355907228,1.4108776219643904,1.4136482640158432,0.7507764564613773,0.5714285714285714,0.5,0.6153846153846155,0.7142857142857142,0.6666666666666665,0.5333333333333333,166772.9308061609
958,2016-06-27,0.015690712343403357,0.01863269901790554,-0.01190806998773064,0.01943736366917026,-0.022593435051611377,5.653850857134168,6.008094689005228,5.27092511990106,3.771572272220647,3.5143966611643096,3.000446955111147,0.5714285714285714,0.39999999999999997,0.6153846153846155,0.6428571428571428,0.5999999999999999,0.4666666666666667,102792.50389997914
959,2016-06-28,-0.0038609902314254985,0.005240002974627789,-0.013927124128259472,0.059660015697347024,0.01597092697255964,3.321250341694526,3.791073854680893,3.6528512173954253,2.235345063520988,1.7154544998702281,1.4498464861999238,0.5714285714285714,0.39999999999999997,0.6923076923076923,0.7142857142857142,0.6666666666666665,0.5333333333333333,65411.302761126695
960,2016-06-29,-0.013202249230678254,0.0022901656086422584,-0.01939919091745146,0.06759607303576454,0.02357977763425878,0.5176885083330474,1.1181403436360648,1.3753837258491108,0.11113466073198186,-0.7396645997821416,-0.821007201402657,0.5714285714285714,0.5,0.6923076923076923,0.7857142857142856,0.6666666666666665,0.6,54093.02987630218
961,2016-06-30,-0.02163303051399612,0.0005276348905853823,-0.02427116539430585,0.06520274654547453,0.021285044553043697,-1.7053853168895405,-1.010035235211082,-0.5150645111781094,-1.695490630613139,-2.8721479447450182,-2.7606536844276386,0.5714285714285714,0.6000000000000001,0.7692307692307693,0.7857142857142856,0.7333333333333332,0.6,61936.7407185791
962,2016-07-01,-0.013996076415804137,0.0070634535145894795,-0.014780863889373386,0.05180757162524374,0.00844221101379472,-2.5245254946341444,-1.7247473232971267,-1.1716319192420888,-2.23581984733775,-3.6824546450441864,-3.3971760964774167,0.7142857142857143,0.7000000000000002,0.7692307692307693,0.7857142857142856,0.7999999999999998,0.6666666666666669,60562.76954468684
963,2016-07-05,0.017209021936368085,0.021107825535405578,-0.009142242907054787,0.014761450828980172,-0.02707645058640884,-0.5493095990301788,0.9641561182561098,1.536506747568045,0.6429291510013924,-0.9974569302013458,-0.5431616027302244,0.5714285714285714,0.7000000000000002,0.6923076923076923,0.7142857142857142,0.7999999999999998,0.6666666666666669,64213.84528965496
964,2016-07-06,-0.0032073499075944145,0.0005345583179323654,-0.018308204775939974,0.04931249770554924,0.00605005833268657,-0.8037351686339123,0.3340815978243983,0.8247185342192598,0.14555890715235442,-1.5279169825780259,-0.9835716065434763,0.7142857142857143,0.7000000000000002,0.6923076923076923,0.7142857142857142,0.7999999999999998,0.7333333333333333,49985.6350397799
965,2016-07-07,0.0002664490233263983,0.009060625886983642,-0.00892746133534461,0.046068710863720774,0.002940003522484691,-0.3959334574617501,0.04567490150504394,0.41749168272802173,-0.006671164219640424,-1.762961261858531,-1.1215468689470098,0.8571428571428571,0.8000000000000003,0.6923076923076923,0.7857142857142856,0.7999999999999998,0.7333333333333333,41050.2974929528
966,2016-07-08,-0.018741178024770044,0.000775455572878947,-0.02055065191092198,0.07524432171097617,0.030912640717400963,-2.4871198196925293,-2.821323115706975,-2.639142718838494,-2.755314110224738,-4.505869796534601,-3.836112630215638,0.8571428571428571,0.8000000000000003,0.6923076923076923,0.8571428571428572,0.8666666666666665,0.7999999999999999,70976.12016374098
967,2016-07-11,0.0025706554278666083,0.009511542049683408,-0.006169704132273801,0.048799068493910136,0.005557785564114459,-2.3705527778029256,-3.232655227447301,-3.1380900735807127,-3.04995277695298,-4.87177944337196,-4.060235375270437,0.8571428571428571,0.8000000000000003,0.7692307692307693,0.8571428571428572,0.9333333333333333,0.7999999999999999,57984.85894656071
968,2016-07-12,-0.013533859140331228,0.0017543733676301798,-0.018796991774549188,0.06981468249811806,0.02570684148206559,-4.103110173807312,-5.361616484844401,-5.340730235269686,-5.142766127552134,-7.03604142282761,-6.109200310439766,0.8571428571428571,0.8000000000000003,0.8461538461538461,0.9285714285714286,0.9333333333333333,0.8666666666666668,69495.23798886323
969,2016-07-13,0.0036391139756777324,0.008031120390735946,-0.007780172975776933,0.041564649905740936,-0.001378396872718346,-3.389920687437742,-4.938783208763575,-4.943563316532873,-4.739798356654079,-6.669000481606302,-5.646526669979823,0.7142857142857143,0.8000000000000003,0.8461538461538461,0.8571428571428572,0.8666666666666665,0.8666666666666668,64781.27971433605
970,2016-07-14,0.005495903209990161,0.011741219378996304,-0.001124119438524085,0.047844919576264466,0.00464288499277421,-2.822873113103319,-5.213939936152467,-5.0735686529173485,-4.956097409799121,-6.803224637917637,-5.7624573429985055,0.8571428571428571,0.8000000000000003,0.9230769230769232,0.8571428571428572,0.8666666666666665,0.9333333333333335,67969.27399376154
971,2016-07-15,-0.002602218188434313,0.001239231768496829,-0.006691363321859822,0.05134013237323787,0.007994145741881509,-2.554438454202701,-5.286781816713293,-5.49419383561538,-5.520451711372553,-7.247306892250571,-6.22199277444444,0.8571428571428571,0.9000000000000001,0.9230769230769232,0.8571428571428572,0.8666666666666665,0.9333333333333335,57521.926549799005
972,2016-07-18,0.0007516537208720475,0.0008769606614884573,-0.011901741418190892,0.031628752715990194,-0.0013762330803740452,-1.4382782646964687,-4.340035945142184,-5.0331176424628365,-5.222776407764518,-6.8376589590064984,-5.7910841439632215,0.7142857142857143,0.9000000000000001,0.9230769230769232,0.7857142857142856,0.8666666666666665,0.8666666666666668,51824.357053370084
973,2016-07-19,-0.005016328192032349,0.0003762101925310901,-0.007398996924981138,0.03201506498718354,-0.001002325567188933,-0.78253847054649,-3.5353299158826568,-4.667044547467203,-5.021298482533543,-6.450865687583196,-5.393196955929591,0.5714285714285714,0.8000000000000003,0.8461538461538461,0.7142857142857142,0.8666666666666665,0.8666666666666668,41488.8430270841
974,2016-07-20,-0.003011732889654173,0.002133253805163493,-0.009536980561250297,0.03240280793864758,-0.0006269557062802411,-0.24840749520657068,-2.9219324714528705,-4.3688577329296985,-4.815332910737558,-6.065839830731767,-5.051613855083204,0.42857142857142855,0.7000000000000002,0.7692307692307693,0.7142857142857142,0.7999999999999998,0.8666666666666668,52521.272492852986
975,2016-07-21,0.005499249956274266,0.01712279672233974,-0.0033746280871234102,0.037198761241699296,0.004015648231968427,-0.47392566722754825,-2.870673996445583,-4.498407718379626,-4.985993477135498,-6.119950891160853,-5.1303495436693325,0.42857142857142855,0.7000000000000002,0.7692307692307693,0.7857142857142856,0.8666666666666665,0.8666666666666668,80892.63627312495
976,2016-07-22,0.00503907804380499,0.0051650795602826705,-0.006550718312574477,0.024916074825383605,-0.007874255678558928,0.3970362338107547,-1.7704946554457313,-3.519721784566876,-4.012881278196135,-5.085351430604323,-4.144788638523956,0.42857142857142855,0.6000000000000001,0.7692307692307693,0.7857142857142856,0.7999999999999998,0.7999999999999999,52075.09166324358
977,2016-07-25,0.0058457235774374006,0.0063540473667798025,-0.004447909405314365,0.024070990384768898,-0.008692148807492805,1.16732162457871,-0.4535334653807954,-2.600140807027096,-2.9649842653126424,-4.002624945356614,-3.1457704938730235,0.2857142857142857,0.6000000000000001,0.6923076923076923,0.7857142857142856,0.7333333333333332,0.7333333333333333,73681.80407465232
978,2016-07-26,-0.0448338247734138,0.0030211480362538623,-0.048459238670694904,0.08635048856890148,0.05159465092834714,-3.309441677319347,-4.59233438750688,-6.77945160926493,-7.363460662915056,-8.399737814223961,-7.654019034818327,0.2857142857142857,0.6000000000000001,0.7692307692307693,0.7857142857142856,0.7333333333333332,0.7333333333333333,133021.35649546827
979,2016-07-27,-0.016409001579286597,0.0022592509455232612,-0.016409001579286597,0.04990397186047546,0.016314284679184166,-4.134532264820878,-5.294394689656379,-7.5170702604522415,-8.433244675710805,-9.510372935635203,-8.86383086163437,0.42857142857142855,0.6000000000000001,0.8461538461538461,0.8571428571428572,0.7333333333333332,0.7999999999999999,100604.2342593397
980,2016-07-28,0.009406645185881413,0.009527267475331946,-0.005668126041199484,0.018555847460227426,-0.014030938794299619,-2.2224481305899935,-3.4049990284583664,-5.563996853345088,-6.7979252887398145,-7.8882318929813895,-7.375491674321699,0.42857142857142855,0.5,0.7692307692307693,0.7857142857142856,0.6666666666666665,0.7999999999999999,61089.20890232052
981,2016-07-29,0.0004833373493635662,0.0045915537798078,-0.007612433358810233,0.03105722183058557,-0.0019296068497678398,-1.5034810765897633,-2.7260921207357125,-4.849862662096715,-6.313098924411253,-7.395358584994471,-6.977670622090814,0.42857142857142855,0.39999999999999997,0.6923076923076923,0.7142857142857142,0.6666666666666665,0.7333333333333333,51644.72132320635
982,2016-08-01,0.009884137030535811,0.011348383575901844,-0.005125052048506995,0.022939726916150205,-0.009787367833561045,-0.1917488881789664,-1.5108648362956112,-3.5105773013244357,-5.117331453628438,-6.178770096398544,-5.82653823802125,0.2857142857142857,0.3000000000000001,0.6153846153846155,0.6428571428571428,0.6666666666666665,0.7333333333333333,41208.275456105264
983,2016-08-02,0.00935502238687902,0.011693796447410199,-0.003938946428826751,0.024100421545157236,-0.008663746072705925,1.0075959423930136,-0.44698927469271066,-2.3437875638621097,-4.044594163705195,-5.1149118034378045,-4.766901642186494,0.2857142857142857,0.3000000000000001,0.5384615384615384,0.6428571428571428,0.6666666666666665,0.6666666666666669,48121.84707343297
984,2016-08-03,-0.010727746077383249,0.003291527530068672,-0.013409716121049797,0.043096187749788184,0.009724268461553276,0.6164971656713814,-1.1676890252654837,-2.798990596826334,-4.770330040082427,-5.805044280305138,-5.409442450744406,0.42857142857142855,0.3000000000000001,0.6153846153846155,0.6428571428571428,0.7333333333333332,0.6666666666666669,37810.77664039713
985,2016-08-04,0.0006115079104134225,0.009416705738658715,-0.004524825896716211,0.029776173726382638,-0.003169637829834815,0.7652170909225431,-0.6927018617552183,-2.044186828613459,-4.055359422209248,-5.328519848233116,-4.849537836685469,0.2857142857142857,0.2,0.5384615384615384,0.6428571428571428,0.6666666666666665,0.6,29441.33934605623
986,2016-08-05,-0.004118180816816364,0.004844973470081726,-0.0067829216759427435,0.04303113749964216,0.009661240382108582,-0.46545872866990967,-1.4058968506685532,-2.507041268112531,-4.460340764772064,-6.047451537976012,-5.473277430289459,0.2857142857142857,0.3000000000000001,0.5384615384615384,0.7142857142857142,0.7333333333333332,0.6,39801.568793666884
987,2016-08-08,-0.0052732740826157976,0.0041946187872814455,-0.007670169998318155,0.04406183588709722,0.010659002705751819,-1.426179236023728,-2.128990524865493,-3.146715082838847,-4.970939210613534,-6.864972689611138,-6.1882473767811526,0.42857142857142855,0.39999999999999997,0.5384615384615384,0.7142857142857142,0.7333333333333332,0.6,42482.22045821619
988,2016-08-09,0.008330254537480375,0.011107062390267819,-0.0015695399838333568,0.025498284379668057,-0.007310553372504525,-0.688168091303798,-1.1374515778880046,-2.1015978298014715,-3.869758118496025,-5.994942650286417,-5.251463692114299,0.42857142857142855,0.39999999999999997,0.46153846153846156,0.6428571428571428,0.6666666666666665,0.6,27946.6028504744
989,2016-08-10,0.007985432353649458,0.007985432353649458,-0.0020568541547041352,0.030805506449387732,-0.0021732098432106772,-0.35087916589786605,-0.6939789819725428,-1.680308016458687,-3.3335684889976513,-5.5785999258024965,-4.8069309917040615,0.42857142857142855,0.3000000000000001,0.3846153846153847,0.5714285714285714,0.5999999999999999,0.6,27709.8281255698
990,2016-08-11,-0.0028832052590871404,0.004925564750734468,-0.003003363839581108,0.04042496036035792,0.007138497814307421,-0.7139409770106964,-1.0666216853179256,-2.13060596072403,-3.6961071785377886,-5.99820413234654,-5.22287146486523,0.5714285714285714,0.39999999999999997,0.46153846153846156,0.5714285714285714,0.6666666666666665,0.6666666666666669,26780.596030312256
991,2016-08-12,0.0031325542168674225,0.009397578313253163,-0.0050602168674699355,0.030072034674855752,-0.0028831468040420027,-0.25990251865491976,-0.40964576258397667,-1.6351166711139897,-3.016196081713185,-5.472404248421759,-4.75858960040928,0.42857142857142855,0.39999999999999997,0.3846153846153847,0.5714285714285714,0.5999999999999999,0.6666666666666669,52321.89156626506
992,2016-08-15,-0.013666095931881284,0.0015448246810498834,-0.014141449455937094,0.04736384562820639,0.013855384932403902,-1.2189126134376393,-1.6518151428747352,-2.740572482574666,-3.9157257335554307,-6.487044539677312,-5.6589458798912755,0.5714285714285714,0.39999999999999997,0.3846153846153847,0.5714285714285714,0.6666666666666665,0.6666666666666669,48198.64234819626
993,2016-08-16,-0.0009491279991800106,0.0008304662376263927,-0.007711495934138113,0.034769202337323835,0.0016636962321301407,-1.0897745280556204,-1.7990639462518998,-2.6495844984470884,-3.6534687459456983,-6.359453416839267,-5.354948927003999,0.5714285714285714,0.39999999999999997,0.46153846153846156,0.5714285714285714,0.7333333333333332,0.7333333333333333,37509.97357324744
994,2016-08-17,0.0,0.003791007994739637,-0.006752848868482486,0.03452126583922954,0.0014237075838334778,-1.0662279368211958,-1.812588751411548,-2.5245322674965487,-3.461342269221801,-6.232949616931505,-5.063625265794746,0.5714285714285714,0.5,0.5384615384615384,0.5714285714285714,0.7333333333333332,0.7333333333333333,35343.15186143102
995,2016-08-18,0.0003598824787676147,0.0027585033374371015,-0.010434097281150079,0.020444779561339832,-0.012202539815919677,0.2501585815770868,-0.546539480831143,-1.109652150808138,-1.99796848710172,-4.855334611992079,-3.553041505142107,0.5714285714285714,0.5,0.5384615384615384,0.5,0.6666666666666665,0.6666666666666669,60002.600144048934
996,2016-08-19,-0.009303411703407094,0.006440851929430114,-0.012881608439007985,0.038749856558599305,0.005516996012583153,-0.09712009623368267,-0.9311920797353435,-1.434702725463921,-2.3311476220181926,-5.14791021786033,-3.783918525993979,0.7142857142857143,0.6000000000000001,0.5384615384615384,0.5,0.6666666666666665,0.6666666666666669,45608.496450834755
997,2016-08-22,0.00035897836387022153,0.002273035160810455,-0.007058213042622885,0.02997009821324137,-0.002981898499528457,0.2614862875187196,-0.4340857856884206,-0.9000791516414308,-1.8399218120188743,-4.639509931562802,-3.2271727790819216,0.5714285714285714,0.6000000000000001,0.5384615384615384,0.5,0.5999999999999999,0.6666666666666669,34512.69946231365
998,2016-08-23,-0.00035708843335113816,0.007975217046179983,-0.0007142601901141132,0.038241212260346824,0.005024612779662707,-0.06802249461816956,-0.763517289448612,-1.0939775406817231,-2.13027533003326,-4.9310157584936505,-3.3593393336422084,0.7142857142857143,0.6000000000000001,0.6153846153846155,0.5,0.6666666666666665,0.6666666666666669,37832.590338445654
999,2016-08-24,0.0031269031118001944,0.011425086917015381,-0.0021647744518394907,0.022475322807686826,-0.01023691447426378,0.7937461325941086,0.38141200635963823,-0.04810525611497196,-0.9797251374891958,-3.6380035070638916,-2.049385538321369,0.5714285714285714,0.6000000000000001,0.5384615384615384,0.42857142857142855,0.5999999999999999,0.6666666666666669,26464.42329608122
1000,2016-08-25,0.002776484924021494,0.0039836071455146005,-0.003017865911051021,0.02919907746287609,-0.003728163265072859,0.9208761304423385,0.7811943868879734,0.2534974377925714,-0.4789807054462192,-2.928452107330348,-1.389469180603431,0.42857142857142855,0.5,0.46153846153846156,0.42857142857142855,0.5333333333333332,0.6666666666666669,37214.115268716334
1001,2016-08-26,0.006653701589465211,0.015001184853559835,-0.0045972051973285355,0.030805880406820307,-0.0021727606129915422,0.8381875159802821,0.9332437035080909,0.45682108169484703,-0.13611178185949369,-2.405074059628265,-0.9663796405165681,0.2857142857142857,0.39999999999999997,0.46153846153846156,0.42857142857142855,0.46666666666666656,0.6,43512.18444165572
1002,2016-08-29,-0.007099831699153625,0.00300842365844578,-0.008303177095142611,0.03854931429061259,0.00532295903777702,0.25614003846547995,0.422032544190043,-0.05559150483523956,-0.5183153949458896,-2.647384090590643,-1.2829931842893605,0.42857142857142855,0.5,0.5384615384615384,0.5,0.46666666666666656,0.6,27118.134226693965
1003,2016-08-30,0.004607153081699122,0.008123168957692828,-0.002061166268386372,0.0253430150175451,-0.007460824638305552,0.7742037728279083,1.1621743476895485,0.7262813951870228,0.33643145029429444,-1.7021692776384656,-0.42173423140223765,0.2857142857142857,0.5,0.5384615384615384,0.42857142857142855,0.3999999999999999,0.5333333333333333,42054.042117299636
1004,2016-08-31,0.0013422941308953718,0.004758987361524802,-0.004148822604593816,0.026412172549924895,-0.006426016777775212,1.1400799844275111,1.7040102741974872,1.418992364061089,1.0973672179792393,-0.8854319133849597,0.32759890628060173,0.2857142857142857,0.39999999999999997,0.5384615384615384,0.42857142857142855,0.3999999999999999,0.4666666666666667,49318.098815830344
1005,2016-09-01,0.001718833703578948,0.00675264604368242,-0.010804137905615963,0.02674764052248979,-0.006101263717764982,1.3119445373573013,2.192412479216377,2.007665472753839,1.8389955256362,-0.049579120470033544,1.0190370160934492,0.14285714285714285,0.39999999999999997,0.46153846153846156,0.42857142857142855,0.33333333333333337,0.4666666666666667,50363.6427390292
1006,2016-09-02,0.006120700058251938,0.008324164320622662,-0.0026931202670310572,0.0360945974510678,0.002946610347293488,0.7589737644555505,1.6770765741480398,1.703308473559506,1.493454964399299,-0.12247610084382687,0.7838041935747331,0.2857142857142857,0.39999999999999997,0.5384615384615384,0.42857142857142855,0.33333333333333337,0.4666666666666667,29983.085445364537
1007,2016-09-06,-0.0008528264899407834,0.0018274975188232734,-0.00730992915911477,0.037982534300307735,0.004774175764051813,0.14794274122458262,1.001637490114815,1.1922190077797712,0.923316253202322,-0.3723472427660468,0.3835995214294785,0.42857142857142855,0.39999999999999997,0.5384615384615384,0.42857142857142855,0.3999999999999999,0.4666666666666667,37413.71643726325
1008,2016-09-07,-0.014572395908117541,0.00011946965934694909,-0.0156473600615461,0.053691430168614884,0.01998051652577537,-1.6329936978452642,-1.035765544263112,-0.7741210469048632,-1.019554897087016,-2.122379530194274,-1.4469995101524136,0.5714285714285714,0.39999999999999997,0.5384615384615384,0.5,0.46666666666666656,0.4666666666666667,47737.890973018504
1009,2016-09-08,-0.0004788245094706767,0.00502750772052285,-0.005506332229993749,0.030829463321856654,-0.002150095036453692,-1.3457997104387998,-0.8088438424162403,-0.5198460298938667,-0.7729331975028009,-1.7267290401017488,-1.1029715531678086,0.42857142857142855,0.39999999999999997,0.5384615384615384,0.5,0.46666666666666656,0.4,40704.05098509635
1010,2016-09-09,0.02599329092717806,0.02735485793594683,-0.0003713207034123922,-0.0009557140206768455,-0.0329182676797356,1.7134309820368676,2.297842502887626,2.7567039144033023,2.553354630081839,1.6699874388452773,2.2909455074909157,0.42857142857142855,0.3000000000000001,0.5384615384615384,0.5,0.3999999999999999,0.33333333333333315,65744.7598001515
1011,2016-09-12,-0.020141614261269924,0.0024414673447623603,-0.022216797417402345,0.04749963416790459,0.013986703403489065,0.30518627510447427,0.7411561293509061,1.2625706463972541,1.1684019620685104,0.35448713466916804,0.9685553127357194,0.5714285714285714,0.39999999999999997,0.5384615384615384,0.5714285714285714,0.46666666666666656,0.4,50179.6652876139
1012,2016-09-13,0.010843761279679898,0.01283807754562849,-0.003739286909910655,0.011739009428983538,-0.020629701897032504,2.200808670993304,2.5266607678252617,3.2311824678525225,3.2193119645308466,2.496094225987444,3.150224365062382,0.5714285714285714,0.3000000000000001,0.5384615384615384,0.5,0.46666666666666656,0.33333333333333315,59086.62087420089
1013,2016-09-14,-0.007899284419869868,0.007405653199419326,-0.009750605149985492,0.04322258550456448,0.009846672155238156,1.0861474966151086,1.3391740159493182,2.0406462323018904,2.179795192425815,1.528721499222585,2.0834339238812616,0.5714285714285714,0.39999999999999997,0.5384615384615384,0.5714285714285714,0.46666666666666656,0.33333333333333315,65721.04637331695
1014,2016-09-15,-0.014628757949881388,0.0039009996818357706,-0.01572596630166978,0.04592856903237674,0.012466032981597763,-0.16718773641616336,0.020899029264964675,0.6530713514334208,0.8986269993538132,0.34279055621528887,0.7544279882347293,0.5714285714285714,0.5,0.5384615384615384,0.5714285714285714,0.46666666666666656,0.4,42659.002958186065
1015,2016-09-16,-0.005240706694428887,0.0003656185119211841,-0.010237708339876694,0.03330244886248712,0.00024374854560016423,-0.482280399597812,-0.05657991282081998,0.49157614634545155,0.8135356263756943,0.38537026424410037,0.6995799281866111,0.5714285714285714,0.6000000000000001,0.5384615384615384,0.5714285714285714,0.5333333333333332,0.4666666666666667,81844.2133389928
1016,2016-09-19,0.003663935161111409,0.005740119897659435,-0.006472875176094628,0.030910183558550797,-0.002071867662452709,-0.5652866175597016,0.04449123271688116,0.6129784217426604,0.9814041652034033,0.6574690837067632,0.877942373935614,0.5714285714285714,0.5,0.5384615384615384,0.5714285714285714,0.5333333333333332,0.4666666666666667,53140.18416491881
1017,2016-09-20,0.009302350402779158,0.011872717694224821,-0.0004895104218913815,0.030779532159559198,-0.002198235212013011,-0.18710478391379404,0.19670281435277825,0.7099067713296936,1.1623460524959883,0.9284761816443332,1.0914419957738453,0.5714285714285714,0.5,0.46153846153846156,0.5714285714285714,0.5333333333333332,0.4,33959.83356037333
1018,2016-09-21,-0.014016987971522732,0.00023957110052030828,-0.017491302054734592,0.05543112306139597,0.02166462336788455,-2.0383769308893074,-1.7979169279761953,-1.4325142611111175,-0.9729824462963887,-1.0950682309948,-0.9758921429193657,0.5714285714285714,0.6000000000000001,0.5384615384615384,0.5714285714285714,0.5999999999999999,0.4666666666666667,51086.815369739845
1019,2016-09-22,0.005628754491017851,0.01137720958083821,-0.0022754730538923074,0.03342175050555363,0.00035928423254105724,-1.5141091133591744,-1.6578231526825027,-1.4970003580676572,-0.9871631295367722,-0.9934366216139079,-0.9611579057401731,0.7142857142857143,0.7000000000000002,0.5384615384615384,0.6428571428571428,0.5999999999999999,0.5333333333333333,47007.383233532935
1020,2016-09-23,0.012979136026706861,0.01382823838359415,-0.0006065380735920112,0.019936441283977757,-0.012694583429957662,-0.0017307016087930727,-0.32837592641964397,-0.27147884251026433,0.21184486739054265,0.27061772835648146,0.33548497840243385,0.5714285714285714,0.6000000000000001,0.5384615384615384,0.5714285714285714,0.5999999999999999,0.4666666666666667,36771.19707005829
1021,2016-09-26,-0.0020639309676849793,0.003763469572776401,-0.004370535229918593,0.03217343500452241,-0.0008491590418306938,0.14222214791230758,-0.21851961651134788,-0.2138932635043611,0.21376451812906705,0.3058288981768298,0.4141676760823554,0.42857142857142855,0.5,0.5384615384615384,0.5,0.5333333333333332,0.4,40557.45427127155
1022,2016-09-27,-0.008325229548451829,0.0,-0.014599409312237244,0.039446794055257195,0.006191568897252475,-0.3309362443143504,-0.9049163631859369,-0.8152848515577404,-0.4688284977072632,-0.312549245378535,-0.22303313048172013,0.42857142857142855,0.5,0.6153846153846155,0.5,0.5333333333333332,0.4666666666666667,51828.1524552058
1023,2016-09-28,-0.03857253902633273,0.0008084998641182395,-0.0398429051780993,0.07929355341383393,0.0447634622557167,-3.8242522708358817,-4.899103724870257,-4.872981215482408,-4.600898732785841,-4.478399902186425,-4.373966738409885,0.5714285714285714,0.6000000000000001,0.6153846153846155,0.5714285714285714,0.5999999999999999,0.5333333333333333,109677.95182718337
1024,2016-09-29,-0.013604687165831741,0.01577680329510911,-0.013604687165831741,0.04354941514824273,0.010163099840178269,-3.849497535004953,-5.310405842244325,-5.558382257243499,-5.4124802035508734,-5.289172398154185,-5.178603936531301,0.7142857142857143,0.7000000000000002,0.6923076923076923,0.5714285714285714,0.6666666666666665,0.6,121370.89754919519
1025,2016-09-30,-0.008786741313058788,0.002365731746053701,-0.010814453446472583,0.04840381488142942,0.01486213140963355,-4.404646182067962,-6.145901299461798,-6.57558408151594,-6.589261539699964,-6.474196925927556,-6.3892261171675795,0.7142857142857143,0.7000000000000002,0.7692307692307693,0.6428571428571428,0.6666666666666665,0.6666666666666669,71859.99150144163
1026,2016-10-03,-0.0005663343969907197,0.010308144656866247,-0.0012460466838020157,0.02734818829798269,-0.005519843658737367,-3.1005315957124413,-4.9736290946573725,-5.688616593185225,-5.898041055715552,-5.78651816970056,-5.698756422608852,0.5714285714285714,0.7000000000000002,0.7692307692307693,0.5714285714285714,0.6666666666666665,0.6,48646.48582518674
1027,2016-10-04,0.011312969687739205,0.016455204743338836,-0.0037710203686202037,0.024039978632190984,-0.00872229045124584,-1.4202484212883504,-3.6077530963617988,-4.542068399893395,-4.892095388043849,-4.801357329595291,-4.759294464252461,0.5714285714285714,0.6000000000000001,0.6923076923076923,0.5714285714285714,0.5999999999999999,0.6,54201.94699570456
1028,2016-10-05,-0.014538079054754682,0.005032487251900752,-0.015432755880848914,0.055597938578435535,0.02182615826761336,-2.399598885827181,-5.076374113501425,-6.190166064093239,-6.66079075837307,-6.652136838802425,-6.629717765005183,0.7142857142857143,0.6000000000000001,0.6923076923076923,0.6428571428571428,0.5999999999999999,0.6,58034.11648479348
1029,2016-10-06,-0.003695844958048644,0.004143834649525946,-0.0064957105331425735,0.03154858870487698,-0.0014537914816915576,-1.2319481988790848,-4.359000637244148,-5.756534655011125,-6.259710228490301,-6.360238192075718,-6.337626613713798,0.5714285714285714,0.5,0.6153846153846155,0.6428571428571428,0.5333333333333332,0.5333333333333333,42410.243785292376
1030,2016-10-07,0.011868384629045048,0.014355114565896887,-0.005990719950370371,0.023563348967809317,-0.00918368978489792,-0.012910588030856651,-2.9404612392481377,-4.617651843958992,-5.174068951491229,-5.340522417023797,-5.3051056483063626,0.42857142857142855,0.5,0.6153846153846155,0.5714285714285714,0.5333333333333332,0.5333333333333333,42659.78848580549
1031,2016-10-10,0.009975028225175375,0.014509170091711932,-0.0009068465097840095,0.030131353422918394,-0.002825679929597924,0.3918711141053022,-2.137523560492538,-3.9463140771966,-4.672988414149081,-4.9219592119844275,-4.89491637873124,0.2857142857142857,0.5,0.6153846153846155,0.5714285714285714,0.46666666666666656,0.5333333333333333,42911.03760018094
1032,2016-10-11,0.01863492604738859,0.021150096934376306,-0.002400811679423631,0.02426797248048307,-0.008501470914133114,1.040351560742292,-0.9717719553665738,-2.8205690472470235,-3.6302357112647954,-3.991583485179151,-3.9527127835571885,0.14285714285714285,0.39999999999999997,0.5384615384615384,0.5714285714285714,0.46666666666666656,0.4666666666666667,73988.93856190765
1033,2016-10-12,-0.0009134733748920043,0.0019410595583224666,-0.006394210861059291,0.034349569755231846,0.0012575177240718993,0.7992699295893413,-0.7633874930309092,-2.542985682199572,-3.501294258590071,-3.987652118826901,-3.9568771984065054,0.2857142857142857,0.39999999999999997,0.6153846153846155,0.6428571428571428,0.46666666666666656,0.5333333333333333,45100.62034479059
1034,2016-10-13,-0.0008048637368648359,0.001149810266185991,-0.008163723029047665,0.025855219640235516,-0.0069651640708965346,1.4175765388976247,0.3047092789527861,-1.533637865060855,-2.607627078282493,-3.237017624887395,-3.157734255561506,0.2857142857142857,0.39999999999999997,0.5384615384615384,0.5714285714285714,0.46666666666666656,0.4666666666666667,65274.38156519051
1035,2016-10-14,0.0018250713316998457,0.008554807997144032,-0.0012547051729145942,0.04136531917016306,0.008048755140798614,0.3226467972706981,-0.06435823083686953,-2.0134980875583075,-3.1575347531231146,-3.917826380078182,-3.773562054759849,0.2857142857142857,0.5,0.5384615384615384,0.5714285714285714,0.5333333333333332,0.4666666666666667,41073.48479695414
1036,2016-10-17,0.0010310001027493687,0.004926108317950373,-0.004467854227656609,0.028572892069558264,-0.004334358276926742,0.43205680361257937,0.7315512487907183,-1.3010840069666796,-2.5898925614977975,-3.421003094038877,-3.2031194009742747,0.2857142857142857,0.39999999999999997,0.46153846153846156,0.5,0.5333333333333332,0.4,51318.73821377319
1037,2016-10-18,0.010204081515660546,0.011235909066316108,-0.00515941291952049,0.032222074446335736,-0.0008019662445633013,0.30792804306081223,0.8639940495043685,-0.9303219546473507,-2.361023722115352,-3.238662324531272,-2.9904669844923903,0.2857142857142857,0.3000000000000001,0.46153846153846156,0.5,0.46666666666666656,0.4,42600.46706487655
1038,2016-10-19,-0.007840931818181907,0.0031818068181819203,-0.012954534090909076,0.04228900499514632,0.008942875195438127,-0.6168785969057677,0.012993461777721649,-1.4675282069103623,-2.9338439769346247,-3.9837628634311506,-3.671101239127883,0.42857142857142855,0.3000000000000001,0.5384615384615384,0.5714285714285714,0.5333333333333332,0.4,67543.31818181818
1039,2016-10-20,0.0049636501776628705,0.007387741223169986,-0.004617269004407398,0.016967808536193063,-0.006878355866220542,0.059138382580847804,0.5932784013322756,-0.5712465062021388,-2.037837272881027,-3.2151006586988107,-2.825927135427464,0.42857142857142855,0.2,0.46153846153846156,0.5,0.5333333333333332,0.4,52828.275753062764
1040,2016-10-21,-0.0069500635480119755,0.0034749796484425666,-0.011235966379335882,0.020465226930101554,-0.0034628676377196355,0.3267971901427691,0.8454012334994543,-0.02933896946920589,-1.4160323789192075,-2.7945242319405206,-2.303163073575598,0.2857142857142857,0.2,0.3846153846153847,0.5,0.5333333333333332,0.33333333333333315,41612.574849679724
1041,2016-10-24,0.0015118618795642025,0.013257344185541253,-0.005233131881221764,0.019978253669321155,-0.00393849921233691,0.687112072003293,1.1814953860210586,0.6024887302852999,-0.7903611337887972,-2.3113855144788475,-1.7502390072897667,0.2857142857142857,0.2,0.3846153846153847,0.42857142857142855,0.46666666666666656,0.33333333333333315,59267.520973799765
1042,2016-10-25,0.016335203018399413,0.03752366107278671,-0.007102343497786046,0.006029555999326863,-0.017560109519555556,2.07707844486682,2.638484537156205,2.5602170379327216,1.1168286122297033,-0.4986511736107202,0.11133393530473601,0.14285714285714285,0.09999999999999998,0.3846153846153847,0.35714285714285715,0.3999999999999999,0.33333333333333315,137773.61631955672
1043,2016-10-26,-0.003803625477367012,0.0030904791307670987,-0.014857958452084596,0.01976876303074948,-0.0041430395379381535,2.0948575360402177,2.693724102214956,3.0986961106276523,1.6562789272525524,-0.022626776622869382,0.566626945822124,0.14285714285714285,0.09999999999999998,0.3076923076923077,0.28571428571428575,0.33333333333333337,0.33333333333333315,78236.2546619727
1044,2016-10-27,0.015299325013869991,0.016022093337619614,-0.0036140584600877768,0.010378956610000323,-0.013312694873900188,2.879168431008239,3.6760886854005026,4.3278324411351266,3.107299471462377,1.3445737605687125,1.9304212292534206,0.14285714285714285,0.09999999999999998,0.23076923076923075,0.28571428571428575,0.33333333333333337,0.2666666666666667,60271.25490248753
1045,2016-10-28,-0.006676168574493491,0.003457332026371107,-0.010491142482992766,0.034743564185930165,0.010480603121797438,1.2415734688768776,2.2969280261341485,3.0853981297398914,2.1611381765062276,0.353662625112805,1.0025405216397276,0.14285714285714285,0.2,0.23076923076923075,0.35714285714285715,0.3999999999999999,0.33333333333333315,59298.00069023608
1046,2016-10-31,0.008746741058551999,0.011023220836607006,-0.000599029482375113,0.018883950935597582,-0.0050072177051414535,1.2084586140009401,2.534037634857489,3.3455159059360806,2.706080867987559,0.9222178142044068,1.5880861216908793,0.14285714285714285,0.2,0.15384615384615383,0.28571428571428575,0.33333333333333337,0.33333333333333315,56066.57795432037
1047,2016-11-01,0.014956262523255326,0.017144990689323736,-0.0071740760499532374,0.009042612150291562,-0.01461765860441111,1.9993708257516563,3.657838106160405,4.573590898758173,4.20668595516529,2.462853865266812,3.189314521940556,0.14285714285714285,0.09999999999999998,0.15384615384615383,0.21428571428571436,0.33333333333333337,0.33333333333333315,62494.137706593814
1048,2016-11-02,0.012822105624188174,0.012822105624188174,-0.009616557642503354,0.009941102541643598,-0.01374022923085283,2.5608893013766787,4.652925668393593,5.699689747097025,5.631657816878977,3.894287791574058,4.655055067815428,0.14285714285714285,0.09999999999999998,0.15384615384615383,0.21428571428571436,0.2666666666666667,0.2666666666666667,64462.074041880485
1049,2016-11-03,0.004552750260345073,0.004921877873331315,-0.007259714799792594,0.02603119642476015,0.0019725504135528205,1.794723615215399,3.951822298696195,5.059908874278585,5.4070378487770965,3.6870651489295803,4.447539268612921,0.2857142857142857,0.09999999999999998,0.15384615384615383,0.28571428571428575,0.2666666666666667,0.2666666666666667,47482.6980737184
1050,2016-11-04,-0.011784740901099156,0.007168072097389677,-0.020896635181548606,0.037115414417078885,0.012796890674739547,0.192648553410657,2.272487760979569,3.3738397623884753,4.081933570738827,2.3573621945282452,3.1617702972349226,0.42857142857142855,0.2,0.23076923076923075,0.28571428571428575,0.2666666666666667,0.2666666666666667,69805.82954214141
1051,2016-11-07,-0.00011942686567167904,0.004895570149253681,-0.00931342089552245,0.041926189227182276,0.017494743155801462,-1.4038330430407253,0.2831612843135378,1.372078646861219,2.2035564497522753,0.6241872315471797,1.4762501491977886,0.5714285714285714,0.3000000000000001,0.3076923076923077,0.28571428571428575,0.33333333333333337,0.33333333333333315,45209.746268656716
1052,2016-11-08,-0.010746374586679264,0.0037789324515824507,-0.019130869154464047,0.03538248463209581,0.011104513828683604,-2.3517091663244227,-1.0332995803123746,0.1030931250339151,0.9957092809012247,-0.35167212460252006,0.48644798579453585,0.5714285714285714,0.3000000000000001,0.3846153846153847,0.28571428571428575,0.3999999999999999,0.4,40071.03589985829
1053,2016-11-09,-0.015570154020947968,0.021929825282779314,-0.02017539540050639,0.10285581984472292,0.07699577276075908,-8.12030016261055,-7.750626223660639,-6.81868217276439,-6.099022933445564,-7.2146693581567884,-6.432404830322957,0.7142857142857143,0.39999999999999997,0.46153846153846156,0.28571428571428575,0.3999999999999999,0.4,211423.3490600115
1054,2016-11-10,-0.01508824018474808,0.016051364881263686,-0.017228475673466304,0.04927471703940012,0.024670981347319598,-8.618812739550696,-9.427495811959364,-8.724041943424933,-8.132769293074615,-9.09394995210613,-8.358680066278179,0.8571428571428571,0.5,0.46153846153846156,0.35714285714285715,0.3999999999999999,0.4666666666666667,151677.97758198966
1055,2016-11-11,0.0040855498530147916,0.01429947286744504,-0.012794344419001402,0.019189951438191244,-0.004708282715813361,-6.358768806691451,-8.459924491802884,-7.944060042080315,-7.4575931553499615,-8.338835386575239,-7.578310277231171,0.8571428571428571,0.5,0.46153846153846156,0.35714285714285715,0.3999999999999999,0.4,78939.97239133486
1056,2016-11-14,-0.009769544648392192,0.014123415400306039,-0.01221196797731694,0.03678248240302007,0.012471655690794892,-5.555297891823729,-8.85252562352411,-8.710530977904874,-8.387714646497368,-9.142830446491867,-8.336880766400135,0.8571428571428571,0.6000000000000001,0.46153846153846156,0.35714285714285715,0.46666666666666656,0.4,80202.88829147049
1057,2016-11-15,-0.010376990462156233,0.00021174290106418248,-0.019059751819996862,0.026947408245339366,0.002867275379834666,-3.9904461799921798,-8.33333839339182,-8.572501231540809,-8.425338466331011,-9.072130089675568,-8.227281725821623,0.8571428571428571,0.7000000000000002,0.5384615384615384,0.42857142857142855,0.46666666666666656,0.4,49187.90196550398
1058,2016-11-16,0.004499185956061913,0.011248034520579209,-0.005463331664988358,0.012192391635341693,-0.01154176931537454,-1.4002609201831273,-6.471804169282636,-7.153314715095826,-7.139745657559693,-7.699583994769643,-6.925602294088717,0.7142857142857143,0.7000000000000002,0.5384615384615384,0.42857142857142855,0.3999999999999999,0.4,35319.836321817595
1059,2016-11-17,0.007760304028457732,0.007760304028457732,-0.004095677991977631,0.017758637889217388,-0.006106036322377939,0.45268186495306395,-5.212024207263822,-6.298054206827885,-6.36400983866322,-6.82984777442247,-6.166705718929344,0.5714285714285714,0.6000000000000001,0.46153846153846156,0.42857142857142855,0.33333333333333337,0.4,42488.76118225653
1060,2016-11-18,0.007255859097069939,0.011479381047406534,-0.004764934146195943,0.01915498230004542,-0.004742448189834936,1.1077099138426583,-4.073452281022116,-5.557099629240547,-5.6998718729525555,-6.138346100227565,-5.585090994255393,0.42857142857142855,0.6000000000000001,0.46153846153846156,0.42857142857142855,0.2666666666666667,0.33333333333333315,51070.04401434022
1061,2016-11-21,0.002475726534429956,0.010226006238406748,-0.0012917437827395517,0.03022153133677663,0.006064522562416741,0.4136599664950058,-3.8320730448173967,-5.789631210034452,-6.034328697001534,-6.444501098813438,-5.988376064775569,0.42857142857142855,0.7000000000000002,0.5384615384615384,0.42857142857142855,0.33333333333333337,0.33333333333333315,40722.357573232344
1062,2016-11-22,-0.0023499358358276545,0.0009612902917766064,-0.008758811938939903,0.031947765852448295,0.0077503551550301975,-0.2655150905033321,-3.6172103166947522,-6.126085536883963,-6.474279412961481,-6.86133656986776,-6.501559256950273,0.5714285714285714,0.8000000000000003,0.6153846153846155,0.5,0.3999999999999999,0.4,33889.19331691327
1063,2016-11-23,-0.014244146392181523,0.0024953004782699573,-0.020378446662507876,0.05201244467938215,0.027344557614110254,-2.6215729843093505,-5.075306581922357,-8.045431766602618,-8.619143724864909,-8.980672537660773,-8.766125782573331,0.5714285714285714,0.8000000000000003,0.6923076923076923,0.5,0.3999999999999999,0.4666666666666667,67953.87627365356
1064,2016-11-25,0.0015656090505293818,0.006575555924758669,-0.006262384015496947,0.020071963145302574,-0.003846994781268709,-2.0412398306253743,-3.7022657292827943,-7.109803014704563,-7.920180690220702,-8.289827012443974,-8.196063298928724,0.42857142857142855,0.7000000000000002,0.6923076923076923,0.5,0.3999999999999999,0.4,20945.665712277754
1065,2016-11-28,0.006427818621120851,0.010115900735175876,-0.004531095794918949,0.014285348452861113,-0.009497911021119743,-0.8685860191986139,-1.9396383246674032,-5.6224622427486715,-6.719481345354394,-7.182919831339552,-7.09886308648815,0.42857142857142855,0.6000000000000001,0.6923076923076923,0.5,0.3999999999999999,0.33333333333333315,51800.895641688185
1066,2016-11-29,-0.0004253615437541658,0.005635888923480437,-0.004359889362400171,0.014731540871878668,-0.00906218704059425,0.2293845695902963,-0.33192648135768055,-4.24490168133117,-5.607796549094024,-6.1483817208053075,-6.048999495073826,0.42857142857142855,0.5,0.6153846153846155,0.42857142857142855,0.3999999999999999,0.2666666666666667,40471.13908472842
1067,2016-11-30,0.001988300585774372,0.0035580159807035994,-0.012662202023068225,0.04056272797223337,0.01616334997090374,-0.8835156058490279,-1.5913733652301199,-5.165043919573364,-6.775475561986166,-7.452677915708062,-7.278641986871803,0.5714285714285714,0.5,0.6923076923076923,0.5,0.46666666666666656,0.2666666666666667,48574.76493461208
1068,2016-12-01,-0.0024937448564784637,0.011949304072097044,-0.022755559492010802,0.031298086591599716,0.007115935513563709,-1.088053513145626,-2.0796228256626414,-5.142402606356256,-7.066412132792688,-7.890547053645724,-7.653933590376772,0.5714285714285714,0.5,0.7692307692307693,0.5714285714285714,0.46666666666666656,0.33333333333333315,97272.48498074574
1069,2016-12-02,0.0023124027991632268,0.010615966056505721,-0.00220726300407037,0.012307096522865546,-0.011429802710665626,0.28379589504941016,-0.787557879790135,-3.3434406391794957,-5.648439553105433,-6.615472664475752,-6.318026713543734,0.42857142857142855,0.5,0.7692307692307693,0.5714285714285714,0.46666666666666656,0.33333333333333315,52955.69595287677
1070,2016-12-05,0.015034473743815946,0.016304934345312994,-0.003176230910838407,0.01658471095724212,-0.007252549119878715,0.7547553618169722,-0.04158324351206666,-1.972814706805115,-4.582157016038957,-5.786726238447426,-5.405327547625616,0.2857142857142857,0.39999999999999997,0.6923076923076923,0.5714285714285714,0.3999999999999999,0.2666666666666667,52728.488175632236
1071,2016-12-06,-0.011762266207075545,0.0009451480682087787,-0.012077305061149901,0.032359661265473294,0.00815263804969768,-0.14853463495927421,-0.7914068098296978,-2.119909372796558,-4.937819223169059,-6.380787659972908,-5.909423938237735,0.42857142857142855,0.39999999999999997,0.6923076923076923,0.6428571428571428,0.46666666666666656,0.33333333333333315,38468.85886925164
1072,2016-12-07,-0.02137061499289805,0.0,-0.02465839875355169,0.04670255954097979,0.02215912182119495,-1.956523443079028,-2.650039940440485,-3.5774199819386676,-6.473189403960278,-8.17465800500754,-7.630004715297877,0.5714285714285714,0.5,0.6923076923076923,0.7142857142857142,0.5333333333333332,0.4,50354.49059168827
1073,2016-12-08,0.010283629696176133,0.011737873015618794,-0.0014542433194425497,0.012859027999340356,-0.010890817801889718,-0.5460792288800032,-1.3192016673006624,-1.94244839249601,-4.983745959997476,-6.945409856385309,-6.344650277669606,0.5714285714285714,0.5,0.6153846153846155,0.6428571428571428,0.46666666666666656,0.4,40111.18573113698
1074,2016-12-09,0.007327583034937524,0.008060337151264862,-0.0035590600184136623,0.0161400872246662,-0.007686637668363416,0.2198223994955617,-0.3162832197536991,-0.9670384639344443,-3.796490700359989,-6.00463256683561,-5.352994815848411,0.42857142857142855,0.5,0.5384615384615384,0.6428571428571428,0.46666666666666656,0.4,68565.94303953672
1075,2016-12-12,0.009781236647428804,0.016512410254261534,-0.0017879469543973237,0.0191876542890681,-0.004710537741960952,0.5198571196862511,0.319275549101361,-0.41669609183594414,-2.8588750187744094,-5.3527665459534575,-4.642110120507348,0.2857142857142857,0.39999999999999997,0.46153846153846156,0.6428571428571428,0.46666666666666656,0.33333333333333315,37827.14392452369
1076,2016-12-13,-0.0029160488309534216,0.004998989949978716,-0.008748146492860154,0.034135041110154196,0.009886361457887238,-0.3332643904891852,-0.48427391522666285,-1.242300456026768,-3.2552739485640636,-6.036045539987023,-5.2771738630492,0.42857142857142855,0.39999999999999997,0.5384615384615384,0.7142857142857142,0.5333333333333332,0.4,39608.45760079538
1077,2016-12-14,0.021655633062847013,0.024109260168748925,-0.0013867826197307975,-0.00030389738369906993,-0.023745075824722073,1.9826907530757554,1.7502841999012198,1.1379019358344067,-0.4270907070340946,-3.5769366105804057,-2.6910272981813144,0.42857142857142855,0.3000000000000001,0.46153846153846156,0.6428571428571428,0.5333333333333332,0.33333333333333315,60244.36079038534
1078,2016-12-15,-0.007722373931263848,0.00211577279293107,-0.01565636322496944,0.0326412630431725,0.008427578463094498,1.0261298968356147,0.8032230047713362,0.29721089169416626,-0.7975538096014256,-4.181164963236316,-3.1899157308353687,0.42857142857142855,0.39999999999999997,0.46153846153846156,0.6428571428571428,0.5999999999999999,0.4,44430.39790999045
1079,2016-12-16,0.019118556510724805,0.020522801457705686,-0.0005401058427282335,0.002887672975777411,-0.020628352552512164,2.4210711311023703,2.7474296657804542,2.3701500354291305,1.6325640870331615,-2.005473216138298,-0.8554770619086716,0.2857142857142857,0.39999999999999997,0.46153846153846156,0.5714285714285714,0.5999999999999999,0.4,85035.72315755622
1080,2016-12-19,-0.008413321199582713,0.0007550426141198496,-0.018444601644316716,0.025449214176391566,0.0014042051072327144,1.7288921672089952,2.5008835069864954,2.22300745657229,1.79938767762704,-2.0021486980377645,-0.7223774659004478,0.42857142857142855,0.5,0.5384615384615384,0.5714285714285714,0.5999999999999999,0.4,41594.29761185738
1081,2016-12-20,-0.007419938834850037,0.00519404304405513,-0.01102388217188388,0.04201512523566575,0.01758164780881355,-0.208966980228098,0.6375146033807955,0.5577630908502496,0.15938144199645343,-3.500758327878839,-2.108176375476367,0.5714285714285714,0.5,0.6153846153846155,0.5714285714285714,0.6666666666666665,0.4666666666666667,45604.25951262495
1082,2016-12-21,0.0046898529098273745,0.005116211895118461,-0.0014922191430397636,0.018367034241229208,-0.005511957704357862,0.1522679324474252,1.0110551983136373,1.1618006946771064,0.7286004647830246,-2.7758304980702975,-1.2129593495392221,0.5714285714285714,0.39999999999999997,0.5384615384615384,0.5,0.6666666666666665,0.4666666666666667,30155.683010019187
1083,2016-12-22,-0.003612452073551209,0.003506098485780873,-0.004249914866662263,0.027285765601664513,0.0031976505935997768,-0.45534853145738907,0.6116782710297475,0.8646485721405472,0.44965160985630526,-2.8800638838568537,-1.1329025108289703,0.5714285714285714,0.5,0.5384615384615384,0.5714285714285714,0.7333333333333332,0.5333333333333333,26931.638325564014
1084,2016-12-23,-0.005619158184902329,0.0008481976251060175,-0.007209510178116996,0.026187272127021544,0.002125051929514843,-0.5785885041101113,0.388483394131689,0.5568557700476928,0.24232395785923622,-2.837616463127124,-0.947243608280457,0.7142857142857143,0.6000000000000001,0.5384615384615384,0.5714285714285714,0.7333333333333332,0.6,16378.346904156066
1085,2016-12-27,-0.0022211210294726946,0.0026441035649675815,-0.004759439299013124,0.02650828641323888,0.002438366946204029,-0.8174028747331641,0.09367858716120558,0.24879924710496937,0.002645704296666551,-2.811561951810271,-0.8183108928253469,0.7142857142857143,0.6000000000000001,0.6153846153846155,0.5714285714285714,0.7333333333333332,0.6666666666666669,18351.194023727316
1086,2016-12-28,0.015566247652898602,0.01878690244150505,-0.0035426945025723855,0.008848844251308607,-0.014806900703564607,0.7606735026855382,1.277503628251453,1.666021319451061,1.497961567435535,-1.091691507910797,0.96065610870677,0.7142857142857143,0.5,0.6153846153846155,0.5714285714285714,0.6666666666666665,0.6666666666666669,28987.727235883474
1087,2016-12-29,-0.00010721406252311994,0.006002754786121223,-0.0031085968152150256,0.025550306561926917,0.0015029714959788887,0.6982780334440442,0.8973487468933117,1.4751667754368425,1.3651665464744944,-0.999962033352142,1.0728369534194426,0.7142857142857143,0.6000000000000001,0.6923076923076923,0.6428571428571428,0.6666666666666665,0.6666666666666669,25588.02320088945
1088,2016-12-30,0.0032348825368748724,0.0054992668859017435,-0.0044209187927738425,0.01797405902598781,-0.005895654956444951,1.0490173771789513,1.2808461182093556,1.9321793532469878,1.9817290329029458,-0.17458092864466312,1.7197060367967865,0.5714285714285714,0.6000000000000001,0.6153846153846155,0.6428571428571428,0.5999999999999999,0.6666666666666669,37428.373246266405
1089,2017-01-03,0.00010641557838941829,0.012767358501273751,-0.007873156886331723,0.037813455638751936,0.013478523869494774,-0.26902176351284446,-0.1489509775029596,0.4625619205278708,0.6668645102040127,-1.2045354188012114,0.38332357734267575,0.7142857142857143,0.7000000000000002,0.6153846153846155,0.6428571428571428,0.5999999999999999,0.7333333333333333,53780.25446922555
1090,2017-01-04,0.009511584909693394,0.009939083039435692,-0.0014962060489471796,0.019435460240464497,-0.004468530881502342,0.09465901609222449,0.11221380796586633,0.8335978840437352,1.1168081758784476,-0.44403016293232955,0.8510024227663893,0.5714285714285714,0.6000000000000001,0.6153846153846155,0.5714285714285714,0.5999999999999999,0.7333333333333333,40312.13455167255
1091,2017-01-05,0.001935483870967758,0.015698913978494655,-0.006236580645161194,0.017773320781817148,-0.00609176730164851,0.505382324039716,0.6689763182587072,1.3773731414105317,1.61444364719594,0.46646590748309347,1.4331841199873407,0.42857142857142855,0.6000000000000001,0.6153846153846155,0.5,0.5333333333333332,0.6666666666666669,50523.7311827957
1092,2017-01-06,0.004406663753152795,0.006018884286125514,-0.0067712488524156456,0.024451805703644247,0.00043011780369828223,0.2303204792005742,0.511305212337243,1.2222120832953376,1.4644271872208403,0.6978594053842713,1.3465821567789638,0.42857142857142855,0.6000000000000001,0.6153846153846155,0.5714285714285714,0.5333333333333332,0.6666666666666669,43239.54123774139
1093,2017-01-09,0.006062541753950157,0.012125094333925723,-0.0018404892765890857,0.016637267796841826,-0.007201119879238771,0.8366933305311353,1.2241104497829003,1.7007124214285518,2.102563648201672,1.6504479630778501,2.0513718825806437,0.42857142857142855,0.6000000000000001,0.5384615384615384,0.5714285714285714,0.5333333333333332,0.6,33505.548657360116
1094,2017-01-10,-0.009058925523629413,0.0065011189065093955,-0.011297079584416836,0.040196804388661356,0.015805924800346594,-0.6501099224665463,-0.2656748230573158,-0.0055797478274888235,0.5058560419291869,0.30095135695662467,0.4954266967118759,0.42857142857142855,0.6000000000000001,0.6153846153846155,0.6428571428571428,0.5999999999999999,0.6,42418.26798637391
1095,2017-01-11,-0.0019017537897146886,0.00105650288311665,-0.013312234267042089,0.0329604071686469,0.008739303225930417,-1.222555668012948,-1.1063367676423574,-0.9161634576050792,-0.3992222695290981,-0.4812288443587276,-0.30549354929177985,0.5714285714285714,0.6000000000000001,0.6923076923076923,0.6428571428571428,0.6666666666666665,0.6,39306.97592587478
1096,2017-01-12,0.004043036579275183,0.004043036579275183,-0.012873699603653477,0.01687072853969407,-0.00697313247667497,-0.5289307243573904,-0.3989762439351119,-0.2756108931210921,0.21468875930654718,0.2312811937259962,0.42770546329171655,0.42857142857142855,0.6000000000000001,0.6923076923076923,0.5714285714285714,0.5999999999999999,0.5333333333333333,33009.95931505393
1097,2017-01-13,-0.004339574375331057,0.0015875740393447302,-0.008467431991931562,0.029349848688954294,0.0052133713717748,-0.9072252699522054,-0.8883234241787274,-0.8704323358652899,-0.33000627217736334,-0.25150674162685016,-0.06713900688155583,0.5714285714285714,0.6000000000000001,0.6923076923076923,0.6428571428571428,0.5999999999999999,0.6,27618.60115517778
1098,2017-01-17,0.007160393288447198,0.007694784653200948,-0.003740504435182146,0.014148328378562391,-0.009631688683234052,0.14351291718970316,0.018319919774079096,0.08498719908505148,0.60573256023293,0.7033161242508745,0.8250482650465241,0.5714285714285714,0.5,0.6923076923076923,0.6428571428571428,0.5333333333333332,0.5333333333333333,53865.623917922414
1099,2017-01-18,-0.005785931516426923,0.0009642772749540729,-0.0085717666651286,0.021384796388318694,0.005711196686270181,-0.26359464824442513,-0.58348303532747,-0.5049081297055613,-0.00792289188094042,0.12295453107142862,0.20070224460682073,0.5714285714285714,0.5,0.6923076923076923,0.6428571428571428,0.5999999999999999,0.5333333333333333,36704.2386862694
1100,2017-01-19,0.0021418398631989355,0.006425423209212466,-0.004497729851072996,0.016128621212439853,0.0005356493144796914,-0.04618932340986204,-0.5604798025504287,-0.4785278103710433,-0.18189450427080756,0.0897040998773635,0.12444546123409062,0.7142857142857143,0.6000000000000001,0.7692307692307693,0.6428571428571428,0.6666666666666665,0.6,37909.68873133504
1101,2017-01-20,-0.006026643983365498,0.004440663894255348,-0.01015012666208226,0.028635669902011163,0.012850821935675771,-1.0844702257779115,-1.666745196042374,-1.6086714494911836,-1.4822647208463824,-1.115677957180361,-1.1062204493979544,0.7142857142857143,0.6000000000000001,0.7692307692307693,0.7142857142857142,0.7333333333333332,0.6666666666666669,53342.20039451892
1102,2017-01-23,0.0014820982583325648,0.002964207103157035,-0.009527853160362643,0.014296000826040212,-0.00126882568188047,-0.869744805805861,-1.3540473591792668,-1.4384852947540328,-1.3678370512630544,-0.917461554665322,-0.9900684051421638,0.5714285714285714,0.6000000000000001,0.6923076923076923,0.7142857142857142,0.6666666666666665,0.6666666666666669,34456.97199299145
1103,2017-01-24,-0.012676652383139086,0.005091490130745724,-0.01496254187370194,0.03472222072896125,0.018843954209541325,-2.2544044247722717,-2.954147996441514,-3.1034812806257306,-3.1199985881793957,-2.648491444770751,-2.7977876590915107,0.7142857142857143,0.6000000000000001,0.7692307692307693,0.7857142857142856,0.6666666666666665,0.6666666666666669,59934.5789679048
1104,2017-01-25,-0.0033622210216562864,0.004482873061989245,-0.008456464422690546,0.03574014680579474,0.01984623707064692,-3.5092061106278605,-4.453317524477929,-4.755991099760848,-4.899028933059746,-4.4143756953812225,-4.578933653619776,0.7142857142857143,0.7000000000000002,0.7692307692307693,0.7857142857142856,0.7333333333333332,0.6666666666666669,77002.56440135375
1105,2017-01-26,0.012651676479616514,0.01810329131759625,-0.012343180288590938,0.005961641944192131,-0.009475264565477426,-1.9367002440377146,-3.173050662664445,-3.6648349597557472,-3.8331245552984283,-3.45515919388526,-3.5618966430781662,0.7142857142857143,0.7000000000000002,0.6923076923076923,0.7857142857142856,0.7333333333333332,0.6,93573.36645161113
1106,2017-01-27,-0.013132599517781562,0.004747964536780724,-0.015052005557167458,0.034074408168408565,0.018206103057347267,-2.873306646653284,-4.419788511796741,-5.136347784932682,-5.3636662839714795,-5.085985114134539,-5.154835157963578,0.7142857142857143,0.7000000000000002,0.6923076923076923,0.7857142857142856,0.7333333333333332,0.6666666666666669,64363.07847992885
1107,2017-01-30,0.016633959947990773,0.018596910645759746,-0.002272972391022199,-0.006986224768188665,-0.022224518062842424,-0.162349643729931,-1.8650020399981204,-2.7633338723063505,-3.0291583400532507,-2.862917667922582,-2.9913328073112644,0.5714285714285714,0.7000000000000002,0.6923076923076923,0.7857142857142856,0.6666666666666665,0.6666666666666669,53948.78764387036
1108,2017-01-31,0.00972184780590224,0.010140005848212175,-0.011185531625108491,0.0037279794461364535,-0.01167463811599645,1.1782730845043998,-0.5114775868419685,-1.4585285278478022,-1.7450651596764843,-1.6558985870906318,-1.8399707003517562,0.42857142857142855,0.6000000000000001,0.6153846153846155,0.7142857142857142,0.6666666666666665,0.6666666666666669,59843.23751435344
1109,2017-02-01,0.007359867444434176,0.014824897331249254,-0.007465029886814967,0.009745396591912314,-0.005749656483791665,1.8610083391677135,0.15689598329153842,-0.7318033049825701,-1.1188004157037135,-1.078763328261434,-1.2613219947609777,0.42857142857142855,0.5,0.6153846153846155,0.6428571428571428,0.6666666666666665,0.6,37665.91160060024
1110,2017-02-02,0.010664391937647233,0.014503573035200112,-0.00287935382998894,0.0012760958324937732,-0.014088927884947533,2.94032799380759,1.630323157716096,0.7148711722595458,0.3217389085085287,0.2922394957187491,0.13360439004748148,0.2857142857142857,0.5,0.5384615384615384,0.6428571428571428,0.6666666666666665,0.5333333333333333,40603.67230259163
1111,2017-02-03,0.011149238970296294,0.012542860340296391,-0.005038604256417445,0.010277625442490557,-0.005225576595003778,2.7352410630214985,2.131835616811295,1.268432453406132,0.8462246035634724,0.7915850055997709,0.5998856776689099,0.14285714285714285,0.39999999999999997,0.5384615384615384,0.5714285714285714,0.5999999999999999,0.5333333333333333,50148.014259745
1112,2017-02-06,-0.0006461182089119166,0.0026919348758931427,-0.0047378376847903025,0.011120815247949611,-0.004395299689580523,2.519648333315083,2.5881011305344037,1.748078273567355,1.2655175267271446,1.215969588587984,1.0409710243997283,0.14285714285714285,0.39999999999999997,0.5384615384615384,0.5,0.5999999999999999,0.5333333333333333,49759.954567859764
1113,2017-02-07,0.010824156271013852,0.01725431394822241,-0.0031079306206821533,0.02039620155838162,0.004737750734404189,1.16662029648531,2.102824687809113,1.3211461912329359,0.7703284567892599,0.7099520768657497,0.5509842620049721,0.14285714285714285,0.39999999999999997,0.5384615384615384,0.5,0.5999999999999999,0.5333333333333333,53536.67127934137
1114,2017-02-08,0.0009686362730110254,0.0009686362730110254,-0.00861051518198197,0.011231086123852041,-0.0042866792442721735,1.0055743749346036,2.5062586604768233,1.8239824932967386,1.2243983928870161,1.0507785596038266,1.0174462687084551,0.14285714285714285,0.3000000000000001,0.5384615384615384,0.5,0.5999999999999999,0.4666666666666667,43950.13361527785
1115,2017-02-09,-0.009578554806072392,0.0023414325493980037,-0.013516358168543463,0.0270619008443429,0.011301200760642116,-0.381623526533581,1.31362759533864,0.7318292256728753,0.14787145973242932,-0.11691539504954385,-0.05020559666257807,0.2857142857142857,0.3000000000000001,0.5384615384615384,0.5,0.5999999999999999,0.5333333333333333,42509.643279168195
1116,2017-02-10,-0.014951666804104757,0.0032188246956459388,-0.018793459013465963,0.040984988209285644,0.02501068358019265,-2.6343549382951026,-1.0212605183753332,-1.605481942108522,-2.135092478759393,-2.5153863373602037,-2.407548457887443,0.42857142857142855,0.39999999999999997,0.5384615384615384,0.5714285714285714,0.5999999999999999,0.6,58146.64942680199
1117,2017-02-13,-0.008223329949238467,0.005583786802030533,-0.013604020304568532,0.038677995954639055,0.022739002311295664,-4.113123288066067,-3.0580111476694483,-3.537705761469012,-4.119397340040864,-4.581222930337137,-4.419218752984532,0.5714285714285714,0.39999999999999997,0.6153846153846155,0.5714285714285714,0.6666666666666665,0.6666666666666669,71015.24365482233
1118,2017-02-14,0.002038994883841294,0.006626588097730091,-0.008461556059192854,0.011357267284301642,-0.004162443140665273,-3.0118080988465246,-2.6571783673284166,-2.921512775753443,-3.5260244487454573,-4.112962512770347,-3.881508899523367,0.5714285714285714,0.3000000000000001,0.5384615384615384,0.5714285714285714,0.5999999999999999,0.6,44270.58912311506
1119,2017-02-15,-0.009190022496163186,0.0,-0.010300919318347423,0.025213438687011314,0.009481133167971834,-3.035462799814148,-3.441586667855079,-3.5341604337899457,-4.187385254796183,-4.868034771452912,-4.626251718174412,0.7142857142857143,0.39999999999999997,0.6153846153846155,0.6428571428571428,0.5999999999999999,0.6666666666666669,43687.14513294723
1120,2017-02-16,0.008039904171791123,0.008243415260667186,-0.004681447085661539,0.007789765500269885,-0.007675212236868956,-1.565817254786006,-2.7478142817021323,-2.5491189002082915,-3.22875674241323,-4.022997613540646,-3.758074897326058,0.5714285714285714,0.3000000000000001,0.5384615384615384,0.5714285714285714,0.5333333333333332,0.6,31165.2928726584
1121,2017-02-17,-0.007890723477809392,0.0010116236926984712,-0.013252372549365066,0.021682606586587827,0.006004413813649245,-1.2948870705182358,-3.179416607587615,-2.8672552885338765,-3.5447594759106416,-4.426470881929168,-4.1455945892715285,0.7142857142857143,0.39999999999999997,0.5384615384615384,0.6428571428571428,0.5999999999999999,0.6666666666666669,36736.48177516402
1122,2017-02-21,0.00784918466563056,0.011213037945219995,-0.0018348624227290111,0.007879118284315645,-0.007587213471955789,0.0626183994610452,-2.261541254495647,-1.953788853051941,-2.623773821729447,-3.54645478372565,-3.2503175820436603,0.5714285714285714,0.39999999999999997,0.46153846153846156,0.5714285714285714,0.5333333333333332,0.6,39923.56758255999
1123,2017-02-22,-0.001629287218817277,0.005397209940851688,-0.005906252726260219,0.01661981933319434,0.0010193632746307024,0.23567043998404813,-2.136310500433092,-1.872272022713084,-2.5654977863616923,-3.532263397375035,-3.167776294293101,0.5714285714285714,0.5,0.5384615384615384,0.5714285714285714,0.5999999999999999,0.6,30865.59972097555
1124,2017-02-23,0.030245933116297197,0.03087385565021905,-0.004500261501823366,-0.011821673644742958,-0.026985685852152552,2.574563067546398,0.7109166186704208,0.8148261189392381,0.22398053882193292,-0.7944691796848646,-0.412445455358712,0.42857142857142855,0.5,0.46153846153846156,0.5714285714285714,0.5333333333333332,0.6,63052.896502755735
1125,2017-02-24,-0.006493527236273722,0.0002094365246301244,-0.02073735795756093,0.014840554608857692,-0.0007325813593225261,2.2592557166455807,0.9493325070887515,0.755573904164808,0.3639435931629631,-0.6685116968767613,-0.2592395732947672,0.42857142857142855,0.5,0.3846153846153847,0.5,0.5333333333333332,0.5333333333333333,52556.60203526596
1126,2017-02-27,-0.02011493185314195,0.0008209667319176717,-0.023809513058097087,0.03643231837566385,0.02052786909434623,-0.029327742432994075,-0.746253309397249,-1.2603679537965595,-1.4848041202094375,-2.5713567086399824,-2.112889389213901,0.42857142857142855,0.6000000000000001,0.46153846153846156,0.5714285714285714,0.5999999999999999,0.5333333333333333,55879.540724947845
1127,2017-02-28,0.006000351500088819,0.009724746131812623,-0.0022760396326901855,0.00745487392389621,-0.008004898819474748,0.5409167884151245,0.3022292936459836,-0.5783747778418391,-0.5667979672820289,-1.7140170311355507,-1.1933558062157457,0.42857142857142855,0.5,0.3846153846153847,0.5,0.5333333333333332,0.4666666666666667,40881.47296161916
1128,2017-03-01,-0.003854787911243829,0.00395616749936778,-0.011665672313538655,0.035757504566242604,0.019863397267735117,-1.456396569558982,-1.2404759497741558,-2.4282963110221267,-2.315021583172694,-3.4786246898028783,-2.9157510294140376,0.42857142857142855,0.6000000000000001,0.46153846153846156,0.5,0.5999999999999999,0.5333333333333333,56449.597353406425
1129,2017-03-02,0.04376851373708668,0.04631201731335288,-0.01610857337739957,-0.027890477131355507,-0.04280794883522665,2.3844915464182437,3.2065684006095774,1.869741507686884,2.0453604824956395,0.8844148965748699,1.4655196456617725,0.42857142857142855,0.5,0.46153846153846156,0.42857142857142855,0.5333333333333332,0.4666666666666667,244373.73246741487
1130,2017-03-03,-0.007989928259358847,0.008200157436916822,-0.009566904660421427,0.023764421481689446,0.008054330719788672,1.1038691905398412,2.292589581312199,1.056305788261347,1.254801412536799,0.1570276510476143,0.6923255824123231,0.42857142857142855,0.5,0.5384615384615384,0.5,0.5333333333333332,0.5333333333333333,85820.06541775446
1131,2017-03-06,-0.014007986033536146,0.002927012212962099,-0.016307818678326647,0.02135009173092217,0.0056770556273937345,0.5495645087981282,1.5030871558096681,0.5799257772051147,0.661563444698765,-0.3475424803540572,0.19689711978367885,0.5714285714285714,0.5,0.6153846153846155,0.5,0.5999999999999999,0.5333333333333333,49195.109170139694
1132,2017-03-07,-0.002918774106119071,0.0031273115813612584,-0.012196372354842167,0.018451002803187455,0.0028224671416576808,0.33357818311385845,1.056573323994514,0.4283860378726967,0.2955997432156465,-0.5503309965849579,-0.018766724795038492,0.7142857142857143,0.6000000000000001,0.6923076923076923,0.5,0.5999999999999999,0.6,48816.888043364954
1133,2017-03-08,0.009331706231952008,0.024133861714023652,-0.0039687009341832225,-0.012999577504970605,-0.028145539437901657,2.59420130422372,3.539634344333309,3.355245414711261,3.047377963841713,2.3552151660263254,2.889932881859947,0.5714285714285714,0.5,0.6923076923076923,0.5,0.5999999999999999,0.6,100507.41680226054
1134,2017-03-09,0.01159862142027146,0.020024094758989808,-0.010723219287922303,-0.0044591602596039115,-0.019736175247521137,3.8359982992763886,5.087307581162337,5.336109722855142,4.8250855185882235,4.392947466037045,4.900820177161824,0.5714285714285714,0.5,0.6153846153846155,0.42857142857142855,0.5333333333333332,0.5333333333333333,101332.84507422961
1135,2017-03-10,-0.004549875518359281,0.00855811956577024,-0.01624959411222171,0.02580821737631145,0.010066767103491081,1.8307895255349704,3.533903124112947,4.2553321070908146,3.607024090547495,3.370579916757954,3.8222147111786287,0.5714285714285714,0.5,0.6923076923076923,0.5,0.5333333333333332,0.6,77661.2267936784
1136,2017-03-13,0.007448218992316624,0.009607081278142138,-0.004101867488146227,0.019215199227253565,0.003574998567278831,1.2028073613319146,2.7441043623073647,3.816096595295204,3.1215225484667153,2.991607457765255,3.3925405616246573,0.7142857142857143,0.6000000000000001,0.6923076923076923,0.5714285714285714,0.5333333333333332,0.6,47236.69481042417
1137,2017-03-14,-0.006967123808326536,0.0015240474469404575,-0.013498780606370775,0.007033602329845623,-0.008419748001080474,1.555161906727509,3.1235435333766715,4.466941850565176,3.87079581859473,3.8140072837238304,4.189603410881992,0.5714285714285714,0.5,0.6153846153846155,0.5714285714285714,0.5333333333333332,0.5333333333333333,62932.81163799465
1138,2017-03-15,-0.010604091574506258,0.004605826857264184,-0.01392462495796254,0.03216824837567556,0.0163291978094815,-0.4284493461452654,1.2991198604402232,2.5263185915119335,2.1862363969078924,2.1497029549078173,2.427467884807455,0.5714285714285714,0.6000000000000001,0.6153846153846155,0.6428571428571428,0.5333333333333332,0.6,68921.44999011944
1139,2017-03-16,0.012062498913570252,0.013354852199350509,-0.002261701718076492,0.010036675373433335,-0.005462726638066018,-0.35541224996047394,1.6532052479141024,2.820729870633709,2.7309785977324363,2.6889228966437972,2.8269851444003624,0.42857142857142855,0.6000000000000001,0.6153846153846155,0.6428571428571428,0.46666666666666656,0.5333333333333333,40041.004093527285
1140,2017-03-17,0.0008609837106454687,0.004412829430079368,-0.0027984284663252756,0.01624087605013047,0.0006462333532866182,-0.468966537783555,1.2392925629657103,2.4411717687493173,2.6661710617710943,2.6254237327227203,2.628037999735433,0.5714285714285714,0.6000000000000001,0.6153846153846155,0.7142857142857142,0.5333333333333332,0.6,76862.6281621514
1141,2017-03-20,-0.023794601178310226,0.000838584888079863,-0.02631030343164975,0.042802346077867925,0.026800041594039703,-2.466301764184675,-1.4974487938108516,-0.3753562511929598,0.06477001895550671,-0.001493772178784436,-0.15812710234892613,0.7142857142857143,0.7000000000000002,0.6923076923076923,0.7142857142857142,0.5333333333333332,0.6,68302.98179656222
1142,2017-03-21,0.0319160121172779,0.03202422373688196,-0.0036785026506546137,-0.016032642550208198,-0.031132065037059342,0.6862379613881142,1.192412180837077,2.4950719270268706,3.261545456660242,3.1872281541527103,2.9152595491181765,0.5714285714285714,0.6000000000000001,0.6153846153846155,0.7142857142857142,0.5333333333333332,0.5333333333333333,83523.82960077896
1143,2017-03-22,-0.004652169209131363,0.007573266255544775,-0.007681477875148834,0.01558460337262435,0.0,0.6537794687253129,1.0432645853353684,2.202958939800892,3.202427299157762,3.1318450639285844,2.8154154067673742,0.42857142857142855,0.6000000000000001,0.6153846153846155,0.6428571428571428,0.5333333333333332,0.4666666666666667,54479.14713837498
1144,2017-03-23,0.0023852758629965276,0.008348660684744935,-0.0029275072234357102,0.013387114744249251,-0.002163789634774038,0.929354994376852,1.0385553105056955,2.116348608987617,3.2682295908608827,3.2979163393058952,2.949150973576753,0.42857142857142855,0.5,0.5384615384615384,0.5714285714285714,0.5333333333333332,0.4666666666666667,28034.34550465102
1145,2017-03-24,0.000976625046627877,0.011828496759012541,-0.0064026477177939745,0.014703700469604675,-0.000867326640656918,0.8293878335175364,0.8541928615994454,2.029296839579464,3.1117700258546988,3.2819108066151292,2.988290660771953,0.2857142857142857,0.39999999999999997,0.5384615384615384,0.5,0.5333333333333332,0.4,39441.212925833686
1146,2017-03-27,-0.006665938003148519,0.00502676199263985,-0.0127855532119866,0.00853110836232851,-0.0069452205060477334,1.3253792903553663,1.214541103905309,2.5362817593208575,3.576110253356113,3.8314805306028044,3.653306569561754,0.2857142857142857,0.3000000000000001,0.5384615384615384,0.5,0.5333333333333332,0.33333333333333315,37434.25215964917
1147,2017-03-28,-0.014954266216920975,0.0022593545645839264,-0.015492146815238694,0.031565734938781675,0.015735955920145983,-0.2382238465498565,-0.37500895494604336,0.7177453745866647,1.738263061241363,2.1135275707627077,2.0499508369812958,0.2857142857142857,0.39999999999999997,0.5384615384615384,0.5,0.5999999999999999,0.4,41592.331089618005
1148,2017-03-29,-0.0010768791613516848,0.004199859959079788,-0.00495368291025533,0.014601232601722192,-0.000968219763717304,-0.5322949099988428,-0.16538261776126717,0.6204907650511293,1.629177762002909,2.055317225858322,2.13500794715753,0.14285714285714285,0.39999999999999997,0.5384615384615384,0.5,0.5333333333333332,0.33333333333333315,27068.782176719986
1149,2017-03-30,-0.0025745333343216714,0.0016091181977138103,-0.008796384801583512,0.01952176358495783,0.0038767309176084286,-0.7953499454144586,-0.4811925424165864,-0.041883669461439954,1.021014808636389,1.5700220400307163,1.7500881858598216,0.2857142857142857,0.39999999999999997,0.5384615384615384,0.5,0.5999999999999999,0.4,39396.124657829605
1150,2017-03-31,-0.0014015200215281576,0.005174601009603208,-0.007977630272151148,0.010573159584914116,-0.004934486131893734,-0.2525749580858272,0.021557084428502904,0.3716674100110673,1.3163741368909854,1.9992664513824199,2.2177008284028688,0.2857142857142857,0.3000000000000001,0.5384615384615384,0.5,0.5333333333333332,0.4,43343.112907630166
1151,2017-04-03,0.0017340739698952223,0.006177511851441775,-0.01376392154862649,0.010219718909282971,-0.005282550428353683,0.2833366173279339,0.5844706127185351,0.7576172648386725,1.6248969220282516,2.4676603158582777,2.6354396115751744,0.2857142857142857,0.3000000000000001,0.46153846153846156,0.42857142857142855,0.46666666666666656,0.4,39944.81250501178
1152,2017-04-04,-0.0025496441904698797,0.006905365140933872,-0.011367247786059242,0.03605698557950188,0.0201582487116454,-1.397759376604446,-1.344641362149146,-1.310746515381045,-0.43708035251930344,0.4520131937456373,0.47472790652407504,0.42857142857142855,0.3000000000000001,0.46153846153846156,0.5,0.46666666666666656,0.4666666666666667,61589.35572900315
1153,2017-04-05,0.007215619847530164,0.02642195514477841,-0.0029711269730714474,0.016771398582467123,0.0011686182046191096,-1.099016846440437,-1.3544433446896709,-1.5113370875088128,-0.600288306988439,0.359014494498755,0.24072520006181986,0.5714285714285714,0.39999999999999997,0.46153846153846156,0.5714285714285714,0.5333333333333332,0.5333333333333333,64316.70085563881
1154,2017-04-06,-0.014610749321644634,0.006261719891463402,-0.016280505113754895,0.03261158072917891,0.016765723882163464,-2.3019361241487513,-2.764112197466251,-3.0066296360615308,-2.29969820873529,-1.2225301778621689,-1.5075880992360458,0.5714285714285714,0.39999999999999997,0.5384615384615384,0.5714285714285714,0.5333333333333332,0.6,56580.08954289293
1155,2017-04-07,0.0036642170330050128,0.011515976073575462,-0.001046890736397299,0.01240487479745811,-0.0031308558143149368,-1.5972747958601596,-2.4497506756168463,-2.4961128457094417,-2.0354760496177127,-0.8572137504047062,-1.2802114362473138,0.5714285714285714,0.3000000000000001,0.5384615384615384,0.5714285714285714,0.5333333333333332,0.5333333333333333,46730.57600706373
1156,2017-04-10,-0.008544379334407992,0.007720815397578962,-0.010706207645729937,0.03280865469420191,0.016959772995587485,-2.661842886341026,-3.7302560723233236,-3.885407235594307,-3.7221670765977932,-2.4069322467095144,-2.976850465027814,0.5714285714285714,0.39999999999999997,0.5384615384615384,0.5714285714285714,0.5333333333333332,0.6,53203.65362574278
1157,2017-04-11,0.00205978377054139,0.0021627188910962047,-0.014727085782226257,0.015166366272555187,-0.0004117435409516368,-1.9832313229930065,-3.347067013790872,-3.627092650410102,-3.581729014807067,-2.289737538517367,-2.966309963151559,0.5714285714285714,0.39999999999999997,0.46153846153846156,0.5714285714285714,0.5333333333333332,0.5333333333333333,43772.43035578641
1158,2017-04-12,0.019291597941265115,0.020134893315044478,-0.0021083385820330758,-0.00784396295440426,-0.023069091900695504,0.7213694561647888,-0.8666840761792693,-1.2007605743289962,-1.314712455910716,-0.018817574234464285,-0.7755712583697671,0.5714285714285714,0.39999999999999997,0.46153846153846156,0.5,0.46666666666666656,0.4666666666666667,50324.742669979525
1159,2017-04-13,0.016111708187147356,0.018904436496335775,-0.00010743287019188141,-0.003258189526915589,-0.018553594417526242,2.467392570533944,1.080251538404542,0.6536749790183816,0.45266265775627534,1.7331602188362494,1.0250127915425233,0.42857142857142855,0.39999999999999997,0.3846153846153847,0.42857142857142855,0.46666666666666656,0.4,50546.79915247689
1160,2017-04-17,-0.004780082906098104,0.0022307096051699116,-0.006904620850909593,0.02692944133979669,0.01117077582622028,1.3202226641383819,0.16313133691712167,-0.39303098762661914,-0.7249829956467835,0.5093747669610238,-0.1317168112184519,0.42857142857142855,0.5,0.46153846153846156,0.42857142857142855,0.5333333333333332,0.4666666666666667,39505.055231634324
1161,2017-04-18,-0.00942895443827696,0.001589172598677635,-0.013454772893895295,0.018281579747754684,0.0026556123654100094,0.835440484735539,0.006811654799787625,-0.5821832945417049,-0.9440299377853956,0.1263777205615435,-0.48854818741921324,0.42857142857142855,0.5,0.46153846153846156,0.5,0.5333333333333332,0.4666666666666667,35070.51218425164
1162,2017-04-19,0.01487108147136973,0.02674654940893806,-0.0019257515574434558,0.005685907262310996,-0.0097468146214571,1.5146209942661804,1.03776855933575,0.2980360314376318,0.11042866428079279,0.9898813237432247,0.39340751182748157,0.42857142857142855,0.5,0.3846153846153847,0.5,0.5333333333333332,0.4666666666666667,59380.619135748166
1163,2017-04-20,-0.014578543647642328,0.0031691843156904653,-0.017747738527456702,0.02851442582146979,0.0211435545743901,-0.8408195652880535,-0.8876879995808773,-1.6282257489269703,-1.8450797873098557,-1.1860981688263106,-1.7791209563045474,0.42857142857142855,0.5,0.46153846153846156,0.5,0.5333333333333332,0.4666666666666667,51261.410679805165
1164,2017-04-21,0.009223939779474222,0.009860050890585281,-0.005407145886344389,0.003600480566301245,-0.003591798017614556,-0.783281183430018,-0.35440529499479734,-1.1397581274241175,-1.398745983434424,-0.9049186777324136,-1.4027241932882295,0.42857142857142855,0.5,0.46153846153846156,0.42857142857142855,0.5333333333333332,0.4666666666666667,43772.32485156913
1165,2017-04-24,-0.01001964693770574,0.002582377906876987,-0.010432755096224544,0.03380823159115964,0.026399464662242744,-2.9321144231479246,-2.5262809204994463,-3.4198345385799467,-3.724287541285387,-3.4679794818279763,-3.8656884989834994,0.5714285714285714,0.6000000000000001,0.5384615384615384,0.5,0.5333333333333332,0.4666666666666667,69613.7106624256
1166,2017-04-25,-0.014748142400845543,0.004501063100958769,-0.023175618141651477,0.08639319958211833,0.07860753062768966,-8.352679953754494,-8.873108263137375,-9.86430104044097,-10.336152892730698,-10.282910216152818,-10.610580022590355,0.7142857142857143,0.6000000000000001,0.6153846153846155,0.5,0.5333333333333332,0.5333333333333333,176052.4414107152
1167,2017-04-26,-0.008217093131393294,0.012612258260567222,-0.009745891085576441,0.009533318114132161,0.0022984968053327837,-7.021049210427243,-8.317951998952221,-9.438393721977011,-10.112665284688127,-10.261918510529766,-10.555673650780273,0.7142857142857143,0.6000000000000001,0.6923076923076923,0.5714285714285714,0.5333333333333332,0.6,94171.55516252416
1168,2017-04-27,0.013342452278924721,0.015192812621737328,-0.0011686988702767076,-0.01183676736737782,-0.018918427433105123,-3.966554850767967,-6.0179033052154,-7.205321670438824,-8.012903501506353,-8.391359237523089,-8.546573896631616,0.5714285714285714,0.5,0.6153846153846155,0.5,0.5333333333333332,0.5333333333333333,65517.11453058044
1169,2017-04-28,0.005574026881008498,0.012419293713684887,-0.00029336005684810207,0.003098333896468519,-0.004090396755988324,-2.2365946350754617,-5.106147529110472,-6.350847039388752,-7.368061323316278,-7.866178068498719,-7.8462138807620985,0.5714285714285714,0.5,0.6153846153846155,0.42857142857142855,0.5333333333333332,0.5333333333333333,39271.442024790886
1170,2017-05-01,0.006372568627450947,0.009705862745098104,-0.0057842745098038995,0.004657345212861541,-0.0025425021028611106,-0.9593860562122969,-4.467889446489027,-5.666387739639767,-6.770198999231381,-7.532542105600082,-7.318585768593655,0.42857142857142855,0.39999999999999997,0.5384615384615384,0.42857142857142855,0.46666666666666656,0.4666666666666667,44235.27450980392
1171,2017-05-02,0.007486897695066608,0.011821465632519512,-0.0025613436595144368,0.0023796221193805867,-0.004803917328320084,0.5305573617232939,-3.6401452698455516,-4.76471387493449,-5.973917221800185,-6.900253333394646,-6.600063760482399,0.42857142857142855,0.39999999999999997,0.5384615384615384,0.42857142857142855,0.3999999999999999,0.4666666666666667,44491.16738267821
1172,2017-05-03,-0.004924167767144327,0.006204421841595309,-0.007484754702730356,0.00751587586626612,0.0002955373258530791,1.1663221951058178,-3.143736323976576,-4.322470031589676,-5.647516194446189,-6.75884676255335,-6.333988704404614,0.42857142857142855,0.5,0.6153846153846155,0.5,0.46666666666666656,0.4666666666666667,42134.11874990034
1173,2017-05-04,0.02062584787831634,0.02122951022466557,-0.00754603086372907,-0.014108573657720669,-0.021173980159587047,2.6317724267623133,-0.541378400875725,-1.963606346009017,-3.3190455008968667,-4.633620145462281,-4.112352020853427,0.2857142857142857,0.5,0.5384615384615384,0.5,0.3999999999999999,0.4,73161.29070492294
1174,2017-05-05,-0.001405048187525626,0.0035126355230090667,-0.006222420777021509,0.009751745477619034,0.0025153297270683606,1.6545323301511594,-0.34105106943495,-1.9144072938545365,-3.2431931515534584,-4.765359968619842,-4.13630205926575,0.2857142857142857,0.5,0.5384615384615384,0.5714285714285714,0.46666666666666656,0.4,41014.65677454493
1175,2017-05-08,0.0011069739023756853,0.007346231035134432,-0.004327271681776934,0.004488985020974168,-0.0027096941200227542,1.4548785479592263,0.3435913094926857,-1.4399568020932896,-2.7220395337121173,-4.341082481493719,-3.6680865428168397,0.2857142857142857,0.39999999999999997,0.46153846153846156,0.5,0.3999999999999999,0.4,51267.993118577244
1176,2017-05-09,0.004330748269405271,0.00926576685199132,-0.0004028703756383534,0.006407334956876953,-0.000805095451739235,1.1093056098709475,0.8985232073337679,-1.1419962804017025,-2.3848575863444577,-4.056511951475262,-3.455915060973369,0.2857142857142857,0.39999999999999997,0.46153846153846156,0.5,0.33333333333333337,0.4,98115.62707103809
1177,2017-05-10,-0.006377042582931036,0.0034874252342822487,-0.010561956849721388,0.018072542395122904,0.010776514839888174,-0.20212910839607634,0.2284637818722013,-2.0052296244752466,-3.1441795863279665,-4.870404860140987,-4.237795375183417,0.42857142857142855,0.39999999999999997,0.46153846153846156,0.5,0.3999999999999999,0.4,46797.52484258146
1178,2017-05-11,0.009010832934168489,0.009208832740050132,-0.00831761577022705,0.013540923057900889,0.006277360160905854,-0.8982468373844199,0.0749762321749392,-2.3954014102673504,-3.4303150732429066,-5.248989560424522,-4.571463347408611,0.5714285714285714,0.5,0.5384615384615384,0.5714285714285714,0.46666666666666656,0.4,51690.25758374607
1179,2017-05-12,-0.0011915698658679919,0.0023830602957308766,-0.005361940277648025,0.004425696538708612,-0.0027725480630566013,-0.7404550870934723,0.6298175960392616,-1.8104782530231511,-2.8355673808933,-4.7584382358176525,-4.0440148196486785,0.42857142857142855,0.39999999999999997,0.5384615384615384,0.5714285714285714,0.46666666666666656,0.4,40829.106651078415
1180,2017-05-15,-0.008103905645458154,0.0013669205500275172,-0.009861296814319465,0.02432025568442242,0.016979463728630906,-1.9750603831864555,-1.1897768036024159,-2.980866349073208,-4.1417065841909295,-6.120092576020797,-5.338421461523346,0.5714285714285714,0.39999999999999997,0.6153846153846155,0.5714285714285714,0.5333333333333332,0.4,36672.50198542281
1181,2017-05-16,0.0040062929062456565,0.004494889759425025,-0.01045533556596967,0.006431475009761822,-0.0007811301073337162,-1.5215355333620395,-1.2744587219309933,-2.4873895545965863,-3.757006515431871,-5.808121622425477,-4.941021104476473,0.42857142857142855,0.3000000000000001,0.5384615384615384,0.5,0.5333333333333332,0.4,30445.55190332429
1182,2017-05-17,0.021969213321042735,0.021969213321042735,-0.002496504918079734,-0.014433869068020466,-0.0214969060811272,0.7518012233742821,0.7132850913099453,-0.03471515181640017,-1.460405202718762,-3.5487035379132004,-2.62566523632235,0.42857142857142855,0.3000000000000001,0.46153846153846156,0.42857142857142855,0.46666666666666656,0.33333333333333315,46119.43185660507
1183,2017-05-18,-0.010776312005823963,0.004490091753241998,-0.024745589455741457,0.008022874293815763,0.0007989149481764102,0.8039395465447186,0.4874939449394766,0.24279446496304757,-1.34353683178835,-3.4925173708477697,-2.4717643308271864,0.5714285714285714,0.39999999999999997,0.5384615384615384,0.5,0.5333333333333332,0.33333333333333315,59183.7928638516
1184,2017-05-19,-0.008395977740896399,0.004197998633212796,-0.011324836473689426,0.029428840960007863,0.022051465251203828,-1.0822757036484942,-1.650607435555318,-1.5587906391155593,-3.259769614116037,-5.324586668489017,-4.297682259161895,0.5714285714285714,0.5,0.5384615384615384,0.5,0.5333333333333332,0.4,45264.05906472713
1185,2017-05-22,0.0037148987807713585,0.0074298757705555385,-0.00469257009783397,0.005841560751423502,-0.0013668195872287292,-0.7653308446820106,-1.461530870495531,-1.0530279599223036,-2.9182263113469276,-4.9477755593053345,-3.8791614329969026,0.42857142857142855,0.5,0.5384615384615384,0.5,0.5333333333333332,0.4,42782.2628528374
1186,2017-05-23,-0.012834063866662082,0.0011579948226767556,-0.0151500438622999,0.020412775737685296,0.013099951871333504,-1.645960282853265,-2.5916328891605778,-2.019082215561019,-3.8443739198022575,-5.8974770075220455,-4.787898864730799,0.5714285714285714,0.5,0.5384615384615384,0.5714285714285714,0.5999999999999999,0.4666666666666667,32105.533786737444
1187,2017-05-24,-0.0059643580364894255,0.009235276841806916,-0.007695959818065146,0.010328463284337008,0.0030879507038228393,-1.7384718531464838,-2.578161672835244,-2.3422414161907046,-3.7412580058382328,-5.899502444011306,-4.789780504628727,0.5714285714285714,0.6000000000000001,0.5384615384615384,0.6428571428571428,0.5999999999999999,0.5333333333333333,49743.109179724175
1188,2017-05-25,-0.005427537766926505,0.008760284005721264,-0.00742714742221906,0.01758593378772977,0.010293412027164495,-2.375056229752981,-3.2048308732394504,-3.320907978950949,-4.325623003686541,-6.534867124382593,-5.445434893230883,0.7142857142857143,0.6000000000000001,0.5384615384615384,0.6428571428571428,0.5999999999999999,0.6,49703.81954974727
1189,2017-05-26,-0.006246488500984748,0.0004731686362609011,-0.009842901387738023,0.013356354660976733,0.006094159542066491,-2.220064660187071,-3.365924375937712,-3.772213568088012,-4.497923981482743,-6.797345168899893,-5.73074734855421,0.8571428571428571,0.7000000000000002,0.6153846153846155,0.6428571428571428,0.5999999999999999,0.6,27242.04269380872
1190,2017-05-30,-0.0019910780127896377,0.0036977339177231006,-0.004361420267740335,0.005406977053442397,-0.0017982838474254192,-1.332809789220979,-2.7733010969292815,-3.4539274289339006,-3.8934564134212812,-6.327502554006292,-5.270060795972964,0.7142857142857143,0.7000000000000002,0.6153846153846155,0.6428571428571428,0.5999999999999999,0.6,30450.312880901558
1191,2017-05-31,-0.0017072939391066244,0.003130057858294455,-0.017357507350848955,0.006836239484694584,-0.00037923241872506175,-0.8888793160479413,-2.392924171774813,-3.2623790656329588,-3.4921634148839864,-5.998881162234804,-4.987777927487613,0.5714285714285714,0.6000000000000001,0.6153846153846155,0.5714285714285714,0.5333333333333332,0.5333333333333333,39185.18988902589
1192,2017-06-01,0.001135778492460382,0.007382848890054916,-0.004637936495259121,0.00931998316532634,0.002086679462277141,-0.6409312729742878,-2.281117949441791,-3.2772192955927038,-3.310121871021532,-5.886909906610116,-4.93277126502496,0.7142857142857143,0.6000000000000001,0.6923076923076923,0.6428571428571428,0.5999999999999999,0.6,39859.86058001211
1193,2017-06-02,-0.002642746653404693,0.007645163029122104,-0.007267550937259504,0.010078255088096455,0.0028395069025670683,-0.6094469825285831,-2.2045394538176777,-3.352880334911945,-3.2757994131170642,-5.828883709651578,-4.881814678768015,0.7142857142857143,0.7000000000000002,0.6923076923076923,0.6428571428571428,0.6666666666666665,0.6666666666666669,34947.561631389195
1194,2017-06-05,0.0036122149319073316,0.018726245781166773,-0.0005703232101802458,8.834430844761876e-05,-0.007078771903646475,0.2688768000177477,-1.3185761526903317,-2.4008688086191166,-2.5597492453868,-4.889421933109928,-3.8542389378067976,0.5714285714285714,0.6000000000000001,0.6923076923076923,0.5714285714285714,0.6666666666666665,0.6,41058.88710246827
1195,2017-06-06,0.0022955331718164107,0.009277799829427114,-0.0046868004394032825,0.0009949631141266124,-0.0061786903009086735,0.8280383888967124,-0.5540758577641913,-1.5704504983305112,-1.9577108009167565,-4.045636469370651,-2.9508127344109125,0.42857142857142855,0.6000000000000001,0.6153846153846155,0.5,0.5999999999999999,0.5333333333333333,36347.15773271666
1196,2017-06-07,0.007632122352775106,0.011399864527101622,-0.010240604574618839,-0.0028009529758374896,-0.00994739507789455,1.5443634220955182,0.6776428047002625,-0.39103764488901405,-0.9440089463920498,-2.8865068333008503,-1.7025277520127502,0.2857142857142857,0.6000000000000001,0.6153846153846155,0.5,0.5333333333333332,0.4666666666666667,49479.24249869109
1197,2017-06-08,-0.01428435359900293,0.0036186743430401958,-0.01428435359900293,0.02181420018309943,0.014491351001237662,0.031289029329517604,-0.4346530250291636,-1.5545013264111507,-2.265430998568674,-4.040696276115618,-2.7717091510457426,0.42857142857142855,0.6000000000000001,0.6923076923076923,0.5714285714285714,0.5999999999999999,0.5333333333333333,44273.830125229404
1198,2017-06-09,-0.007836121749171587,0.010385187129629658,-0.008402558693401785,0.015946602029748513,0.008665788724577128,-0.762026976417518,-1.0547002732070099,-2.150316072130498,-2.972926764878181,-4.649763179110488,-3.3032971660725607,0.5714285714285714,0.6000000000000001,0.6923076923076923,0.6428571428571428,0.5999999999999999,0.5333333333333333,36639.8617190495
1199,2017-06-12,-0.0014141793155462157,0.0026397473366646107,-0.01103043273310067,0.008644665800229268,0.0014161724851413648,-0.8458005856093243,-0.9400770785349732,-2.0606307036155957,-2.9566023548347697,-4.565299754489316,-3.123540308261641,0.5714285714285714,0.7000000000000002,0.6923076923076923,0.7142857142857142,0.6666666666666665,0.6,39288.14867540304
1200,2017-06-13,0.00406619385342788,0.008605238770685641,-0.002269484633569685,0.0041796187241562865,-0.003016840448297975,-0.5727802807511839,-0.497129517151329,-1.5373186781195591,-2.520770452380283,-4.013735368971938,-2.588855105529164,0.42857142857142855,0.6000000000000001,0.6923076923076923,0.6428571428571428,0.5999999999999999,0.6,33310.583924349885
1201,2017-06-14,0.010409741289368224,0.012224228939205828,-0.006876143700469295,-0.0026872773011907825,-0.009834516948897032,0.3478990357469458,0.5429963988825337,-0.45522553165739943,-1.3711341067514704,-2.778947207234461,-1.6134354615642499,0.42857142857142855,0.5,0.6153846153846155,0.6428571428571428,0.5333333333333332,0.6,39156.67394859779
1202,2017-06-15,-0.024436080367742807,0.002255610859857038,-0.024436080367742807,0.023474572020023787,0.016139799313377612,-0.9975827384018032,-0.9613303191542744,-1.854634954917489,-2.7107935379549253,-4.031451639485306,-3.1294291384729833,0.5714285714285714,0.5,0.6923076923076923,0.6428571428571428,0.5333333333333332,0.6,56146.555335572266
1203,2017-06-16,-0.0078066544201980115,0.002881096707826991,-0.011152379389449463,0.018577837741342584,0.011278174919012063,-1.5586811089179031,-1.9370656805805408,-2.6190442759174037,-3.522633713708445,-4.792216433287644,-4.079125687467922,0.7142857142857143,0.5,0.7692307692307693,0.7142857142857142,0.5999999999999999,0.6,68311.26892773734
1204,2017-06-19,0.004279458633909217,0.005116783051758889,-0.007628616757439977,0.006188569982199521,-0.0010222610215514516,-1.128346651833223,-1.7024854050507243,-2.197326242699771,-3.151457135742919,-4.367184282615144,-3.8419528997512775,0.5714285714285714,0.5,0.6923076923076923,0.7142857142857142,0.5999999999999999,0.6,40445.55392030057
1205,2017-06-20,0.009529119866132918,0.010650214773447297,-0.0011211042496159784,0.0030015834100241,-0.00418645398210693,-0.5632075745823362,-1.1818011299083109,-1.5810729388611056,-2.5214200497019057,-3.6897633625721404,-3.3031702511563066,0.42857142857142855,0.5,0.6153846153846155,0.6428571428571428,0.5999999999999999,0.5333333333333333,49644.92629254553
1206,2017-06-21,0.030540214259783482,0.031796665392899826,-0.003092674175193988,-0.026374504746723093,-0.033351975276932344,2.508659877262165,2.077202345581175,1.868952854099759,0.9274563149924253,-0.15624828887529363,0.08725425224422878,0.2857142857142857,0.39999999999999997,0.6153846153846155,0.5714285714285714,0.5999999999999999,0.5333333333333333,60635.89899838698
1207,2017-06-22,-0.0026001156625622412,0.007896841598491688,-0.0033705509772939957,0.010819890899782969,0.0035758339081901624,1.8806443977172238,1.5683508868708174,1.5156145589148018,0.6754942376598239,-0.350809758092252,-0.20608200463708704,0.42857142857142855,0.39999999999999997,0.6153846153846155,0.6428571428571428,0.5999999999999999,0.5333333333333333,35173.30798052034
1208,2017-06-23,-0.015464422097162367,0.0015367976031428476,-0.017385438311541157,0.009837216977506058,0.002600241086387234,1.5340872818385476,1.2301504111909,1.259652606195738,0.4723671877520097,-0.6163390483447051,-0.3353637866488568,0.5714285714285714,0.5,0.6153846153846155,0.6428571428571428,0.6666666666666665,0.5333333333333333,116124.25102175343
1209,2017-06-26,0.0039328920863308525,0.01323738129496399,-0.00776976498800952,0.008572635209900481,0.0013446957917095936,1.1031170027596904,1.0736544029541273,1.0885002499207541,0.4028773901312954,-0.7591644096742844,-0.3428576938424466,0.5714285714285714,0.6000000000000001,0.6153846153846155,0.7142857142857142,0.6666666666666665,0.5333333333333333,27410.99040767386
1210,2017-06-27,0.005484460694698212,0.012508447993841987,-0.002309227364572286,0.004126532039317343,-0.0030695180961707313,0.9099509237978864,1.4137227719156709,1.3204826221671295,0.8422535343514115,-0.42496843266930373,0.0893426680581344,0.42857142857142855,0.6000000000000001,0.5384615384615384,0.7142857142857142,0.6666666666666665,0.5333333333333333,32527.625036081976
1211,2017-06-28,-0.015030521795129759,0.0016909347587863444,-0.015875951598194882,0.03164028736372515,0.024247065383066424,-1.6184659452818773,-0.8904258594372272,-1.034244497966852,-1.3359733345654323,-2.688497272600643,-2.08790257819238,0.5714285714285714,0.6000000000000001,0.6153846153846155,0.7142857142857142,0.7333333333333332,0.6,38686.64787283179
1212,2017-06-29,0.007667531310749043,0.012589947108954336,-0.007856881937304938,-0.00044591050758635564,-0.007609242775700187,-1.0534394628948007,-0.14942667592464653,-0.2659500893746336,-0.470936309504677,-1.8603133522752335,-1.1943500721387168,0.5714285714285714,0.5,0.6153846153846155,0.6428571428571428,0.6666666666666665,0.6,33603.69550932124
1213,2017-06-30,-0.012655881375915445,0.0053973758179544085,-0.015168406990214156,0.024570938986094415,0.01722836167606201,-2.1988254674814356,-1.7481596488587159,-1.8748960315625007,-1.9847927320507996,-3.3906313238465158,-2.6957548484551896,0.7142857142857143,0.5,0.6153846153846155,0.7142857142857142,0.6666666666666665,0.6666666666666669,43565.9090225843
1214,2017-07-03,-0.004300261715431741,0.0081330746178081,-0.00458070482770212,0.0026254878063045606,-0.004559832324502855,-1.3328171629694907,-1.2166306755312384,-1.380005590351041,-1.4242990673691058,-2.82722930043402,-2.0828281795659542,0.5714285714285714,0.5,0.5384615384615384,0.6428571428571428,0.6666666666666665,0.6,22481.004090099992
1215,2017-07-05,-0.004558545065746489,0.0036282352521765926,-0.007814643368027618,0.012114470911477326,0.004861172052872176,-1.360924201054159,-1.5097757226877118,-1.7556459966539317,-1.783555341826637,-3.1178989347343977,-2.421754288117872,0.5714285714285714,0.6000000000000001,0.6153846153846155,0.6428571428571428,0.6666666666666665,0.6666666666666669,32407.59675148566
1216,2017-07-06,0.006759937907052205,0.012956501493634365,-0.0019716364290369714,-0.001964689303348921,-0.009117128760317672,-0.1502207015256718,-0.5961885696038283,-0.7640694874242127,-0.8299024572563707,-2.0729113483647366,-1.4120744592476697,0.42857142857142855,0.5,0.6153846153846155,0.5714285714285714,0.6666666666666665,0.6,27430.226599732858
1217,2017-07-07,-0.0028993360063476192,0.00617287703278846,-0.010007482416900193,0.011095401032671592,0.003849377951250732,-0.1336094315000258,-1.0227918254718693,-0.9927299725357441,-1.1680945718783087,-2.2802968562866566,-1.608944659026501,0.5714285714285714,0.5,0.6923076923076923,0.5714285714285714,0.7333333333333332,0.6666666666666669,25886.579982932657
1218,2017-07-10,-0.010292962177038678,0.00602746684078137,-0.014836777256556966,0.01588489262579551,0.00860456608435567,-0.8014506152422607,-1.8439998304188632,-1.7124121986693996,-1.9327560689696544,-2.925187520992445,-2.2464482087020676,0.5714285714285714,0.6000000000000001,0.6923076923076923,0.6428571428571428,0.7333333333333332,0.7333333333333333,27368.251757019723
1219,2017-07-11,-0.003048725111765016,0.002124935368162051,-0.01099404122309755,0.010954208350082206,0.003709185828610906,-0.8248839510225592,-2.127544269328574,-1.973565860905968,-2.202444429721806,-3.1105893469624113,-2.4543316419392003,0.7142857142857143,0.7000000000000002,0.6923076923076923,0.7142857142857142,0.7333333333333332,0.7333333333333333,23649.222166485997
1220,2017-07-12,-0.0003671163763501184,0.009544796343105677,-0.0011013491290505772,0.013918157783644913,0.0066519210557507424,-1.2835651493966482,-2.4143861004222056,-2.495018604278043,-2.740194034190113,-3.5766737293874695,-2.924009671017014,0.7142857142857143,0.8000000000000003,0.6923076923076923,0.7142857142857142,0.7999999999999998,0.7333333333333333,33145.10896793419
1221,2017-07-13,0.0038720198776434067,0.007190919081857539,-0.004609569423715598,0.0026887161922106717,-0.004497059312859375,-0.640073128747165,-1.6686648797029524,-1.9351422775834792,-2.217862659548797,-2.970758825938369,-2.3579933927046715,0.7142857142857143,0.7000000000000002,0.6923076923076923,0.6428571428571428,0.7333333333333332,0.7333333333333333,28127.514537397303
1222,2017-07-14,-0.002022561423808855,0.005424326710241623,-0.00661941730126181,0.010003904630446092,0.002765685494785286,-0.7460007147877756,-1.6338496952730597,-2.0278659236167673,-2.370331748168253,-3.0993709722353158,-2.5006852124277668,0.7142857142857143,0.7000000000000002,0.7692307692307693,0.7142857142857142,0.7333333333333332,0.7333333333333333,41188.667404330256
1223,2017-07-17,-0.007717714359342653,0.004961420616002243,-0.00790144277476823,0.007866451652679629,0.000643612205348365,-0.5040182796016146,-1.3958900736924629,-1.9841278581270383,-2.29235680189972,-3.019505048702753,-2.4631182867767443,0.8571428571428571,0.7000000000000002,0.7692307692307693,0.7857142857142856,0.7333333333333332,0.7999999999999999,27282.168955647518
1224,2017-07-18,0.010740646306154789,0.010740646306154789,-0.004669842159334969,-0.009161558563049343,-0.009161558563049343,0.5381974409265133,-0.2250062709308942,-1.0671230214323368,-1.2454346288809703,-1.952733859024136,-1.503434575511342,0.7142857142857143,0.7000000000000002,0.6923076923076923,0.7857142857142856,0.6666666666666665,0.7999999999999999,37212.03819930887
1225,2017-07-19,-0.0050996292090798034,0.001390839154211232,-0.006583208281561559,0.0072849350891941445,0.0072849350891941445,-0.08522604304015413,-0.8033577869355768,-1.7327229056115612,-1.8406856424526108,-2.4775364390827392,-2.1327118747704765,0.7142857142857143,0.7000000000000002,0.7692307692307693,0.7857142857142856,0.7333333333333332,0.7999999999999999,26497.841474248336
1226,2017-07-20,0.005218011554230406,0.007733898620946755,-0.0024226798360045265,-0.004914214277500606,-0.004914214277500606,0.38899393003568594,-0.15127349448909033,-1.2009704843547575,-1.2840769594270718,-1.8711505422146502,-1.5789640594217613,0.5714285714285714,0.7000000000000002,0.7692307692307693,0.7142857142857142,0.7333333333333332,0.7333333333333333,35031.612746925086
1227,2017-07-21,0.0011258373628233453,0.0033774370345223126,-0.013884933441596137,-0.006802124487513939,-0.006802124487513939,0.8635444549599081,0.5258674959112808,-0.35181167247538836,-0.5651071741157865,-1.0866686284696558,-0.8594152011896394,0.42857142857142855,0.6000000000000001,0.7692307692307693,0.6428571428571428,0.6666666666666665,0.7333333333333333,39947.401911939276
1228,2017-07-24,-0.002958023664263343,0.002958032908116026,-0.008227019781845146,0.014917009660081026,0.014917009660081026,-0.5545669915220652,-0.8211278821012691,-1.592620148077728,-1.921334482212178,-2.4239860153712156,-2.2376096981221894,0.5714285714285714,0.7000000000000002,0.7692307692307693,0.7142857142857142,0.6666666666666665,0.7333333333333333,55280.93751155481
1229,2017-07-25,-0.01134977290597372,0.0030556835773032365,-0.023921756382733084,0.058790913292660285,0.058790913292660285,-5.259549206993386,-5.840494348969216,-6.5921966797059195,-7.037392115964803,-7.606416074345102,-7.414221617027672,0.5714285714285714,0.7000000000000002,0.7692307692307693,0.7857142857142856,0.7333333333333332,0.7333333333333333,124537.15152315216
1230,2017-07-26,0.0064306115159604715,0.008985236319201118,-0.003875925049575235,-0.008905220805786485,-0.008905220805786485,-3.7211803812352673,-4.5053405877028,-5.332710802359464,-5.954110981118921,-6.582174638694682,-6.337696205944365,0.42857142857142855,0.7000000000000002,0.6923076923076923,0.7142857142857142,0.7333333333333332,0.6666666666666669,50573.3494690191
1231,2017-07-27,-0.005683325897962943,0.00017483605382095924,-0.009792803800136252,0.00748772042338941,0.00748772042338941,-3.524903541109703,-4.701926643175081,-5.5705943321186275,-6.417580303564652,-7.079374400546012,-6.743969695320495,0.5714285714285714,0.7000000000000002,0.7692307692307693,0.7142857142857142,0.7999999999999998,0.6666666666666669,48818.61924928865
1232,2017-07-28,0.0030674759521029937,0.007011428694328359,-0.0054337862477438215,-0.0023608025961142642,-0.0023608025961142642,-2.5140843059937135,-4.036146621392334,-4.996030720684974,-5.965117326294777,-6.663631246555868,-6.27682532599918,0.42857142857142855,0.6000000000000001,0.6923076923076923,0.7142857142857142,0.7333333333333332,0.6666666666666669,41230.37670870073
1233,2017-07-31,0.004826704822116001,0.006230864578258943,-0.0022816586822725915,-0.0013146450712471225,-0.0013146450712471225,-1.55456495034898,-3.503271451850698,-4.4920621755573436,-5.600715874901308,-6.346955389731579,-5.9330761168364665,0.42857142857142855,0.5,0.6923076923076923,0.7142857142857142,0.6666666666666665,0.6666666666666669,39289.91810331509
1234,2017-08-01,0.01034481892740624,0.011759522754368312,-0.005128214060622693,-0.007459403443424328,-0.007459403443424328,0.007579638886090478,-2.467275653078005,-3.5043876667021467,-4.563753743706645,-5.470334693172529,-5.029323923721785,0.42857142857142855,0.39999999999999997,0.6153846153846155,0.7142857142857142,0.5999999999999999,0.6,32569.292353143985
1235,2017-08-02,0.0005306039625290193,0.004332885465837322,-0.008842515123972605,-8.84350148264712e-05,-8.84350148264712e-05,0.6366633627156171,-2.117748770633976,-3.20587794352315,-4.239693062050975,-5.295665628654755,-4.816337600719334,0.2857142857142857,0.39999999999999997,0.6153846153846155,0.6428571428571428,0.5999999999999999,0.5333333333333333,25028.62330991682
1236,2017-08-03,-0.0062522015895067895,0.001408973254825252,-0.0062522015895067895,0.0041559997932973936,0.0041559997932973936,0.09686522084753069,-2.1725452000397882,-3.3196544052338517,-4.315361401669415,-5.496541195279503,-4.968739759425289,0.2857142857142857,0.39999999999999997,0.6153846153846155,0.6428571428571428,0.6666666666666665,0.6,21475.752755842776
1237,2017-08-04,-0.004110196836208058,0.0025360822481168555,-0.007870581685537115,0.0069566750080429784,0.0069566750080429784,-0.4909735859499387,-2.4554933279741453,-3.6293122004002365,-4.637628134083083,-5.929776521144625,-5.407583603855537,0.42857142857142855,0.39999999999999997,0.6923076923076923,0.6428571428571428,0.6666666666666665,0.6666666666666669,23015.178802206887
1238,2017-08-07,-0.0020050213756866997,0.0024409293212530603,-0.003574195829257998,0.003148237921263508,0.003148237921263508,-0.7609261931659783,-2.2858890942391685,-3.576566362009337,-4.578091126750239,-5.97713516715851,-5.508149219219938,0.42857142857142855,0.5,0.6923076923076923,0.7142857142857142,0.6666666666666665,0.7333333333333333,19782.80280519399
1239,2017-08-08,0.001573219069199494,0.007341980339411469,-0.0019229262504002476,-0.0026152471677730604,-0.0026152471677730604,-0.46200230632180705,-1.6201175030113535,-3.01811465301417,-4.055591090243693,-5.519315530351376,-5.068332286247079,0.42857142857142855,0.39999999999999997,0.6153846153846155,0.6428571428571428,0.6666666666666665,0.6666666666666669,22734.774049968568
1240,2017-08-09,0.00043731853900008666,0.00979537379028761,-0.002011500857495241,-0.0006119045324043393,-0.0006119045324043393,-0.35233053032964756,-1.1213400902040482,-2.672383086567287,-3.7014532205211115,-5.270326987475715,-4.808625846025039,0.42857142857142855,0.39999999999999997,0.5384615384615384,0.6428571428571428,0.6666666666666665,0.6,27724.20649729601
1241,2017-08-10,0.0065399645330983525,0.008661025034714553,-0.0025629783020242325,-0.01040750429972026,-0.01040750429972026,0.7019732216051677,0.33267842351176746,-1.4395942341758894,-2.4847804307973953,-4.1090827925082785,-3.5443490062232352,0.42857142857142855,0.39999999999999997,0.46153846153846156,0.5714285714285714,0.6666666666666665,0.5333333333333333,28162.499281246146
1242,2017-08-11,0.0019495082312717127,0.007266282804896607,-0.0008861143267365756,-0.002651383072887592,-0.002651383072887592,0.9393011116529237,0.8949941927082872,-0.9599547398857045,-2.015194193572667,-3.688375300087232,-3.0409715331015774,0.42857142857142855,0.3000000000000001,0.46153846153846156,0.5714285714285714,0.5999999999999999,0.5333333333333333,18876.27104789138
1243,2017-08-14,-0.002198575342525544,0.005804274081472771,-0.003869510191447545,0.007620744485967945,0.007620744485967945,0.19473133580802937,0.07977668826519846,-1.4694860069513593,-2.5367101684196314,-4.212628632764714,-3.5143210731563346,0.42857142857142855,0.3000000000000001,0.46153846153846156,0.5714285714285714,0.5999999999999999,0.6,16874.38489908878
1244,2017-08-15,0.003079612792263653,0.005103396302623908,-0.0029036691086024025,-0.0005276316993019226,-0.0005276316993019226,0.15963622370069874,0.1407805895657921,-1.1832510633329019,-2.236898489954653,-3.9942002732883175,-3.2082885740481015,0.2857142857142857,0.3000000000000001,0.3846153846153847,0.5714285714285714,0.5333333333333332,0.5333333333333333,24871.854819659395
1245,2017-08-16,-0.0027164825784310453,0.0034174464576557373,-0.004293778365918821,0.004135512465718971,0.004135512465718971,-0.3267258689333974,-0.2872949451289464,-1.2960492373729093,-2.3902271729072555,-4.237479317109294,-3.3331560137245697,0.2857142857142857,0.3000000000000001,0.46153846153846156,0.5714285714285714,0.5999999999999999,0.5333333333333333,19878.074135671028
1246,2017-08-17,0.007601210956347915,0.010871522104220599,0.0,-0.008587486630192154,-0.008587486630192154,0.3762728890046363,0.5157960473882728,-0.21843965108009344,-1.353046048475115,-3.2728854974160226,-2.3076317282676673,0.2857142857142857,0.3000000000000001,0.3846153846153847,0.5,0.5333333333333332,0.5333333333333333,25676.037525870935
1247,2017-08-18,-0.00816362373882773,0.006320233608150039,-0.010797015638992602,0.006894104710041704,0.006894104710041704,-0.36366184928178225,-0.17430665936031264,-0.6257514154801913,-1.8260836245550527,-3.7753404471660756,-2.749869681102246,0.42857142857142855,0.39999999999999997,0.46153846153846156,0.5,0.5999999999999999,0.6,34020.24357481115
1248,2017-08-21,0.0013204401640922736,0.004313362751995786,-0.0029049384314249194,-0.0028089888133601137,-0.0028089888133601137,-0.02640706786933844,0.13833111410541665,-0.051977448936546544,-1.3791129518455403,-3.2764280632167853,-2.302130121013357,0.42857142857142855,0.39999999999999997,0.46153846153846156,0.42857142857142855,0.5333333333333332,0.6,27616.95823271053
1249,2017-08-22,-0.013900889310999753,0.00034537212916596616,-0.015714039026074933,0.019542271470814665,0.019542271470814665,-1.576337790167015,-1.6127245479438557,-1.6536339640328523,-3.018832486370482,-4.868820295861386,-3.9375425413819443,0.5714285714285714,0.5,0.46153846153846156,0.5,0.5999999999999999,0.6,33508.75651873597
1250,2017-08-23,0.002178649237472685,0.005490169934640576,0.0,-0.009238473493351718,-0.009238473493351718,-0.5291005291005346,-0.6212265172735765,-0.727877041186864,-1.9041401805166447,-3.745507646021373,-2.8418508558979205,0.42857142857142855,0.39999999999999997,0.3846153846153847,0.42857142857142855,0.5333333333333332,0.5333333333333333,21328.847494553378
1251,2017-08-24,0.0019167189572810717,0.0023523610590030497,-0.0033978045251594757,0.00026142919389982033,0.00026142919389982033,-0.4144569772001061,-0.6204409109888287,-0.7015488905204093,-1.7206829052408223,-3.5367368109059494,-2.642384136729514,0.5714285714285714,0.39999999999999997,0.46153846153846156,0.42857142857142855,0.5999999999999999,0.5333333333333333,16214.368672376448
1252,2017-08-25,0.0010403381194683536,0.011183363869672558,-0.0017338188423722256,0.004966013285990778,0.004966013285990778,-0.754225537877462,-1.0718915288952635,-1.1517732154207594,-1.9499650161613702,-3.762312282707736,-2.8956894179697157,0.5714285714285714,0.39999999999999997,0.46153846153846156,0.5,0.5999999999999999,0.6,28453.270107572953
1253,2017-08-28,0.0059963674285217206,0.008603441383505661,-0.0035630138176760973,-0.0024273775886844984,-0.0024273775886844984,-0.27312654409117343,-0.7902027337396977,-0.8711061176012946,-1.4872941625594382,-3.333994421614994,-2.460699723149873,0.5714285714285714,0.39999999999999997,0.46153846153846156,0.42857142857142855,0.5333333333333332,0.5333333333333333,17475.318762492396
1254,2017-08-29,-0.01405055574432279,0.005085733900771716,-0.014740099737262313,0.008168958025549733,0.008168958025549733,-0.8238226858109265,-1.4912525756676787,-1.5897666593724602,-2.0179933955793206,-3.888887980373912,-3.040570661928177,0.5714285714285714,0.5,0.5384615384615384,0.5,0.5333333333333332,0.6,37544.90056812515
1255,2017-08-30,-0.012165035844363237,0.0011909740231992316,-0.014206771223987169,0.013274726087842081,0.013274726087842081,-1.643072085429298,-2.514434097583884,-2.6987530858109343,-2.968648462852741,-4.928052496215473,-4.083052286875988,0.7142857142857143,0.6000000000000001,0.6153846153846155,0.5714285714285714,0.5333333333333332,0.6,28931.368466209227
1256,2017-08-31,0.003915218383100161,0.01140526021627819,-0.0011915907939670234,-0.0005104636194692702,-0.0005104636194692702,-1.3897822543644467,-2.182554965839978,-2.470725574930588,-2.6360894384996336,-4.650772343475007,-3.79581150145466,0.5714285714285714,0.6000000000000001,0.6153846153846155,0.5,0.5333333333333332,0.6,28577.602920735433
1257,2017-09-01,-0.006679075132559054,0.004565446436975318,-0.007439947644909961,0.0067239851344622625,0.0067239851344622625,-1.6220583257094634,-2.5599055122461634,-2.9321056015484848,-3.1734622109935606,-5.054909982025335,-4.189815727002177,0.7142857142857143,0.6000000000000001,0.6153846153846155,0.5,0.5333333333333332,0.6,25194.299502834794
